VendorID,tpep_pickup_datetime,tpep_dropoff_datetime,passenger_count,trip_distance,RatecodeID,store_and_fwd_flag,PULocationID,DOLocationID,payment_type,fare_amount,extra,mta_tax,tip_amount,tolls_amount,improvement_surcharge,total_amount,congestion_surcharge
1,2023-01-29 12:13:21,2023-01-29 12:35:49,2,2.56,1,N,117,73,2,15.74,0.5,0.5,1.76,0.0,0.3,20.8,2.5
2,2023-01-26 05:20:50,2023-01-26 05:28:03,5,1.09,1,N,170,224,2,7.92,1.0,0.5,0.0,0.0,0.3,8.72,0.0
2,2023-01-20 08:51:42,2023-01-20 10:07:07,2,10.12,1,N,129,17,1,47.13,0.5,0.5,12.12,4.36,0.3,64.41,0.0
1,2023-01-10 17:06:10,2023-01-10 17:37:10,1,9.36,1,N,63,202,2,33.66,0.5,0.5,5.52,0.0,0.3,39.98,0.0
2,2023-01-21 19:06:59,2023-01-21 19:11:29,4,0.49,1,N,224,162,3,5.1,0.5,0.5,1.35,0.0,0.3,7.25,0.0
1,2023-01-18 19:18:07,2023-01-18 19:45:31,1,2.67,1,N,223,67,1,17.13,0.0,0.5,1.74,0.0,0.3,19.67,0.0
2,2023-01-29 16:36:16,2023-01-29 16:54:41,1,3.97,2,N,7,76,1,17.87,0.0,0.5,3.29,0.0,0.3,21.96,0.0
2,2023-01-08 06:48:43,2023-01-08 07:08:08,1,3.26,1,N,121,129,2,15.91,0.5,0.5,2.01,0.0,0.3,21.22,2.5
1,2023-01-01 01:33:31,2023-01-01 02:18:55,2,7.29,1,N,186,117,1,33.46,0.5,0.5,5.25,0.0,0.3,39.51,0.0
2,2023-01-04 19:29:26,2023-01-04 19:58:17,1,6.24,1,N,170,161,1,25.74,0.5,0.5,2.68,0.0,0.3,31.72,2.5
1,2023-01-06 16:52:55,2023-01-06 17:08:23,1,2.85,1,N,202,7,2,14.49,0.5,0.5,0.0,0.0,0.3,15.29,0.0
1,2023-01-21 19:10:47,2023-01-21 20:25:58,1,12.91,1,N,53,121,2,54.18,0.0,0.5,12.37,0.0,0.3,69.85,2.5
1,2023-01-05 08:54:57,2023-01-05 09:41:01,1,4.72,1,N,25,102,1,27.29,0.0,0.5,5.94,0.0,0.3,36.53,2.5
2,2023-01-05 13:18:16,2023-01-05 13:37:40,2,1.8,5,N,101,232,1,12.73,0.0,0.5,0.0,0.0,0.3,13.53,0.0
2,2023-01-13 21:16:51,2023-01-13 21:28:25,1,1.55,1,N,170,224,1,9.79,0.5,0.5,2.57,12.58,0.3,25.74,0.0
1,2023-01-25 08:57:12,2023-01-25 09:48:31,2,5.94,1,N,261,76,2,30.59,0.5,0.5,0.0,0.0,0.3,33.89,2.5
1,2023-01-14 06:38:48,2023-01-14 06:45:27,1,1.29,1,N,236,78,2,7.88,0.0,0.5,1.26,0.0,0.3,12.44,2.5
1,2023-01-09 18:25:32,2023-01-09 18:45:01,4,1.72,1,N,163,101,2,11.81,0.0,0.5,2.05,0.0,0.3,17.16,2.5
2,2023-01-09 17:19:35,2023-01-09 17:32:48,1,1.95,1,N,101,72,1,10.5,0.0,0.5,1.6,0.0,0.3,12.9,0.0
1,2023-01-26 22:26:06,2023-01-26 22:44:44,1,3.05,1,N,29,110,2,15.44,0.5,0.5,3.85,0.0,0.3,22.59,2.5
2,2023-01-14 21:47:52,2023-01-14 21:59:36,1,2.02,1,N,7,223,2,10.72,1.0,0.5,2.03,0.0,0.3,16.05,2.5
1,2023-01-12 19:09:16,2023-01-12 19:13:32,5,0.87,1,N,202,17,1,5.98,1.0,0.5,0.0,1.09,0.3,7.87,0.0
2,2023-01-24 01:10:35,2023-01-24 01:46:47,2,5.59,1,N,167,186,1,25.98,0.5,0.5,3.54,0.0,0.3,32.82,2.5
1,2023-01-12 14:18:09,2023-01-12 14:30:54,1,1.73,1,N,86,132,1,10.54,0.5,0.5,1.62,8.73,0.3,24.19,2.5
1,2023-01-12 21:28:55,2023-01-12 22:06:51,1,10.64,1,N,117,129,1,39.09,0.5,0.5,6.75,0.0,0.3,46.64,0.0
2,2023-01-24 13:48:19,2023-01-24 14:07:18,1,2.94,1,N,232,132,1,15.97,0.5,0.5,3.3,0.0,0.3,20.07,0.0
2,2023-01-11 22:12:45,2023-01-11 22:32:56,1,6.05,1,N,128,186,1,23.5,1.0,0.5,0.0,0.0,0.3,26.8,2.5
2,2023-01-16 18:47:45,2023-01-16 19:12:05,2,3.76,1,N,162,158,1,19.54,0.0,0.5,2.88,0.0,0.3,25.72,2.5
2,2023-01-21 07:54:33,2023-01-21 08:30:39,1,6.27,1,N,186,53,1,27.48,0.5,0.5,0.0,11.97,0.3,40.25,0.0
1,2023-01-07 15:26:07,2023-01-07 15:47:46,1,3.59,1,N,89,100,1,17.78,1.0,0.5,1.85,14.69,0.3,37.62,2.5
2,2023-01-04 18:57:16,2023-01-04 19:11:53,2,2.79,1,N,72,234,2,13.44,0.5,0.5,2.25,0.0,0.3,18.99,2.5
1,2023-01-27 06:53:36,2023-01-27 07:29:14,1,5.31,1,N,167,128,1,24.9,0.5,0.5,5.52,0.0,0.3,33.72,2.5
1,2023-01-10 12:47:32,2023-01-10 14:10:50,1,15.1,1,N,45,224,2,62.65,1.0,0.5,17.13,0.0,0.3,83.08,2.5
1,2023-01-11 18:22:35,2023-01-11 18:28:41,1,1.91,1,N,202,161,1,8.92,0.5,0.5,2.08,0.0,0.3,11.8,0.0
2,2023-01-19 08:18:14,2023-01-19 08:34:33,3,4.25,1,N,128,100,2,16.59,1.0,0.5,2.01,0.0,0.3,19.4,0.0
1,2023-01-04 12:51:32,2023-01-04 13:00:27,3,2.33,1,N,232,120,2,10.7,0.0,0.5,2.78,0.0,0.3,14.28,0.0
2,2023-01-02 18:26:05,2023-01-02 18:58:40,2,3.42,1,N,186,102,2,18.69,0.5,0.5,4.69,11.41,0.3,38.09,2.5
2,2023-01-13 19:01:29,2023-01-13 19:23:04,3,2.41,5,N,246,87,2,13.95,0.0,0.5,1.87,0.0,0.3,19.12,2.5
2,2023-01-31 15:43:05,2023-01-31 15:45:30,1,0.46,1,N,261,261,1,4.33,0.5,0.5,0.0,0.0,0.3,7.63,2.5
2,2023-01-18 22:20:39,2023-01-18 22:29:13,1,2.01,1,N,76,158,1,10.19,0.0,0.5,2.33,0.0,0.3,13.32,0.0
1,2023-01-18 21:56:34,2023-01-18 22:31:04,1,4.95,1,N,170,170,2,22.98,0.5,0.5,5.54,0.0,0.3,31.82,2.5
2,2023-01-19 14:51:51,2023-01-19 15:01:41,1,1.32,1,N,101,158,1,9.36,0.5,0.5,0.0,0.0,0.3,10.16,0.0
2,2023-01-27 08:06:27,2023-01-27 08:22:11,3,4.67,1,N,36,114,1,17.67,0.5,0.5,2.41,0.0,0.3,23.38,2.5
1,2023-01-26 19:54:09,2023-01-26 20:06:00,1,2.69,1,N,45,1,1,12.63,1.0,0.5,3.08,0.0,0.3,19.01,2.5
1,2023-01-01 09:56:14,2023-01-01 10:04:00,1,2.03,1,N,101,54,1,9.86,1.0,0.5,0.0,0.0,0.3,13.16,2.5
1,2023-01-17 20:45:48,2023-01-17 21:17:03,1,4.62,1,N,73,103,2,22.78,0.5,0.5,6.24,0.0,0.3,32.32,2.5
1,2023-01-17 16:16:57,2023-01-17 16:44:08,3,3.9,1,N,114,114,2,19.72,0.5,0.5,2.52,0.0,0.3,25.54,2.5
2,2023-01-07 13:40:03,2023-01-07 13:52:51,3,3.21,1,N,87,224,1,14.82,0.0,0.5,0.0,12.9,0.3,31.02,2.5
2,2023-01-31 16:52:40,2023-01-31 17:24:20,2,5.01,3,N,89,53,1,23.26,0.5,0.5,5.41,0.0,0.3,31.97,2.5
2,2023-01-09 15:48:28,2023-01-09 16:08:05,1,2.72,1,N,186,120,2,14.48,0.0,0.5,2.94,0.0,0.3,20.72,2.5
2,2023-01-26 21:25:15,2023-01-26 21:30:45,4,0.68,1,N,232,45,2,6.28,0.5,0.5,1.12,3.61,0.3,14.31,2.5
1,2023-01-04 09:42:30,2023-01-04 09:54:43,3,1.76,1,N,161,151,1,10.97,0.0,0.5,0.0,0.0,0.3,11.77,0.0
2,2023-01-19 21:23:56,2023-01-19 21:26:23,2,0.6,1,N,121,129,1,5.53,0.5,0.5,1.28,0.0,0.3,7.61,0.0
1,2023-01-23 03:15:11,2023-01-23 03:54:04,2,3.83,1,N,76,129,2,22.46,0.5,0.5,4.58,1.55,0.3,31.89,2.5
1,2023-01-16 19:40:50,2023-01-16 20:01:28,1,4.58,1,N,36,161,1,19.73,0.0,0.5,3.11,0.0,0.3,26.14,2.5
2,2023-01-04 21:27:05,2023-01-04 22:02:34,2,4.74,1,N,117,162,1,23.71,0.0,0.5,5.01,0.0,0.3,29.52,0.0
2,2023-01-04 13:13:43,2023-01-04 13:34:39,4,3.38,3,N,128,186,1,16.89,0.5,0.5,0.0,0.0,0.3,17.69,0.0
1,2023-01-19 06:39:04,2023-01-19 07:08:20,1,4.84,1,N,17,17,2,23.44,0.0,0.5,0.0,0.0,0.3,24.24,0.0
2,2023-01-27 20:19:03,2023-01-27 20:23:31,1,0.72,1,N,186,73,1,5.8,0.5,0.5,1.26,0.0,0.3,10.36,2.5
2,2023-01-19 20:35:02,2023-01-19 20:48:49,1,2.16,1,N,224,132,1,11.66,1.0,0.5,2.21,0.0,0.3,14.67,0.0
1,2023-01-04 11:21:48,2023-01-04 11:27:17,6,0.81,1,N,76,29,1,6.18,0.5,0.5,0.64,0.0,0.3,7.62,0.0
2,2023-01-25 15:53:34,2023-01-25 16:06:17,1,1.79,1,N,128,113,2,10.85,0.0,0.5,0.0,0.0,0.3,14.15,2.5
1,2023-01-15 20:51:41,2023-01-15 21:18:55,5,7.86,1,N,236,186,1,28.4,0.5,0.5,4.56,0.0,0.3,36.26,2.5
1,2023-01-03 08:28:09,2023-01-03 08:58:14,2,5.31,1,N,7,96,1,23.73,0.5,0.5,4.94,0.0,0.3,29.47,0.0
2,2023-01-12 17:42:55,2023-01-12 18:05:58,1,3.84,1,N,29,79,1,18.8,0.5,0.5,4.56,0.0,0.3,24.16,0.0
1,2023-01-07 13:10:48,2023-01-07 13:25:42,2,2.04,1,N,236,132,1,11.57,0.5,0.5,3.16,0.0,0.3,18.03,2.5
2,2023-01-31 08:59:29,2023-01-31 09:06:53,1,1.11,1,N,236,246,2,7.72,0.5,0.5,1.61,0.0,0.3,10.13,0.0
2,2023-01-29 20:12:53,2023-01-29 20:32:31,1,2.69,6,N,87,261,1,15.69,0.5,0.5,3.63,0.0,0.3,22.62,2.5
1,2023-01-04 11:52:08,2023-01-04 12:15:08,1,5.38,1,N,161,170,1,22.37,0.5,0.5,4.74,0.0,0.3,27.91,0.0
1,2023-01-18 22:50:17,2023-01-18 23:14:30,2,3.18,1,N,170,186,1,15.89,0.5,0.5,2.82,0.0,0.3,22.01,2.5
2,2023-01-01 16:10:02,2023-01-01 16:19:34,1,0.71,1,N,261,53,1,6.45,0.0,0.5,1.35,0.0,0.3,11.1,2.5
1,2023-01-15 15:00:09,2023-01-15 15:14:18,1,2.53,6,N,113,158,1,12.74,0.5,0.5,2.19,0.0,0.3,18.23,2.5
2,2023-01-05 13:44:50,2023-01-05 13:48:23,3,0.56,1,N,129,76,2,4.89,1.0,0.5,0.89,3.46,0.3,12.54,2.5
1,2023-01-24 13:52:24,2023-01-24 14:22:59,1,4.28,1,N,261,103,1,21.4,0.5,0.5,5.65,0.0,0.3,27.85,0.0
2,2023-01-03 20:42:38,2023-01-03 20:48:15,4,1.39,1,N,162,128,1,7.73,0.0,0.5,1.56,0.0,0.3,10.09,0.0
1,2023-01-28 18:03:52,2023-01-28 18:18:54,1,0.93,1,N,237,89,1,9.67,0.5,0.5,0.0,0.0,0.3,12.97,2.5
1,2023-01-08 19:38:45,2023-01-08 19:52:19,2,4.32,1,N,87,29,2,16.65,1.0,0.5,3.23,0.0,0.3,23.18,2.5
2,2023-01-09 13:23:23,2023-01-09 13:37:01,1,3.56,1,N,76,202,2,15.21,0.0,0.5,4.13,0.0,0.3,22.64,2.5
1,2023-01-28 10:54:20,2023-01-28 11:14:36,1,2.79,1,N,236,163,3,15.15,0.5,0.5,0.0,0.0,0.3,18.45,2.5
1,2023-01-28 07:48:06,2023-01-28 09:10:20,2,12.11,1,N,117,129,1,54.01,0.0,0.5,14.84,6.35,0.3,78.5,2.5
2,2023-01-03 19:47:49,2023-01-03 20:05:37,4,3.77,1,N,76,232,2,16.95,1.0,0.5,4.71,0.0,0.3,24.96,2.5
2,2023-01-04 13:24:59,2023-01-04 13:31:43,1,1.44,1,N,113,162,1,7.08,0.0,0.5,1.42,0.0,0.3,11.8,2.5
1,2023-01-27 15:19:30,2023-01-27 15:44:37,1,3.45,1,N,73,79,1,17.95,0.5,0.5,2.87,0.0,0.3,21.62,0.0
2,2023-01-31 14:49:29,2023-01-31 15:09:28,2,1.89,1,N,100,261,2,12.65,0.5,0.5,1.28,0.0,0.3,14.73,0.0
1,2023-01-16 13:06:50,2023-01-16 13:22:20,4,6.05,1,N,161,121,2,22.43,0.5,0.5,2.31,0.0,0.3,28.04,2.5
1,2023-01-06 18:06:20,2023-01-06 18:17:49,2,2.89,2,N,163,121,2,13.46,1.0,0.5,2.29,0.0,0.3,16.55,0.0
1,2023-01-05 17:03:24,2023-01-05 17:20:09,1,3.11,1,N,54,247,1,15.09,1.0,0.5,3.64,0.0,0.3,22.03,2.5
2,2023-01-09 23:30:53,2023-01-09 23:35:06,1,0.79,3,N,128,234,1,6.19,0.5,0.5,1.67,0.0,0.3,8.66,0.0
1,2023-01-22 08:04:22,2023-01-22 08:15:26,4,2.45,1,N,100,79,1,12.57,0.5,0.5,1.61,0.0,0.3,17.48,2.5
1,2023-01-03 16:34:55,2023-01-03 16:44:35,1,2.24,3,N,247,170,1,11.59,0.5,0.5,2.18,0.0,0.3,17.07,2.5
1,2023-01-20 06:10:09,2023-01-20 06:23:55,1,1.09,1,N,186,161,1,9.31,0.0,0.5,1.77,0.0,0.3,14.38,2.5
2,2023-01-25 20:53:29,2023-01-25 21:06:25,2,1.98,1,N,63,224,2,12.26,0.5,0.5,2.07,14.21,0.3,29.34,0.0
2,2023-01-05 17:25:29,2023-01-05 17:47:31,1,3.24,1,N,170,97,1,16.3,0.0,0.5,3.21,0.0,0.3,20.31,0.0
1,2023-01-31 13:05:18,2023-01-31 13:19:28,1,2.33,1,N,114,114,1,11.78,0.0,0.5,3.14,0.0,0.3,15.72,0.0
1,2023-01-31 19:41:57,2023-01-31 19:45:24,2,0.81,1,N,87,167,1,5.88,0.5,0.5,0.0,0.0,0.3,6.68,0.0
2,2023-01-10 14:20:28,2023-01-10 14:42:02,4,1.91,1,N,29,202,1,12.98,0.5,0.5,1.62,2.47,0.3,17.87,0.0
2,2023-01-04 09:15:52,2023-01-04 09:31:37,3,1.65,1,N,202,163,1,9.83,0.0,0.5,0.0,0.0,0.3,10.63,0.0
2,2023-01-11 14:39:13,2023-01-11 14:59:18,1,2.71,2,N,163,151,2,14.47,1.0,0.5,1.53,0.0,0.3,19.3,2.5
2,2023-01-09 06:57:20,2023-01-09 07:10:46,3,2.49,1,N,224,25,2,12.76,0.0,0.5,0.0,0.0,0.3,16.06,2.5
2,2023-01-09 21:58:28,2023-01-09 22:05:38,2,1.72,1,N,96,186,1,9.06,0.0,0.5,2.44,0.0,0.3,12.3,0.0
1,2023-01-29 19:26:33,2023-01-29 19:31:41,1,1.67,1,N,102,97,1,8.07,0.5,0.5,0.94,15.8,0.3,25.61,0.0
1,2023-01-05 19:50:13,2023-01-05 20:05:54,1,2.46,1,N,36,232,1,13.09,1.0,0.5,0.0,0.0,0.3,16.39,2.5
1,2023-01-10 21:12:18,2023-01-10 21:32:24,5,4.82,1,N,237,120,1,20.14,1.0,0.5,0.0,0.0,0.3,20.94,0.0
1,2023-01-25 19:50:37,2023-01-25 20:03:11,1,2.88,1,N,167,63,2,13.7,0.5,0.5,0.0,0.0,0.3,14.5,0.0
2,2023-01-02 13:56:16,2023-01-02 14:27:56,1,6.8,1,N,117,158,3,27.6,0.5,0.5,5.14,0.0,0.3,36.04,2.5
2,2023-01-02 07:31:45,2023-01-02 08:03:20,2,5.47,1,N,54,96,1,25.01,0.5,0.5,6.87,0.0,0.3,32.68,0.0
2,2023-01-10 12:31:28,2023-01-10 13:19:21,2,7.19,1,N,170,223,2,32.4,0.5,0.5,4.58,2.94,0.3,40.72,0.0
2,2023-01-31 22:33:58,2023-01-31 23:29:58,1,6.53,1,N,237,186,1,33.08,0.5,0.5,6.44,0.0,0.3,42.82,2.5
1,2023-01-27 22:04:14,2023-01-27 23:10:44,2,7.56,1,N,224,202,2,39.37,0.0,0.5,4.75,0.0,0.3,44.92,0.0
2,2023-01-29 19:51:50,2023-01-29 19:56:47,2,0.99,1,N,102,53,1,6.2,1.0,0.5,0.96,12.48,0.3,22.94,2.5
1,2023-01-27 09:44:29,2023-01-27 10:06:40,3,3.8,1,N,128,163,1,17.72,0.5,0.5,4.49,0.0,0.3,25.51,2.5
1,2023-01-04 08:52:05,2023-01-04 09:31:08,2,5.83,1,N,232,114,2,26.71,0.5,0.5,0.0,0.0,0.3,30.01,2.5
2,2023-01-13 21:06:42,2023-01-13 21:36:23,1,6.68,1,N,87,25,2,26.71,0.5,0.5,5.61,0.0,0.3,35.62,2.5
1,2023-01-17 08:48:12,2023-01-17 08:56:17,3,1.31,1,N,17,33,3,8.37,0.5,0.5,1.01,0.0,0.3,10.18,0.0
2,2023-01-06 16:21:08,2023-01-06 16:52:08,2,3.83,1,N,100,113,1,20.68,1.0,0.5,5.23,0.0,0.3,29.21,2.5
2,2023-01-31 12:49:31,2023-01-31 13:05:13,1,2.48,1,N,129,7,3,13.12,0.0,0.5,2.02,0.0,0.3,18.44,2.5
2,2023-01-19 11:59:47,2023-01-19 12:38:57,1,9.35,1,N,7,114,2,36.0,0.0,0.5,7.07,3.78,0.3,50.15,2.5
1,2023-01-27 18:52:15,2023-01-27 18:59:15,2,0.83,1,N,54,162,1,6.21,0.5,0.5,0.0,0.0,0.3,9.51,2.5
2,2023-01-09 22:54:37,2023-01-09 23:01:32,1,1.31,1,N,158,132,1,7.64,0.0,0.5,1.48,0.0,0.3,12.42,2.5
2,2023-01-23 19:06:00,2023-01-23 19:09:30,1,0.6,1,N,29,161,2,4.6,0.0,0.5,0.93,0.0,0.3,8.83,2.5
1,2023-01-04 14:19:11,2023-01-04 14:39:07,1,2.61,1,Y,17,162,1,14.88,0.0,0.5,2.4,0.0,0.3,20.58,2.5
1,2023-01-01 13:17:45,2023-01-01 14:39:30,2,12.78,1,N,25,202,1,55.79,0.5,0.5,10.66,0.0,0.3,69.75,2.5
2,2023-01-20 21:30:00,2023-01-20 21:53:29,1,2.26,1,N,163,63,1,14.5,1.0,0.5,2.51,0.0,0.3,17.81,0.0
2,2023-01-03 16:58:21,2023-01-03 17:12:10,2,2.52,1,N,113,79,1,12.98,0.5,0.5,2.93,2.86,0.3,19.57,0.0
1,2023-01-09 15:41:30,2023-01-09 16:15:25,2,3.53,1,N,162,163,1,20.75,0.5,0.5,4.11,0.0,0.3,25.66,0.0
1,2023-01-25 18:32:03,2023-01-25 18:40:11,1,2.14,1,N,247,45,1,10.44,1.0,0.5,2.69,0.0,0.3,16.43,2.5
2,2023-01-16 09:48:58,2023-01-16 10:07:13,4,3.08,1,N,45,234,2,15.96,1.0,0.5,1.74,0.0,0.3,18.5,0.0
1,2023-01-12 06:10:30,2023-01-12 06:32:49,1,3.14,1,N,186,161,1,15.92,0.5,0.5,1.67,0.0,0.3,20.89,2.5
1,2023-01-10 20:39:20,2023-01-10 20:43:53,2,1.24,1,N,224,170,1,7.07,0.0,0.5,0.95,0.0,0.3,8.82,0.0
1,2023-01-21 17:30:58,2023-01-21 17:49:25,1,2.18,1,N,97,87,1,12.83,0.5,0.5,1.56,0.0,0.3,17.69,2.5
1,2023-01-30 08:12:33,2023-01-30 08:43:34,2,4.08,1,N,100,87,1,21.28,1.0,0.5,4.14,0.0,0.3,26.22,0.0
2,2023-01-23 11:38:40,2023-01-23 12:32:26,3,4.69,1,N,53,36,1,27.45,1.0,0.5,0.0,0.0,0.3,28.25,0.0
2,2023-01-12 23:50:05,2023-01-13 00:11:39,1,6.2,1,N,17,33,1,24.62,0.0,0.5,2.53,0.0,0.3,27.95,0.0
2,2023-01-14 17:49:09,2023-01-14 17:57:36,5,3.01,1,N,79,237,2,12.92,1.0,0.5,1.95,0.0,0.3,15.67,0.0
1,2023-01-04 17:50:02,2023-01-04 18:23:06,1,3.06,1,N,97,128,1,19.79,0.0,0.5,3.79,0.0,0.3,26.88,2.5
2,2023-01-05 06:48:30,2023-01-05 07:20:33,3,4.11,1,N,161,36,2,21.27,0.5,0.5,4.86,0.0,0.3,29.43,2.5
1,2023-01-09 22:28:50,2023-01-09 22:37:11,1,1.5,1,N,103,121,1,8.56,1.0,0.5,1.53,0.0,0.3,13.39,2.5
2,2023-01-12 21:02:54,2023-01-12 21:12:59,1,1.45,1,N,246,232,2,9.48,0.5,0.5,2.59,0.0,0.3,15.37,2.5
2,2023-01-31 16:57:34,2023-01-31 17:09:54,2,2.13,1,N,117,261,2,11.92,0.5,0.5,1.62,0.0,0.3,14.34,0.0
1,2023-01-28 11:27:03,2023-01-28 11:32:26,1,0.9,1,N,163,170,4,6.24,0.0,0.5,1.2,6.88,0.3,15.12,0.0
1,2023-01-04 18:37:37,2023-01-04 18:53:09,3,3.17,1,N,246,232,2,13.81,1.0,0.5,2.01,0.0,0.3,16.62,0.0
2,2023-01-11 20:01:38,2023-01-11 20:44:00,3,5.14,1,Y,247,100,2,25.53,0.0,0.5,6.26,0.0,0.3,32.59,0.0
1,2023-01-02 19:53:35,2023-01-02 20:00:52,2,1.37,1,N,78,224,2,8.38,0.5,0.5,0.0,0.0,0.3,11.68,2.5
1,2023-01-02 23:53:43,2023-01-03 00:22:03,1,3.24,1,N,17,25,2,18.95,0.0,0.5,5.18,0.0,0.3,24.93,0.0
1,2023-01-12 17:55:33,2023-01-12 18:05:19,5,1.46,1,N,128,117,1,8.44,0.0,0.5,1.93,0.0,0.3,11.17,0.0
1,2023-01-30 11:10:42,2023-01-30 11:22:46,3,1.09,1,N,237,25,1,8.61,0.0,0.5,1.72,0.0,0.3,11.13,0.0
2,2023-01-06 15:50:29,2023-01-06 17:03:25,2,10.93,1,N,79,261,1,48.38,0.0,0.5,9.47,0.0,0.3,61.15,2.5
1,2023-01-22 20:37:09,2023-01-22 20:44:58,1,1.1,1,N,116,7,2,8.67,0.0,0.5,1.43,0.0,0.3,13.4,2.5
1,2023-01-13 10:08:04,2023-01-13 10:11:39,1,0.9,1,N,170,87,3,7.28,0.0,0.5,0.76,0.0,0.3,11.34,2.5
2,2023-01-17 09:34:54,2023-01-17 09:50:59,1,2.75,1,N,161,33,2,14.11,1.0,0.5,3.74,13.56,0.3,34.71,2.5
1,2023-01-27 19:28:26,2023-01-27 19:44:03,3,2.86,1,N,101,73,1,14.5,0.0,0.5,3.52,0.0,0.3,21.32,2.5
2,2023-01-26 14:37:19,2023-01-26 14:59:35,1,3.86,1,N,86,54,2,18.65,0.5,0.5,2.32,0.0,0.3,24.27,2.5
2,2023-01-26 20:05:17,2023-01-26 22:20:13,1,10.5,1,N,186,202,1,62.34,0.5,0.5,7.6,0.0,0.3,73.24,2.5
1,2023-01-13 08:33:03,2023-01-13 08:49:03,1,1.31,5,N,236,237,2,10.63,1.0,0.5,1.65,0.0,0.3,15.58,2.5
2,2023-01-02 11:40:56,2023-01-02 11:50:45,1,1.52,1,N,224,158,1,8.74,0.5,0.5,2.07,0.0,0.3,14.11,2.5
2,2023-01-31 10:42:04,2023-01-31 11:22:19,2,7.82,1,N,89,224,1,32.53,0.0,0.5,0.0,0.0,0.3,33.33,0.0
2,2023-01-31 18:46:13,2023-01-31 19:15:48,3,4.73,1,N,237,170,1,22.79,0.0,0.5,0.0,0.0,0.3,26.09,2.5
2,2023-01-27 19:37:27,2023-01-27 20:11:18,4,4.26,1,N,76,162,1,22.15,0.0,0.5,0.0,0.0,0.3,25.45,2.5
2,2023-01-15 14:42:21,2023-01-15 14:51:45,1,1.5,1,N,33,167,1,9.65,0.5,0.5,2.57,0.0,0.3,15.52,2.5
2,2023-01-09 14:05:02,2023-01-09 14:40:16,1,5.44,1,N,117,59,2,26.06,0.5,0.5,3.38,0.0,0.3,32.74,2.5
2,2023-01-06 07:47:19,2023-01-06 08:05:29,1,4.27,1,N,224,86,1,17.34,0.5,0.5,0.0,0.0,0.3,20.64,2.5
2,2023-01-12 18:22:46,2023-01-12 18:34:30,3,2.7,1,N,53,97,2,11.6,1.0,0.5,3.14,0.0,0.3,15.54,0.0
2,2023-01-11 23:32:15,2023-01-11 23:42:54,4,1.51,1,N,261,79,1,10.02,1.0,0.5,2.32,0.0,0.3,15.64,2.5
1,2023-01-09 19:32:51,2023-01-09 19:47:36,1,2.53,1,N,162,247,1,13.61,0.0,0.5,0.0,0.0,0.3,16.91,2.5
1,2023-01-30 09:58:21,2023-01-30 10:39:52,1,8.06,1,N,236,86,1,33.66,0.5,0.5,8.59,13.98,0.3,59.53,2.5
1,2023-01-21 17:19:00,2023-01-21 17:24:00,4,1.03,1,N,202,232,1,7.02,0.0,0.5,0.0,0.0,0.3,10.32,2.5
1,2023-01-07 11:23:06,2023-01-07 11:27:00,2,1.28,1,N,101,67,2,7.62,1.0,0.5,0.0,0.0,0.3,8.42,0.0
2,2023-01-20 03:45:48,2023-01-20 03:54:14,1,1.46,1,N,73,128,2,9.2,0.5,0.5,0.0,0.0,0.3,12.5,2.5
1,2023-01-22 08:38:24,2023-01-22 08:44:42,1,1.72,1,N,45,79,2,8.73,0.5,0.5,1.29,5.04,0.3,18.36,2.5
1,2023-01-17 07:19:58,2023-01-17 07:40:30,1,2.31,2,N,110,63,2,14.39,0.5,0.5,3.28,0.0,0.3,18.47,0.0
1,2023-01-30 08:20:47,2023-01-30 08:55:46,1,4.8,1,N,87,161,2,23.58,0.5,0.5,4.62,0.0,0.3,29.0,0.0
2,2023-01-30 19:49:01,2023-01-30 20:31:39,2,3.31,1,N,120,100,2,22.06,0.5,0.5,3.9,0.0,0.3,29.26,2.5
1,2023-01-14 10:50:18,2023-01-14 11:03:32,2,2.45,1,N,234,76,1,12.53,1.0,0.5,3.02,0.0,0.3,16.35,0.0
2,2023-01-15 19:08:43,2023-01-15 19:21:36,1,2.88,1,N,59,114,1,12.99,0.5,0.5,2.04,0.0,0.3,18.33,2.5
1,2023-01-07 22:23:03,2023-01-07 23:19:33,2,3.74,1,N,100,36,2,26.11,0.5,0.5,3.01,0.0,0.3,32.42,2.5
2,2023-01-25 16:46:59,2023-01-25 16:50:29,1,0.66,1,N,162,1,1,6.65,0.5,0.5,1.14,0.0,0.3,8.59,0.0
1,2023-01-29 14:07:09,2023-01-29 14:30:56,1,5.23,1,N,158,162,2,21.58,0.0,0.5,0.0,0.0,0.3,22.38,0.0
2,2023-01-21 19:11:47,2023-01-21 19:17:38,1,1.26,1,N,1,202,2,7.8,0.5,0.5,0.0,0.0,0.3,11.1,2.5
1,2023-01-07 07:09:50,2023-01-07 07:24:58,1,1.68,1,N,86,202,1,11.28,0.0,0.5,3.11,0.0,0.3,17.69,2.5
1,2023-01-17 13:31:30,2023-01-17 13:44:22,6,3.02,1,N,7,158,2,13.74,0.5,0.5,3.49,0.0,0.3,20.53,2.5
1,2023-01-25 15:27:48,2023-01-25 15:40:24,1,2.21,1,N,86,96,1,12.01,0.0,0.5,2.91,0.0,0.3,15.72,0.0
1,2023-01-02 20:19:53,2023-01-02 20:35:17,1,3.37,1,N,86,116,2,15.44,0.5,0.5,3.69,0.0,0.3,22.43,2.5
1,2023-01-19 20:08:44,2023-01-19 20:24:20,2,2.6,1,N,116,73,2,12.97,0.5,0.5,2.65,0.0,0.3,16.42,0.0
1,2023-01-21 20:38:42,2023-01-21 20:48:00,1,1.88,1,N,45,76,2,10.3,0.0,0.5,2.7,0.0,0.3,16.3,2.5
2,2023-01-17 18:48:23,2023-01-17 19:16:00,1,7.36,1,N,117,232,1,28.04,0.5,0.5,0.0,11.54,0.3,40.38,0.0
1,2023-01-20 15:12:17,2023-01-20 15:36:53,1,3.98,1,N,76,33,1,19.97,1.0,0.5,3.34,10.56,0.3,34.67,0.0
1,2023-01-28 20:39:52,2023-01-28 20:54:55,1,2.93,1,N,202,223,1,14.3,0.0,0.5,0.0,0.0,0.3,17.6,2.5
1,2023-01-04 21:47:13,2023-01-04 22:01:12,1,3.93,1,N,224,79,1,15.97,0.5,0.5,0.0,0.0,0.3,19.27,2.5
2,2023-01-18 14:33:24,2023-01-18 14:41:42,2,1.38,1,N,7,29,1,8.7,1.0,0.5,0.0,0.0,0.3,12.0,2.5
1,2023-01-25 23:34:30,2023-01-26 01:19:22,1,11.95,1,N,237,67,1,58.63,0.0,0.5,0.0,0.0,0.3,59.43,0.0
2,2023-01-26 21:10:23,2023-01-26 21:14:56,1,1.03,1,N,59,129,1,6.84,1.0,0.5,1.89,0.0,0.3,12.03,2.5
1,2023-01-15 15:57:22,2023-01-15 16:05:49,2,2.55,1,N,234,186,1,11.38,1.0,0.5,0.0,0.0,0.3,12.18,0.0
2,2023-01-31 06:57:35,2023-01-31 07:04:12,1,1.89,1,N,224,232,1,8.97,0.5,0.5,0.0,12.56,0.3,24.83,2.5
1,2023-01-11 09:42:19,2023-01-11 09:50:17,1,1.83,1,N,101,17,1,9.15,0.5,0.5,1.2,0.0,0.3,13.65,2.5
2,2023-01-14 19:54:59,2023-01-14 20:18:07,1,1.66,1,N,186,162,2,14.15,1.0,0.5,2.63,0.0,0.3,20.08,2.5
2,2023-01-26 07:36:10,2023-01-26 07:45:42,1,1.31,1,N,100,113,2,8.71,0.0,0.5,1.9,9.55,0.3,23.46,2.5
1,2023-01-14 14:39:23,2023-01-14 15:20:06,2,5.7,1,N,97,121,1,27.22,0.5,0.5,4.25,0.0,0.3,34.77,2.5
1,2023-01-11 17:49:50,2023-01-11 17:55:10,1,0.95,1,N,132,186,1,6.41,0.0,0.5,0.0,0.0,0.3,7.21,0.0
2,2023-01-18 21:02:28,2023-01-18 21:17:11,1,4.89,1,N,232,128,1,19.14,0.5,0.5,3.76,0.0,0.3,23.7,0.0
1,2023-01-20 20:13:42,2023-01-20 20:46:34,1,3.81,1,Y,45,250,1,20.42,0.5,0.5,0.0,0.0,0.3,23.72,2.5
1,2023-01-31 19:12:38,2023-01-31 19:16:55,3,1.76,1,N,117,120,2,7.93,1.0,0.5,0.0,0.0,0.3,8.73,0.0
2,2023-01-20 13:37:19,2023-01-20 14:00:24,1,3.49,1,N,167,170,1,17.48,0.0,0.5,2.43,0.0,0.3,23.21,2.5
2,2023-01-06 08:14:44,2023-01-06 08:30:39,1,2.08,1,N,247,1,1,12.16,0.5,0.5,2.97,6.13,0.3,22.06,0.0
1,2023-01-02 18:23:14,2023-01-02 18:27:27,1,1.02,3,N,186,232,1,6.4,0.5,0.5,0.96,0.0,0.3,10.66,2.5
2,2023-01-30 08:29:44,2023-01-30 08:33:52,1,1.03,1,N,161,237,2,6.17,0.0,0.5,0.63,0.0,0.3,10.1,2.5
2,2023-01-14 16:44:07,2023-01-14 17:01:14,1,3.83,1,Y,261,89,1,16.66,1.0,0.5,0.0,14.81,0.3,32.27,0.0
1,2023-01-07 23:31:41,2023-01-07 23:59:53,1,3.68,1,N,186,114,1,19.02,0.0,0.5,0.0,13.33,0.3,35.65,2.5
2,2023-01-07 16:01:06,2023-01-07 16:14:23,1,2.81,1,N,89,87,2,13.04,0.0,0.5,3.07,0.0,0.3,16.91,0.0
2,2023-01-04 17:41:52,2023-01-04 17:56:36,4,1.74,1,N,224,161,2,11.17,0.0,0.5,1.95,0.0,0.3,13.92,0.0
2,2023-01-07 18:25:37,2023-01-07 18:41:20,3,2.03,1,N,120,129,1,13.12,0.5,0.5,0.0,0.0,0.3,16.42,2.5
1,2023-01-25 20:06:02,2023-01-25 20:16:53,1,1.83,5,N,63,161,1,10.95,0.5,0.5,0.0,0.0,0.3,14.25,2.5
1,2023-01-21 13:39:06,2023-01-21 13:44:01,2,0.63,1,N,17,73,1,6.78,1.0,0.5,1.76,0.0,0.3,11.84,2.5
2,2023-01-19 15:16:11,2023-01-19 15:25:34,1,2.45,5,N,232,246,2,11.19,0.5,0.5,0.0,9.41,0.3,23.9,2.5
1,2023-01-01 08:27:57,2023-01-01 08:52:36,3,3.46,1,N,73,97,2,18.65,1.0,0.5,4.18,0.0,0.3,26.13,2.5
1,2023-01-21 17:58:35,2023-01-21 18:13:53,2,2.46,1,N,54,234,3,13.09,0.5,0.5,1.54,0.0,0.3,17.93,2.5
2,2023-01-31 11:14:16,2023-01-31 12:24:46,2,8.82,4,N,72,17,1,43.17,1.0,0.5,7.58,0.0,0.3,54.05,2.5
2,2023-01-29 15:53:16,2023-01-29 15:57:30,1,1.1,1,N,186,151,1,7.04,1.0,0.5,0.0,0.0,0.3,10.34,2.5
2,2023-01-13 19:27:01,2023-01-13 19:37:33,2,1.43,1,N,224,63,1,9.04,0.5,0.5,0.0,0.0,0.3,12.34,2.5
1,2023-01-19 01:55:12,2023-01-19 02:04:48,2,2.59,1,N,59,232,2,12.24,0.0,0.5,1.91,0.0,0.3,17.45,2.5
2,2023-01-10 16:50:51,2023-01-10 17:01:33,2,2.81,1,N,113,170,1,12.95,1.0,0.5,2.88,0.0,0.3,19.13,2.5
2,2023-01-28 08:49:35,2023-01-28 08:53:22,1,0.56,1,N,87,170,1,4.46,0.5,0.5,1.17,0.0,0.3,6.43,0.0
1,2023-01-29 10:12:22,2023-01-29 10:33:11,1,3.68,2,N,247,1,1,17.34,0.5,0.5,0.0,0.0,0.3,18.14,0.0
1,2023-01-07 04:47:01,2023-01-07 05:06:20,1,2.82,1,N,76,161,1,15.32,0.5,0.5,3.93,0.0,0.3,22.55,2.5
1,2023-01-16 08:22:20,2023-01-16 08:24:33,1,0.48,1,N,103,247,1,4.9,0.5,0.5,0.68,6.05,0.3,12.43,0.0
2,2023-01-08 23:54:22,2023-01-09 00:07:33,1,2.14,1,N,87,120,1,11.88,0.5,0.5,0.0,0.0,0.3,15.18,2.5
2,2023-01-20 23:59:07,2023-01-21 00:07:42,1,1.28,1,N,53,67,2,7.97,0.5,0.5,2.07,0.0,0.3,13.34,2.5
2,2023-01-10 18:36:36,2023-01-10 18:45:59,1,1.67,1,N,161,86,1,9.65,0.5,0.5,0.0,0.0,0.3,12.95,2.5
1,2023-01-22 17:54:39,2023-01-22 18:03:37,1,0.86,1,Y,236,45,2,7.35,1.0,0.5,0.0,0.0,0.3,10.65,2.5
2,2023-01-31 19:31:59,2023-01-31 19:50:49,1,3.2,1,N,29,170,1,15.61,0.5,0.5,4.26,0.0,0.3,20.67,0.0
2,2023-01-28 21:02:21,2023-01-28 21:41:33,1,8.77,1,N,224,158,1,34.39,0.5,0.5,0.0,0.0,0.3,37.69,2.5
1,2023-01-06 15:52:16,2023-01-06 16:07:44,5,2.85,1,N,186,102,1,14.45,0.5,0.5,2.78,0.0,0.3,18.03,0.0
2,2023-01-05 04:31:49,2023-01-05 04:33:39,1,0.46,1,N,158,247,1,4.78,0.5,0.5,0.0,0.0,0.3,8.08,2.5
2,2023-01-26 18:02:21,2023-01-26 18:21:30,2,2.9,1,N,96,101,1,15.16,0.0,0.5,1.8,0.0,0.3,20.26,2.5
1,2023-01-03 23:03:37,2023-01-03 23:17:22,1,2.02,1,N,97,261,1,12.52,0.5,0.5,0.0,0.0,0.3,15.82,2.5
1,2023-01-13 10:43:44,2023-01-13 10:52:39,1,1.02,1,N,59,79,1,8.02,0.5,0.5,1.74,0.0,0.3,13.06,2.5
1,2023-01-31 14:55:52,2023-01-31 15:16:13,1,3.05,2,N,73,163,2,16.32,0.0,0.5,2.01,0.0,0.3,21.63,2.5
1,2023-01-14 12:41:19,2023-01-14 12:53:35,1,4.53,1,N,128,1,2,17.53,0.5,0.5,0.0,0.0,0.3,20.83,2.5
1,2023-01-01 13:26:37,2023-01-01 13:33:56,4,1.42,1,N,117,76,3,8.2,0.0,0.5,1.16,1.0,0.3,13.66,2.5
1,2023-01-31 18:18:07,2023-01-31 18:22:58,1,0.68,1,N,161,129,2,5.39,1.0,0.5,0.62,0.0,0.3,6.81,0.0
1,2023-01-22 12:25:46,2023-01-22 12:30:07,1,0.52,1,N,224,236,1,5.51,0.0,0.5,0.0,0.0,0.3,6.31,0.0
2,2023-01-11 22:19:02,2023-01-11 22:33:56,2,1.42,1,N,101,36,1,8.95,1.0,0.5,0.97,0.0,0.3,10.72,0.0
1,2023-01-19 19:16:41,2023-01-19 19:33:00,2,2.08,1,N,121,100,2,12.42,0.5,0.5,1.61,5.84,0.3,20.67,0.0
1,2023-01-19 03:07:12,2023-01-19 03:14:01,2,1.59,5,N,261,202,1,8.84,1.0,0.5,0.0,2.6,0.3,14.74,2.5
2,2023-01-18 20:34:27,2023-01-18 20:43:52,1,1.4,1,N,116,121,1,8.75,0.5,0.5,1.33,7.3,0.3,18.18,0.0
2,2023-01-30 19:13:04,2023-01-30 19:42:32,4,3.58,1,N,67,100,1,19.27,0.5,0.5,4.71,0.0,0.3,24.78,0.0
1,2023-01-25 15:08:41,2023-01-25 15:34:49,1,3.31,1,N,132,163,1,17.19,0.5,0.5,2.97,0.0,0.3,23.46,2.5
2,2023-01-09 15:16:28,2023-01-09 15:28:37,1,2.72,1,N,67,78,2,13.53,0.5,0.5,3.09,0.0,0.3,17.42,0.0
1,2023-01-31 20:47:39,2023-01-31 21:13:08,3,4.32,1,N,113,246,1,20.01,0.0,0.5,4.55,8.2,0.3,36.06,2.5
2,2023-01-30 13:34:20,2023-01-30 13:44:43,4,1.43,1,N,202,234,1,8.69,1.0,0.5,1.08,0.0,0.3,13.07,2.5
1,2023-01-02 08:29:00,2023-01-02 08:35:37,5,1.03,5,N,158,114,2,7.5,0.5,0.5,0.83,0.0,0.3,11.63,2.5
1,2023-01-10 11:35:34,2023-01-10 11:39:28,1,1.58,1,N,25,97,2,7.98,0.5,0.5,2.01,1.89,0.3,15.18,2.5
1,2023-01-20 10:33:41,2023-01-20 10:39:04,3,1.5,6,N,132,232,2,7.92,0.0,0.5,1.79,0.0,0.3,13.01,2.5
1,2023-01-28 18:29:39,2023-01-28 18:31:17,1,0.5,1,N,170,158,2,4.43,0.5,0.5,0.0,0.0,0.3,5.23,0.0
2,2023-01-23 08:50:15,2023-01-23 09:07:30,3,1.55,1,N,234,202,1,11.19,0.0,0.5,2.49,0.0,0.3,16.98,2.5
1,2023-01-18 17:43:42,2023-01-18 18:16:11,2,5.36,5,N,234,102,1,25.19,0.0,0.5,4.01,0.0,0.3,32.5,2.5
2,2023-01-10 14:11:32,2023-01-10 14:42:45,1,4.27,5,N,7,54,1,21.71,0.5,0.5,0.0,0.0,0.3,25.01,2.5
1,2023-01-03 20:49:12,2023-01-03 21:05:20,1,3.47,1,N,73,25,1,15.69,0.0,0.5,2.22,0.0,0.3,18.71,0.0
1,2023-01-28 14:10:06,2023-01-28 14:19:58,2,2.58,1,N,224,224,2,12.34,0.5,0.5,0.0,0.0,0.3,13.14,0.0
2,2023-01-17 22:04:19,2023-01-17 22:39:23,1,6.94,1,N,163,246,2,29.13,0.5,0.5,0.0,0.0,0.3,32.43,2.5
2,2023-01-15 21:25:01,2023-01-15 21:33:27,5,1.06,1,N,97,234,1,7.96,0.5,0.5,1.58,0.0,0.3,10.34,0.0
1,2023-01-31 08:23:42,2023-01-31 08:32:00,3,1.13,1,N,186,132,1,7.98,0.5,0.5,0.99,0.0,0.3,9.77,0.0
1,2023-01-06 18:47:00,2023-01-06 19:11:35,2,5.44,1,N,101,100,3,23.04,0.5,0.5,2.69,0.0,0.3,26.53,0.0
1,2023-01-08 09:41:02,2023-01-08 09:51:26,1,2.39,1,Y,45,162,1,11.35,0.5,0.5,1.62,0.0,0.3,13.77,0.0
2,2023-01-27 20:03:09,2023-01-27 20:10:47,2,1.41,1,N,186,36,1,7.87,1.0,0.5,1.46,0.0,0.3,12.63,2.5
1,2023-01-09 17:29:19,2023-01-09 17:48:35,2,3.54,1,N,53,170,1,17.12,0.5,0.5,4.32,0.0,0.3,24.74,2.5
1,2023-01-30 11:47:01,2023-01-30 11:56:26,1,1.68,1,N,100,129,1,10.31,0.5,0.5,2.45,0.0,0.3,13.56,0.0
1,2023-01-27 09:43:37,2023-01-27 09:50:04,1,1.25,1,N,87,163,1,7.19,0.5,0.5,0.0,0.0,0.3,7.99,0.0
1,2023-01-04 13:30:07,2023-01-04 13:35:26,2,1.22,2,N,186,63,2,7.47,0.0,0.5,0.84,0.0,0.3,11.61,2.5
2,2023-01-15 19:36:48,2023-01-15 19:50:13,1,2.98,1,N,224,162,1,13.58,0.5,0.5,1.91,0.0,0.3,18.79,2.5
1,2023-01-24 19:33:33,2023-01-24 19:49:01,1,2.73,1,N,161,161,1,14.14,0.0,0.5,3.58,0.0,0.3,21.02,2.5
1,2023-01-16 04:13:05,2023-01-16 04:55:38,1,7.3,1,N,162,151,1,32.01,0.5,0.5,6.17,0.0,0.3,41.48,2.5
2,2023-01-07 11:33:24,2023-01-07 11:44:31,1,1.88,1,N,100,261,1,12.14,0.0,0.5,0.0,0.0,0.3,15.44,2.5
1,2023-01-02 13:40:08,2023-01-02 13:54:27,1,1.86,1,N,162,97,1,11.08,0.5,0.5,1.85,0.0,0.3,16.23,2.5
1,2023-01-01 16:03:58,2023-01-01 16:57:15,1,6.89,1,N,97,67,1,34.32,0.0,0.5,7.08,7.31,0.3,52.01,2.5
1,2023-01-06 08:41:35,2023-01-06 09:04:23,2,4.9,1,N,89,102,1,21.77,0.0,0.5,4.51,0.0,0.3,29.58,2.5
1,2023-01-09 11:14:48,2023-01-09 11:34:22,3,2.61,1,N,114,33,1,14.69,0.0,0.5,3.13,0.0,0.3,21.12,2.5
1,2023-01-10 21:00:22,2023-01-10 21:03:25,2,0.73,1,N,45,261,2,5.61,0.5,0.5,0.0,0.0,0.3,8.91,2.5
2,2023-01-27 14:45:08,2023-01-27 14:52:32,1,1.27,1,N,120,76,1,8.07,0.0,0.5,1.15,0.0,0.3,12.52,2.5
1,2023-01-16 19:23:14,2023-01-16 19:27:40,1,1.06,3,N,132,7,2,6.77,0.5,0.5,0.0,0.0,0.3,10.07,2.5
2,2023-01-05 14:24:25,2023-01-05 14:35:11,1,2.4,1,N,129,162,2,12.26,0.0,0.5,3.38,0.0,0.3,18.94,2.5
1,2023-01-03 14:37:46,2023-01-03 14:44:24,2,1.6,1,N,162,36,1,8.23,0.0,0.5,1.23,0.0,0.3,12.76,2.5
1,2023-01-05 17:33:25,2023-01-05 18:26:46,3,7.78,1,N,100,237,1,35.71,1.0,0.5,8.23,0.0,0.3,47.24,2.5
1,2023-01-10 10:37:55,2023-01-10 10:41:26,3,0.72,1,N,234,114,1,5.54,0.5,0.5,1.5,0.0,0.3,10.34,2.5
1,2023-01-23 09:56:21,2023-01-23 10:00:35,1,0.98,1,N,234,163,2,5.65,0.5,0.5,1.14,0.0,0.3,7.59,0.0
1,2023-01-02 23:39:13,2023-01-03 00:08:12,1,2.81,1,N,17,129,1,17.7,1.0,0.5,3.33,0.0,0.3,21.83,0.0
2,2023-01-13 20:02:29,2023-01-13 20:12:51,2,3.46,1,N,158,236,1,14.77,1.0,0.5,1.8,0.0,0.3,19.87,2.5
2,2023-01-14 19:13:06,2023-01-14 19:14:06,5,0.34,1,N,162,120,1,3.78,1.0,0.5,0.0,0.0,0.3,4.58,0.0
1,2023-01-05 08:26:40,2023-01-05 08:29:13,5,0.64,1,N,202,167,1,5.75,0.0,0.5,1.52,0.0,0.3,10.57,2.5
1,2023-01-02 03:28:06,2023-01-02 03:36:11,6,1.92,1,N,116,79,1,9.03,0.0,0.5,0.0,0.0,0.3,12.33,2.5
1,2023-01-08 08:21:38,2023-01-08 08:51:14,1,6.47,1,N,224,86,2,26.59,1.0,0.5,3.62,0.0,0.3,33.51,2.5
1,2023-01-05 22:11:22,2023-01-05 23:13:44,3,9.64,1,N,101,54,1,42.63,0.5,0.5,11.32,0.0,0.3,54.75,0.0
1,2023-01-25 20:06:21,2023-01-25 20:16:33,1,1.71,1,N,162,73,1,9.87,0.5,0.5,1.64,0.0,0.3,14.81,2.5
1,2023-01-29 15:08:36,2023-01-29 15:16:46,1,2.06,1,N,53,102,2,10.23,0.5,0.5,2.16,0.0,0.3,13.19,0.0
2,2023-01-20 22:57:42,2023-01-20 23:08:03,2,1.25,1,N,224,1,2,8.67,0.5,0.5,0.0,0.0,0.3,9.47,0.0
2,2023-01-24 08:23:55,2023-01-24 08:56:06,1,3.76,1,N,129,186,1,20.26,0.5,0.5,2.93,11.3,0.3,37.79,2.5
2,2023-01-24 16:57:17,2023-01-24 17:46:15,1,7.36,1,N,102,17,2,33.59,0.0,0.5,7.1,0.0,0.3,41.49,0.0
1,2023-01-28 08:20:48,2023-01-28 08:47:33,1,6.0,5,N,223,224,2,25.37,0.0,0.5,4.75,0.0,0.3,30.92,0.0
2,2023-01-04 11:18:50,2023-01-04 11:37:02,1,2.29,1,N,73,25,1,12.99,0.5,0.5,0.0,0.0,0.3,16.29,2.5
1,2023-01-31 22:29:59,2023-01-31 22:37:46,1,1.25,1,N,117,237,1,9.2,1.0,0.5,0.0,0.0,0.3,12.5,2.5
2,2023-01-15 20:56:57,2023-01-15 21:10:57,2,2.35,1,N,25,96,1,12.06,0.5,0.5,3.11,8.35,0.3,26.82,2.5
2,2023-01-17 07:33:47,2023-01-17 08:29:10,1,6.59,2,N,117,261,1,33.44,1.0,0.5,0.0,0.0,0.3,36.74,2.5
2,2023-01-25 09:02:17,2023-01-25 09:27:18,2,1.73,1,N,186,247,1,13.86,0.5,0.5,1.72,1.35,0.3,20.23,2.5
2,2023-01-16 17:16:41,2023-01-16 17:21:45,2,0.6,1,N,151,116,2,5.62,1.0,0.5,0.8,0.0,0.3,9.72,2.5
1,2023-01-09 06:58:47,2023-01-09 07:08:03,1,1.79,1,N,120,246,2,10.49,1.0,0.5,2.48,0.0,0.3,16.27,2.5
2,2023-01-01 16:09:17,2023-01-01 16:18:19,3,1.9,1,N,129,117,1,10.28,0.5,0.5,2.56,0.0,0.3,16.14,2.5
2,2023-01-06 16:50:48,2023-01-06 16:53:38,1,0.6,1,N,128,163,2,5.11,0.5,0.5,0.55,2.06,0.3,11.02,2.5
2,2023-01-03 10:55:42,2023-01-03 11:08:19,3,2.78,1,N,114,63,2,13.79,0.5,0.5,0.0,0.0,0.3,14.59,0.0
1,2023-01-12 11:12:29,2023-01-12 11:37:18,5,3.42,1,N,25,129,2,17.25,0.0,0.5,0.0,1.49,0.3,22.04,2.5
2,2023-01-25 09:33:51,2023-01-25 10:48:11,4,9.44,1,N,237,79,2,44.9,0.0,0.5,9.46,0.0,0.3,55.16,0.0
2,2023-01-11 22:35:05,2023-01-11 22:39:21,1,0.86,1,N,186,36,2,6.5,0.5,0.5,1.41,0.0,0.3,11.21,2.5
1,2023-01-19 12:47:41,2023-01-19 13:12:47,2,4.05,1,N,246,163,1,19.8,1.0,0.5,4.94,0.0,0.3,28.04,2.5
1,2023-01-06 16:47:47,2023-01-06 17:07:21,1,4.83,1,N,158,96,2,20.13,0.5,0.5,3.0,0.0,0.3,26.43,2.5
2,2023-01-19 11:03:02,2023-01-19 11:20:06,4,3.45,1,N,261,110,4,15.83,0.5,0.5,1.9,0.0,0.3,21.03,2.5
2,2023-01-30 18:19:24,2023-01-30 18:23:15,1,1.1,1,N,202,186,1,6.59,1.0,0.5,0.88,0.0,0.3,10.77,2.5
2,2023-01-10 07:56:31,2023-01-10 08:03:41,2,1.05,1,N,202,63,1,7.98,0.0,0.5,2.14,0.0,0.3,13.42,2.5
2,2023-01-15 06:21:12,2023-01-15 06:30:48,1,2.52,1,N,45,120,1,11.82,1.0,0.5,0.0,0.0,0.3,12.62,0.0
1,2023-01-30 19:14:52,2023-01-30 19:21:28,2,2.5,1,N,114,158,1,10.46,0.0,0.5,1.46,0.0,0.3,15.22,2.5
2,2023-01-19 19:37:37,2023-01-19 19:46:15,2,1.54,1,Y,63,36,1,8.54,0.0,0.5,2.06,0.0,0.3,13.9,2.5
1,2023-01-13 10:11:16,2023-01-13 10:40:25,1,6.16,6,N,87,247,1,26.45,0.0,0.5,0.0,0.0,0.3,29.75,2.5
2,2023-01-04 12:08:26,2023-01-04 12:22:31,1,1.73,1,N,110,97,1,10.49,0.0,0.5,1.74,0.0,0.3,13.03,0.0
1,2023-01-30 22:47:06,2023-01-30 22:49:25,2,0.57,1,N,53,261,1,5.14,0.0,0.5,0.53,0.0,0.3,6.47,0.0
2,2023-01-19 07:07:05,2023-01-19 07:14:27,5,1.98,1,N,246,114,1,10.47,0.5,0.5,2.52,0.0,0.3,16.29,2.5
2,2023-01-02 08:53:44,2023-01-02 09:16:51,1,3.35,1,N,45,78,2,17.43,0.0,0.5,3.99,0.0,0.3,24.72,2.5
1,2023-01-18 13:14:59,2023-01-18 13:28:48,2,3.02,1,N,151,78,2,13.63,1.0,0.5,0.0,0.0,0.3,14.43,0.0
2,2023-01-31 10:06:16,2023-01-31 10:21:44,1,3.01,1,N,129,97,1,13.89,0.5,0.5,2.05,0.0,0.3,16.74,0.0
1,2023-01-29 17:44:14,2023-01-29 18:19:35,1,7.17,1,N,25,117,1,30.7,0.5,0.5,4.57,0.0,0.3,36.07,0.0
2,2023-01-07 18:10:41,2023-01-07 18:14:55,1,1.01,1,N,73,129,1,6.07,0.5,0.5,1.34,0.0,0.3,8.21,0.0
2,2023-01-13 15:21:30,2023-01-13 15:29:29,2,1.7,1,N,151,63,1,8.97,0.0,0.5,1.37,0.0,0.3,13.64,2.5
1,2023-01-31 17:21:08,2023-01-31 18:06:04,1,7.45,1,N,29,113,1,33.05,0.5,0.5,0.0,0.0,0.3,36.35,2.5
1,2023-01-25 13:30:40,2023-01-25 13:32:52,3,0.53,1,N,87,234,1,4.77,0.0,0.5,0.0,0.0,0.3,8.07,2.5
2,2023-01-18 19:28:12,2023-01-18 19:36:38,1,2.25,1,N,33,45,1,11.02,1.0,0.5,3.05,0.0,0.3,17.37,2.5
1,2023-01-10 05:11:06,2023-01-10 05:52:37,2,5.88,1,N,232,103,1,27.35,0.5,0.5,5.0,0.0,0.3,33.15,0.0
2,2023-01-24 11:14:27,2023-01-24 11:47:46,1,5.82,1,Y,63,120,2,25.78,0.0,0.5,0.0,0.0,0.3,29.08,2.5
1,2023-01-18 18:11:44,2023-01-18 18:54:45,2,3.84,1,N,129,128,1,23.7,0.5,0.5,0.0,0.0,0.3,27.0,2.5
2,2023-01-17 11:03:31,2023-01-17 11:21:26,1,3.91,1,N,186,7,2,17.6,0.0,0.5,4.04,4.19,0.3,26.63,0.0
2,2023-01-29 06:39:38,2023-01-29 06:43:28,1,1.07,1,N,67,114,1,6.35,1.0,0.5,1.65,0.0,0.3,11.3,2.5
2,2023-01-12 12:28:14,2023-01-12 13:09:33,1,6.55,1,N,224,158,1,29.2,0.5,0.5,8.13,0.0,0.3,40.63,2.5
2,2023-01-20 18:06:29,2023-01-20 18:11:39,2,0.95,1,N,33,237,1,6.77,0.5,0.5,1.27,0.0,0.3,8.84,0.0
1,2023-01-02 07:19:42,2023-01-02 07:25:51,2,0.99,1,N,163,186,1,6.36,0.5,0.5,1.16,0.0,0.3,10.82,2.5
1,2023-01-23 19:40:31,2023-01-23 20:01:14,1,3.13,1,N,59,54,2,16.65,0.5,0.5,2.65,13.01,0.3,35.61,2.5
1,2023-01-17 19:17:14,2023-01-17 19:25:43,1,1.62,5,N,186,132,1,9.25,0.5,0.5,2.22,0.0,0.3,14.77,2.5
2,2023-01-28 17:24:57,2023-01-28 17:45:59,1,2.73,1,N,103,237,1,14.74,0.5,0.5,3.21,0.0,0.3,21.25,2.5
2,2023-01-11 09:44:04,2023-01-11 10:04:16,1,3.23,2,N,121,132,2,15.6,0.5,0.5,2.58,0.0,0.3,21.48,2.5
2,2023-01-29 20:40:54,2023-01-29 21:52:33,1,8.88,1,N,97,170,1,42.8,0.0,0.5,8.27,0.0,0.3,51.87,0.0
2,2023-01-18 09:42:43,2023-01-18 09:57:32,1,3.24,1,N,117,87,2,14.02,1.0,0.5,1.92,0.0,0.3,19.24,2.5
2,2023-01-07 21:22:06,2023-01-07 21:29:46,1,1.47,1,N,121,162,1,8.84,0.5,0.5,1.99,0.0,0.3,11.63,0.0
1,2023-01-05 18:29:15,2023-01-05 18:55:28,1,3.89,1,N,110,114,2,18.88,0.5,0.5,0.0,0.0,0.3,22.18,2.5
1,2023-01-07 05:50:22,2023-01-07 05:57:25,1,1.25,1,N,234,33,2,8.09,0.0,0.5,1.32,0.0,0.3,10.21,0.0
1,2023-01-10 19:52:57,2023-01-10 20:21:49,2,4.64,1,N,97,116,1,22.09,0.0,0.5,0.0,0.0,0.3,25.39,2.5
2,2023-01-18 15:03:31,2023-01-18 15:12:37,2,2.46,1,N,224,63,1,11.91,0.5,0.5,1.66,0.0,0.3,14.37,0.0
1,2023-01-27 14:50:15,2023-01-27 15:11:37,2,3.16,1,N,67,117,2,16.37,1.0,0.5,0.0,0.0,0.3,19.67,2.5
1,2023-01-31 13:53:55,2023-01-31 13:56:42,1,0.62,1,N,100,53,2,5.81,0.5,0.5,1.35,0.0,0.3,7.96,0.0
1,2023-01-22 17:56:07,2023-01-22 17:59:20,1,0.43,1,N,236,7,1,5.57,0.0,0.5,1.25,0.0,0.3,10.12,2.5
2,2023-01-16 19:16:48,2023-01-16 19:19:59,1,0.76,1,N,17,158,1,5.83,0.5,0.5,0.0,0.0,0.3,6.63,0.0
1,2023-01-20 21:30:49,2023-01-20 22:04:15,2,8.67,3,N,128,237,1,33.2,0.5,0.5,5.63,0.0,0.3,42.13,2.5
2,2023-01-11 10:02:23,2023-01-11 10:06:08,4,0.99,1,N,116,247,2,6.13,0.0,0.5,0.0,0.0,0.3,6.93,0.0
1,2023-01-08 17:06:02,2023-01-08 17:19:17,2,4.05,1,N,7,45,1,15.94,0.5,0.5,4.13,0.0,0.3,23.37,2.5
1,2023-01-17 18:33:53,2023-01-17 18:41:18,4,1.45,1,N,121,78,1,9.12,0.0,0.5,1.9,0.0,0.3,14.32,2.5
2,2023-01-26 18:12:58,2023-01-26 18:19:56,1,1.95,6,N,247,128,1,9.92,0.5,0.5,2.17,0.0,0.3,12.89,0.0
1,2023-01-02 15:13:22,2023-01-02 15:20:20,1,2.26,1,N,97,163,1,10.74,0.5,0.5,2.61,0.0,0.3,16.65,2.5
2,2023-01-04 13:17:11,2023-01-04 14:27:33,1,8.03,1,N,59,79,2,40.37,0.0,0.5,9.29,0.0,0.3,50.46,0.0
1,2023-01-06 19:27:16,2023-01-06 19:53:23,1,3.63,4,N,224,25,1,19.42,0.5,0.5,0.0,0.0,0.3,22.72,2.5
1,2023-01-07 11:09:08,2023-01-07 11:40:39,1,3.12,1,N,224,116,1,18.57,0.0,0.5,0.0,0.0,0.3,19.37,0.0
1,2023-01-05 09:48:36,2023-01-05 10:12:15,4,6.19,1,N,163,186,2,23.99,1.0,0.5,3.05,0.0,0.3,30.34,2.5
2,2023-01-05 16:40:31,2023-01-05 16:55:20,1,1.46,1,N,76,132,1,10.07,0.0,0.5,2.47,0.0,0.3,15.84,2.5
1,2023-01-01 10:47:21,2023-01-01 11:45:58,4,5.21,1,N,158,202,2,31.47,0.0,0.5,6.85,0.0,0.3,39.12,0.0
2,2023-01-11 04:55:39,2023-01-11 05:35:35,3,4.6,1,N,117,101,2,23.93,0.0,0.5,6.61,0.0,0.3,31.34,0.0
2,2023-01-23 05:36:37,2023-01-23 06:27:07,2,4.56,1,N,89,232,2,26.65,0.5,0.5,0.0,11.41,0.3,38.86,0.0
1,2023-01-05 18:21:00,2023-01-05 18:31:43,4,2.08,1,N,79,236,1,12.33,0.0,0.5,0.0,0.0,0.3,13.13,0.0
1,2023-01-11 23:58:24,2023-01-12 00:13:00,1,1.69,1,N,86,36,1,11.35,0.5,0.5,2.61,0.0,0.3,17.26,2.5
2,2023-01-31 14:33:51,2023-01-31 14:47:07,3,1.22,5,N,7,261,1,9.0,1.0,0.5,0.0,0.0,0.3,9.8,0.0
2,2023-01-06 08:27:47,2023-01-06 08:35:13,2,1.28,1,N,237,162,1,7.52,0.0,0.5,1.91,0.0,0.3,12.73,2.5
2,2023-01-31 20:24:51,2023-01-31 20:31:33,2,1.18,1,N,202,97,1,6.79,0.0,0.5,0.0,0.0,0.3,10.09,2.5
2,2023-01-16 10:02:57,2023-01-16 10:38:48,2,3.08,1,N,45,36,1,19.72,0.0,0.5,5.46,8.89,0.3,34.87,0.0
1,2023-01-23 23:57:03,2023-01-24 00:11:50,4,1.97,1,N,100,87,1,11.99,0.5,0.5,3.32,0.0,0.3,18.61,2.5
2,2023-01-11 16:49:16,2023-01-11 17:08:16,4,3.23,1,N,186,232,1,16.59,0.5,0.5,4.55,10.57,0.3,32.51,0.0
2,2023-01-11 09:41:27,2023-01-11 10:03:32,1,3.37,1,N,59,87,1,16.0,1.0,0.5,3.37,0.0,0.3,20.17,0.0
1,2023-01-13 15:13:30,2023-01-13 15:20:22,1,1.06,3,N,170,129,1,6.71,0.5,0.5,1.68,0.0,0.3,9.19,0.0
1,2023-01-04 11:55:47,2023-01-04 11:59:32,1,1.03,1,N,114,87,2,6.46,0.5,0.5,0.73,0.0,0.3,10.49,2.5
2,2023-01-10 19:10:43,2023-01-10 19:15:42,3,1.97,1,N,33,72,2,10.57,0.0,0.5,1.54,0.0,0.3,12.91,0.0
1,2023-01-28 07:14:42,2023-01-28 07:23:08,1,1.31,1,N,236,36,1,8.83,1.0,0.5,1.03,0.0,0.3,13.16,2.5
2,2023-01-01 20:04:09,2023-01-01 20:15:35,2,1.21,1,N,59,17,2,9.07,0.0,0.5,1.73,0.0,0.3,14.1,2.5
1,2023-01-18 19:17:40,2023-01-18 20:09:54,1,8.35,1,N,117,232,1,36.32,0.5,0.5,9.94,6.19,0.3,53.25,0.0
1,2023-01-22 20:19:47,2023-01-22 20:23:42,4,0.74,1,N,246,7,2,4.77,1.0,0.5,0.0,0.0,0.3,5.57,0.0
2,2023-01-05 21:47:45,2023-01-05 22:50:03,3,10.67,2,N,114,100,1,45.27,0.0,0.5,8.29,0.0,0.3,56.86,2.5
1,2023-01-04 09:19:34,2023-01-04 09:32:46,1,2.91,1,N,1,25,1,13.53,0.5,0.5,3.28,0.0,0.3,17.61,0.0
1,2023-01-18 15:57:05,2023-01-18 16:09:10,1,4.9,1,N,54,237,2,18.14,0.0,0.5,3.61,0.0,0.3,22.55,0.0
2,2023-01-07 20:18:08,2023-01-07 21:07:23,3,4.49,1,N,110,114,2,26.35,1.0,0.5,4.81,0.0,0.3,34.46,2.5
1,2023-01-31 12:31:44,2023-01-31 12:57:32,1,3.72,1,N,224,223,1,18.38,0.5,0.5,0.0,0.0,0.3,21.68,2.5
1,2023-01-06 06:35:52,2023-01-06 07:01:47,1,8.14,1,N,129,232,1,29.34,0.5,0.5,5.64,0.0,0.3,35.78,0.0
2,2023-01-05 10:49:49,2023-01-05 10:57:04,4,1.04,1,N,25,186,2,8.11,0.5,0.5,1.75,0.0,0.3,13.16,2.5
1,2023-01-11 09:45:25,2023-01-11 09:54:14,2,2.08,1,N,224,234,1,9.96,0.5,0.5,2.43,0.0,0.3,15.69,2.5
2,2023-01-11 20:52:35,2023-01-11 20:58:07,4,1.23,1,N,97,116,1,7.32,0.5,0.5,1.34,0.0,0.3,11.96,2.5
1,2023-01-05 14:56:10,2023-01-05 14:58:31,1,0.66,1,N,63,186,1,5.22,0.5,0.5,0.91,0.0,0.3,6.93,0.0
2,2023-01-21 18:07:35,2023-01-21 18:11:30,2,1.42,1,N,161,113,1,7.88,1.0,0.5,1.58,0.0,0.3,10.26,0.0
2,2023-01-11 22:05:11,2023-01-11 22:53:13,4,9.53,1,N,170,202,1,38.41,0.0,0.5,10.1,0.0,0.3,49.31,0.0
2,2023-01-17 11:26:47,2023-01-17 11:49:33,2,2.05,1,N,101,121,1,14.31,0.0,0.5,2.52,11.19,0.3,28.82,0.0
2,2023-01-08 19:09:47,2023-01-08 20:27:08,4,10.36,1,N,87,100,1,47.95,0.5,0.5,12.11,0.0,0.3,60.86,0.0
1,2023-01-03 02:29:03,2023-01-03 02:56:55,3,11.18,1,N,128,101,2,37.84,0.0,0.5,7.99,0.0,0.3,46.63,0.0
2,2023-01-02 07:35:56,2023-01-02 10:35:56,1,22.12,1,N,170,73,2,104.12,0.5,0.5,10.64,0.0,0.3,118.06,2.5
1,2023-01-02 08:16:47,2023-01-02 09:03:04,1,9.77,1,N,87,100,1,38.51,1.0,0.5,7.15,0.0,0.3,48.96,2.5
1,2023-01-27 11:05:22,2023-01-27 14:05:22,2,13.72,1,N,53,237,1,82.66,0.5,0.5,11.4,0.0,0.3,97.36,2.5
1,2023-01-09 13:57:27,2023-01-09 14:26:02,3,2.99,1,N,117,161,2,18.13,0.0,0.5,2.3,0.0,0.3,23.73,2.5
2,2023-01-10 14:22:04,2023-01-10 14:33:25,3,2.78,1,N,224,223,2,12.94,1.0,0.5,1.84,0.0,0.3,18.08,2.5
1,2023-01-18 09:50:56,2023-01-18 10:07:24,1,2.92,1,N,1,101,4,14.36,0.5,0.5,3.28,5.83,0.3,26.77,2.5
1,2023-01-03 06:37:06,2023-01-03 06:52:32,2,2.34,1,N,132,17,2,13.78,0.0,0.5,2.93,0.0,0.3,20.01,2.5
2,2023-01-19 18:39:55,2023-01-19 19:00:20,2,2.62,1,N,87,96,2,14.65,0.5,0.5,2.88,0.0,0.3,20.83,2.5
2,2023-01-17 02:46:39,2023-01-17 03:36:52,1,4.11,1,N,129,261,1,25.93,0.0,0.5,4.9,0.0,0.3,34.13,2.5
1,2023-01-25 20:15:55,2023-01-25 20:23:10,2,1.65,1,N,224,25,1,8.77,0.0,0.5,1.49,0.0,0.3,13.56,2.5
2,2023-01-04 21:13:22,2023-01-04 21:18:39,6,0.83,1,N,1,261,1,6.47,0.0,0.5,1.68,0.0,0.3,8.95,0.0
2,2023-01-01 18:59:53,2023-01-01 19:31:12,1,3.07,1,N,76,132,1,18.99,0.5,0.5,5.09,7.41,0.3,32.29,0.0
2,2023-01-24 17:40:25,2023-01-24 17:48:16,1,1.39,1,N,25,7,1,8.3,0.5,0.5,1.97,0.0,0.3,11.07,0.0
2,2023-01-12 18:17:21,2023-01-12 18:24:13,1,1.5,1,N,163,158,1,7.42,0.5,0.5,1.13,0.0,0.3,11.85,2.5
2,2023-01-02 18:38:20,2023-01-02 18:51:18,1,2.1,1,N,86,110,1,11.75,0.5,0.5,0.0,0.0,0.3,12.55,0.0
1,2023-01-18 22:23:57,2023-01-18 22:33:38,2,1.77,1,N,161,151,1,9.31,1.0,0.5,2.3,0.0,0.3,12.41,0.0
2,2023-01-15 22:51:27,2023-01-15 23:21:47,4,5.38,1,N,234,100,2,24.41,1.0,0.5,2.99,0.0,0.3,30.7,2.5
1,2023-01-30 13:30:28,2023-01-30 13:45:53,2,2.06,1,N,186,170,2,12.0,0.0,0.5,1.94,0.0,0.3,17.24,2.5
1,2023-01-30 17:18:38,2023-01-30 17:49:58,3,5.59,1,N,117,202,1,25.28,0.0,0.5,4.02,0.0,0.3,32.6,2.5
1,2023-01-17 19:41:33,2023-01-17 19:53:21,2,2.73,2,N,232,132,1,12.3,0.5,0.5,0.0,0.0,0.3,15.6,2.5
1,2023-01-05 00:45:32,2023-01-05 00:53:59,1,2.19,1,N,102,101,1,10.32,0.0,0.5,2.01,7.72,0.3,23.35,2.5
2,2023-01-24 15:22:22,2023-01-24 15:33:30,1,2.63,1,N,76,161,1,12.19,0.5,0.5,1.8,0.0,0.3,17.29,2.5
2,2023-01-07 18:45:09,2023-01-07 18:51:43,1,0.89,1,N,162,116,1,6.13,0.0,0.5,0.87,0.0,0.3,10.3,2.5
1,2023-01-26 18:14:59,2023-01-26 18:28:30,1,3.01,1,N,161,132,2,14.46,0.5,0.5,0.0,0.0,0.3,17.76,2.5
1,2023-01-19 12:14:29,2023-01-19 12:35:40,1,4.42,1,N,162,117,2,18.54,0.5,0.5,0.0,0.0,0.3,21.84,2.5
1,2023-01-11 11:49:58,2023-01-11 12:26:50,2,4.92,1,N,67,163,1,25.07,1.0,0.5,4.8,0.0,0.3,30.67,0.0
1,2023-01-31 08:37:27,2023-01-31 08:43:15,1,0.85,1,N,121,161,1,6.79,0.5,0.5,1.0,0.0,0.3,11.09,2.5
1,2023-01-16 16:02:35,2023-01-16 16:05:53,1,0.75,1,N,234,224,1,5.6,0.5,0.5,1.18,0.0,0.3,7.58,0.0
1,2023-01-12 21:40:32,2023-01-12 21:45:49,1,1.56,1,N,129,232,2,8.4,0.5,0.5,0.0,0.0,0.3,11.7,2.5
2,2023-01-06 21:18:57,2023-01-06 22:34:14,6,6.61,1,N,162,232,1,38.51,0.5,0.5,5.08,0.0,0.3,44.39,0.0
2,2023-01-21 12:16:06,2023-01-21 12:24:34,1,2.76,6,N,121,161,2,11.82,0.0,0.5,2.31,0.0,0.3,14.93,0.0
2,2023-01-09 10:25:31,2023-01-09 10:30:19,2,1.31,1,N,59,113,1,7.63,0.5,0.5,1.28,0.0,0.3,12.21,2.5
2,2023-01-05 19:27:09,2023-01-05 19:31:20,1,0.79,1,N,117,170,1,6.39,0.5,0.5,0.89,0.0,0.3,8.08,0.0
2,2023-01-04 19:53:52,2023-01-04 20:02:38,1,1.4,1,N,63,103,2,8.22,0.5,0.5,2.12,0.0,0.3,11.14,0.0
1,2023-01-20 15:26:31,2023-01-20 15:33:04,1,1.33,1,N,129,53,1,8.14,0.0,0.5,0.0,12.89,0.3,21.83,0.0
1,2023-01-29 13:17:55,2023-01-29 13:52:22,1,4.72,1,N,162,97,2,22.1,0.0,0.5,3.6,0.0,0.3,29.0,2.5
2,2023-01-08 07:46:16,2023-01-08 08:16:52,1,5.0,2,N,232,114,1,22.19,0.5,0.5,3.61,9.21,0.3,38.31,2.5
2,2023-01-07 19:32:09,2023-01-07 19:42:46,1,1.06,1,N,224,120,2,8.59,0.5,0.5,0.0,0.0,0.3,9.39,0.0
1,2023-01-20 17:00:37,2023-01-20 17:46:18,2,4.12,1,N,120,45,2,24.51,0.5,0.5,0.0,0.0,0.3,27.81,2.5
2,2023-01-05 12:37:08,2023-01-05 12:46:07,1,3.81,1,N,72,129,1,14.34,1.0,0.5,1.5,0.0,0.3,19.14,2.5
2,2023-01-03 21:30:22,2023-01-03 21:35:47,1,0.97,1,N,29,17,1,6.75,1.0,0.5,1.28,0.0,0.3,8.83,0.0
1,2023-01-20 18:34:18,2023-01-20 18:45:57,1,2.2,1,N,129,247,1,11.21,0.5,0.5,0.0,0.0,0.3,12.01,0.0
1,2023-01-17 21:11:13,2023-01-17 21:28:42,3,3.02,1,N,100,102,1,14.43,0.5,0.5,3.19,0.0,0.3,20.92,2.5
2,2023-01-01 14:28:07,2023-01-01 14:48:48,1,2.64,1,N,33,129,1,13.95,0.5,0.5,0.0,0.0,0.3,17.25,2.5
2,2023-01-08 14:38:39,2023-01-08 14:42:49,2,0.65,1,N,232,73,1,4.69,0.5,0.5,0.54,0.0,0.3,8.53,2.5
2,2023-01-07 22:40:45,2023-01-07 22:55:00,2,2.58,1,N,237,186,2,13.38,0.0,0.5,0.0,0.0,0.3,16.68,2.5
2,2023-01-22 22:40:23,2023-01-22 23:03:37,1,3.77,1,N,36,186,1,18.03,1.0,0.5,4.5,0.0,0.3,23.33,0.0
1,2023-01-21 22:59:16,2023-01-21 23:57:31,1,7.65,1,N,250,161,1,37.17,0.5,0.5,4.9,0.0,0.3,45.37,2.5
2,2023-01-24 20:30:09,2023-01-24 20:36:55,2,1.42,1,N,67,117,2,8.03,1.0,0.5,2.14,0.0,0.3,13.47,2.5
2,2023-01-04 14:25:40,2023-01-04 14:33:55,4,1.55,1,N,162,63,2,9.12,0.5,0.5,1.93,0.0,0.3,11.85,0.0
2,2023-01-27 09:32:48,2023-01-27 09:42:39,3,2.0,1,N,67,163,1,10.4,0.0,0.5,2.04,0.0,0.3,15.74,2.5
1,2023-01-07 12:19:32,2023-01-07 12:32:16,1,2.91,1,N,162,250,1,13.48,0.0,0.5,2.98,0.0,0.3,17.26,0.0
1,2023-01-31 22:18:25,2023-01-31 22:33:48,1,2.52,1,N,132,87,1,13.19,0.0,0.5,2.0,0.0,0.3,18.49,2.5
2,2023-01-28 12:41:38,2023-01-28 13:04:05,1,3.68,1,N,36,247,2,17.59,0.5,0.5,1.84,15.58,0.3,38.31,2.5
1,2023-01-15 19:18:54,2023-01-15 19:22:11,1,1.01,1,N,100,237,1,5.73,0.0,0.5,1.03,0.0,0.3,7.56,0.0
1,2023-01-25 21:44:59,2023-01-25 22:10:47,5,3.15,1,N,163,161,1,17.71,1.0,0.5,4.14,0.0,0.3,25.15,2.5
1,2023-01-21 22:44:11,2023-01-21 22:59:48,1,1.34,1,N,232,132,1,11.05,0.5,0.5,2.93,0.0,0.3,14.78,0.0
1,2023-01-24 22:57:28,2023-01-24 23:07:11,1,2.1,3,N,223,86,1,11.51,0.5,0.5,2.04,0.0,0.3,16.85,2.5
2,2023-01-01 16:07:52,2023-01-01 17:09:03,1,8.42,1,N,128,132,1,39.07,0.5,0.5,0.0,0.0,0.3,39.87,0.0
2,2023-01-03 15:21:37,2023-01-03 15:28:40,3,0.82,2,N,117,120,1,6.45,1.0,0.5,0.8,0.0,0.3,10.55,2.5
2,2023-01-29 23:46:48,2023-01-29 23:54:33,1,1.9,1,N,29,120,1,9.41,0.0,0.5,0.0,0.0,0.3,10.21,0.0
1,2023-01-25 09:25:59,2023-01-25 09:31:25,1,0.9,1,N,17,261,1,6.52,0.5,0.5,0.92,0.0,0.3,8.24,0.0
1,2023-01-20 08:39:06,2023-01-20 09:03:19,1,2.62,1,N,186,224,2,15.58,0.5,0.5,4.11,0.0,0.3,22.99,2.5
2,2023-01-10 22:44:36,2023-01-10 22:58:41,1,5.14,1,N,110,54,2,18.88,1.0,0.5,2.51,0.0,0.3,24.69,2.5
1,2023-01-14 18:53:31,2023-01-14 19:21:35,1,2.66,1,N,87,237,2,15.93,1.0,0.5,1.64,15.81,0.3,34.18,0.0
1,2023-01-13 15:13:17,2023-01-13 15:25:56,4,2.14,1,N,17,86,1,11.54,1.0,0.5,1.62,0.0,0.3,13.96,0.0
2,2023-01-14 07:15:39,2023-01-14 08:30:01,2,6.34,1,N,36,36,4,35.68,0.5,0.5,6.73,0.0,0.3,45.71,2.5
2,2023-01-20 15:28:06,2023-01-20 15:43:35,2,3.0,3,N,25,234,1,14.32,1.0,0.5,2.33,15.44,0.3,32.89,0.0
1,2023-01-24 22:30:29,2023-01-24 23:02:05,1,4.33,1,N,78,72,2,21.26,0.5,0.5,5.6,8.89,0.3,36.55,0.0
2,2023-01-12 17:54:24,2023-01-12 18:11:09,1,4.0,1,N,186,103,2,17.58,0.5,0.5,0.0,0.0,0.3,18.38,0.0
2,2023-01-26 13:02:23,2023-01-26 13:03:56,2,0.27,2,N,120,232,1,4.59,1.0,0.5,0.56,0.0,0.3,8.45,2.5
2,2023-01-03 16:14:36,2023-01-03 16:22:10,1,2.21,1,N,113,113,1,10.95,0.0,0.5,0.0,0.0,0.3,14.25,2.5
1,2023-01-26 21:54:56,2023-01-26 22:01:56,2,1.04,3,N,128,67,2,7.18,1.0,0.5,1.22,0.0,0.3,9.2,0.0
1,2023-01-21 21:36:56,2023-01-21 21:50:11,2,1.26,3,N,224,1,1,8.9,0.5,0.5,1.98,15.09,0.3,26.77,0.0
2,2023-01-16 13:40:42,2023-01-16 14:17:39,1,7.07,1,N,186,17,3,29.51,1.0,0.5,7.13,0.0,0.3,39.94,2.5
1,2023-01-12 17:14:19,2023-01-12 17:25:27,1,1.77,1,N,237,224,2,10.36,0.5,0.5,2.87,0.0,0.3,16.53,2.5
1,2023-01-12 10:37:57,2023-01-12 12:28:24,3,9.67,1,N,87,162,2,53.97,0.0,0.5,11.0,0.0,0.3,65.77,0.0
2,2023-01-12 14:22:59,2023-01-12 14:29:54,4,0.81,1,N,158,232,1,7.45,0.5,0.5,0.0,0.0,0.3,10.75,2.5
2,2023-01-30 09:43:50,2023-01-30 09:51:42,1,1.04,1,N,67,86,1,7.4,0.0,0.5,1.32,0.0,0.3,12.02,2.5
2,2023-01-01 15:05:52,2023-01-01 15:18:59,1,4.14,1,N,29,72,2,16.88,0.0,0.5,0.0,0.0,0.3,20.18,2.5
2,2023-01-20 16:17:49,2023-01-20 16:25:43,2,1.81,1,N,113,79,2,8.61,0.0,0.5,1.56,12.5,0.3,25.97,2.5
2,2023-01-31 11:38:45,2023-01-31 11:58:00,2,2.95,1,N,113,7,1,14.73,1.0,0.5,1.55,0.0,0.3,19.58,2.5
1,2023-01-17 10:36:43,2023-01-17 10:47:00,1,2.15,1,N,261,158,1,9.99,1.0,0.5,1.44,0.0,0.3,14.73,2.5
1,2023-01-20 08:50:38,2023-01-20 09:16:42,4,2.1,1,N,97,103,1,15.28,0.5,0.5,0.0,0.0,0.3,16.08,0.0
2,2023-01-19 08:48:38,2023-01-19 09:01:49,3,1.86,1,N,45,33,2,10.87,0.0,0.5,2.9,0.0,0.3,14.57,0.0
2,2023-01-16 18:00:23,2023-01-16 18:13:33,1,2.68,1,N,162,89,2,13.28,0.5,0.5,0.0,0.0,0.3,16.58,2.5
1,2023-01-20 09:05:53,2023-01-20 09:26:14,1,3.79,1,N,158,162,1,17.6,0.0,0.5,4.86,0.0,0.3,25.76,2.5
1,2023-01-29 07:21:38,2023-01-29 08:16:46,1,7.85,1,N,128,129,3,36.64,0.0,0.5,0.0,12.38,0.3,49.82,0.0
2,2023-01-23 23:57:36,2023-01-24 00:09:16,3,2.01,1,N,261,114,1,10.77,1.0,0.5,0.0,0.0,0.3,14.07,2.5
1,2023-01-27 10:28:44,2023-01-27 10:37:29,2,1.74,1,N,17,161,1,9.44,0.0,0.5,2.5,0.0,0.3,12.74,0.0
2,2023-01-18 21:53:04,2023-01-18 22:02:08,4,1.58,1,N,236,1,1,9.17,0.0,0.5,2.5,0.0,0.3,12.47,0.0
2,2023-01-24 17:03:55,2023-01-24 17:33:00,2,7.05,2,N,36,237,1,28.1,0.0,0.5,5.99,0.0,0.3,34.89,0.0
1,2023-01-28 18:57:34,2023-01-28 19:17:29,2,3.93,1,N,25,76,1,18.02,1.0,0.5,0.0,0.0,0.3,18.82,0.0
1,2023-01-07 16:03:56,2023-01-07 16:06:34,1,0.56,1,N,25,97,1,6.47,0.5,0.5,1.03,0.0,0.3,8.3,0.0
2,2023-01-27 08:48:06,2023-01-27 08:49:42,1,0.54,1,N,45,100,1,5.59,0.5,0.5,1.13,0.0,0.3,7.52,0.0
2,2023-01-22 20:52:14,2023-01-22 20:57:29,4,1.26,1,N,121,129,2,6.58,0.0,0.5,0.0,0.0,0.3,9.88,2.5
1,2023-01-14 20:17:56,2023-01-14 20:26:08,1,2.78,1,N,236,247,1,11.93,0.5,0.5,2.4,6.18,0.3,21.31,0.0
2,2023-01-24 12:18:41,2023-01-24 12:35:31,6,2.28,1,N,158,116,1,12.71,0.5,0.5,1.97,5.59,0.3,23.57,2.5
1,2023-01-06 19:34:38,2023-01-06 20:10:41,1,3.44,1,N,29,54,1,21.25,0.0,0.5,4.61,0.0,0.3,29.16,2.5
1,2023-01-22 16:43:24,2023-01-22 16:55:46,2,2.05,1,N,202,202,1,11.06,0.0,0.5,2.78,0.0,0.3,17.14,2.5
1,2023-01-18 21:07:33,2023-01-18 21:49:07,2,6.67,1,N,120,53,2,30.3,0.5,0.5,7.59,0.0,0.3,38.69,0.0
1,2023-01-28 19:14:32,2023-01-28 19:28:14,1,4.17,2,N,72,53,3,15.68,1.0,0.5,1.94,0.0,0.3,18.42,0.0
1,2023-01-20 05:45:11,2023-01-20 06:06:59,1,2.48,1,N,132,45,1,13.89,0.5,0.5,0.0,0.0,0.3,14.69,0.0
1,2023-01-17 21:48:33,2023-01-17 22:21:05,4,5.52,1,N,53,17,1,25.98,1.0,0.5,2.78,0.0,0.3,32.06,2.5
2,2023-01-17 22:09:30,2023-01-17 22:12:50,1,0.68,1,N,120,132,1,5.56,0.5,0.5,0.0,0.0,0.3,6.36,0.0
2,2023-01-18 19:53:18,2023-01-18 20:05:25,1,2.2,2,N,116,63,1,11.03,0.5,0.5,1.58,0.0,0.3,13.41,0.0
2,2023-01-28 07:52:20,2023-01-28 08:08:09,2,2.59,1,N,121,162,1,13.55,0.5,0.5,0.0,0.0,0.3,16.85,2.5
1,2023-01-25 20:52:46,2023-01-25 21:11:05,2,3.67,1,N,45,78,1,16.23,0.0,0.5,3.43,0.0,0.3,22.96,2.5
1,2023-01-03 17:14:40,2023-01-03 17:17:08,3,0.65,1,N,129,132,2,5.1,0.5,0.5,0.88,10.08,0.3,19.36,2.5
1,2023-01-17 11:40:28,2023-01-17 11:46:35,1,1.92,1,N,247,170,2,8.61,0.0,0.5,0.0,0.0,0.3,11.91,2.5
1,2023-01-09 21:09:36,2023-01-09 21:27:27,1,3.16,1,N,224,17,1,14.97,0.0,0.5,2.06,0.0,0.3,20.33,2.5
1,2023-01-06 16:11:14,2023-01-06 16:37:22,1,3.35,1,N,163,87,1,17.7,1.0,0.5,0.0,0.0,0.3,21.0,2.5
1,2023-01-27 20:04:29,2023-01-27 20:22:41,5,5.7,1,N,129,45,2,22.36,1.0,0.5,2.59,0.0,0.3,28.25,2.5
1,2023-01-27 18:29:33,2023-01-27 19:05:13,4,4.14,1,N,162,247,1,22.5,1.0,0.5,4.61,0.0,0.3,27.91,0.0
2,2023-01-30 10:42:15,2023-01-30 10:48:44,2,2.24,1,N,237,76,1,10.54,0.0,0.5,2.74,0.0,0.3,16.58,2.5
2,2023-01-13 23:11:10,2023-01-13 23:24:29,1,3.88,1,N,79,45,1,16.02,0.0,0.5,0.0,0.0,0.3,16.82,0.0
2,2023-01-14 16:11:31,2023-01-14 16:18:02,4,2.01,1,N,100,103,1,10.07,0.0,0.5,2.38,4.74,0.3,20.49,2.5
2,2023-01-25 15:16:56,2023-01-25 15:28:26,1,2.61,1,N,45,33,1,11.97,1.0,0.5,1.28,0.0,0.3,16.55,2.5
2,2023-01-06 13:11:27,2023-01-06 14:05:43,1,4.25,1,N,72,25,2,26.83,0.0,0.5,4.39,7.53,0.3,39.55,0.0
2,2023-01-02 08:49:54,2023-01-02 09:09:05,1,2.26,1,N,161,261,1,13.65,0.0,0.5,2.97,0.0,0.3,19.92,2.5
1,2023-01-14 18:10:51,2023-01-14 18:26:28,2,3.07,1,N,101,236,2,14.44,0.5,0.5,0.0,0.0,0.3,17.74,2.5
1,2023-01-20 13:16:44,2023-01-20 13:52:18,1,4.81,2,N,129,167,1,23.91,0.5,0.5,0.0,0.0,0.3,24.71,0.0
1,2023-01-15 22:18:53,2023-01-15 22:44:37,1,3.99,2,N,202,1,1,19.33,0.5,0.5,4.13,0.0,0.3,26.76,2.5
1,2023-01-07 22:12:24,2023-01-07 22:39:08,2,5.9,1,N,186,162,2,25.06,0.5,0.5,4.59,0.0,0.3,30.45,0.0
1,2023-01-17 19:56:45,2023-01-17 21:18:36,2,13.41,1,N,67,261,1,57.64,0.5,0.5,6.39,0.0,0.3,64.83,0.0
1,2023-01-30 09:12:08,2023-01-30 09:48:08,1,3.96,1,N,224,79,1,21.59,1.0,0.5,3.23,10.8,0.3,38.92,2.5
2,2023-01-09 18:29:19,2023-01-09 18:36:06,1,1.66,1,N,202,1,2,7.97,0.0,0.5,0.0,0.0,0.3,8.77,0.0
2,2023-01-13 01:33:33,2023-01-13 01:49:41,2,3.43,1,N,103,87,2,15.25,0.0,0.5,3.13,0.0,0.3,19.18,0.0
2,2023-01-10 20:15:02,2023-01-10 20:35:58,1,3.33,1,N,1,161,1,16.11,0.5,0.5,2.6,14.49,0.3,34.0,0.0
1,2023-01-10 15:28:45,2023-01-10 15:44:57,1,3.71,1,N,117,120,1,16.74,0.5,0.5,0.0,0.0,0.3,20.04,2.5
2,2023-01-21 22:10:55,2023-01-21 22:50:32,6,7.18,1,N,45,163,2,31.32,0.5,0.5,0.0,0.0,0.3,32.12,0.0
2,2023-01-12 12:28:06,2023-01-12 12:30:22,2,0.66,1,N,63,237,4,4.7,0.5,0.5,1.11,0.0,0.3,9.11,2.5
2,2023-01-20 10:01:59,2023-01-20 10:41:18,1,7.28,1,N,36,1,2,30.66,0.5,0.5,0.0,0.0,0.3,33.96,2.5
1,2023-01-01 23:26:05,2023-01-01 23:58:30,2,9.37,1,N,114,36,1,33.79,0.5,0.5,9.08,0.0,0.3,43.67,0.0
1,2023-01-21 15:21:07,2023-01-21 16:02:51,2,3.58,1,N,25,162,2,22.45,1.0,0.5,4.08,0.0,0.3,27.33,0.0
2,2023-01-04 20:21:45,2023-01-04 20:39:17,1,3.65,1,N,161,101,1,16.49,0.0,0.5,0.0,0.0,0.3,19.79,2.5
1,2023-01-12 21:06:41,2023-01-12 21:19:39,2,1.95,1,N,261,59,1,11.51,1.0,0.5,1.42,0.0,0.3,16.23,2.5
1,2023-01-28 15:59:56,2023-01-28 16:18:34,2,2.35,2,N,116,224,1,13.78,0.5,0.5,0.0,0.0,0.3,14.58,0.0
2,2023-01-11 14:01:25,2023-01-11 14:15:58,1,3.95,1,N,100,97,1,16.82,0.0,0.5,2.51,0.0,0.3,22.63,2.5
1,2023-01-22 16:08:34,2023-01-22 16:23:54,1,3.76,1,N,100,120,2,15.47,0.0,0.5,0.0,0.0,0.3,18.77,2.5
1,2023-01-11 20:06:08,2023-01-11 20:55:26,1,4.02,1,N,129,72,1,25.06,0.5,0.5,6.91,0.0,0.3,35.27,2.5
2,2023-01-28 22:58:41,2023-01-28 23:14:59,2,3.74,1,N,1,114,2,16.9,0.5,0.5,4.15,0.0,0.3,21.85,0.0
1,2023-01-30 11:19:59,2023-01-30 11:40:56,2,4.59,1,N,236,234,1,19.44,0.5,0.5,0.0,0.0,0.3,20.24,0.0
1,2023-01-29 19:25:35,2023-01-29 19:57:22,3,4.22,1,N,129,73,1,20.68,0.5,0.5,0.0,0.0,0.3,23.98,2.5
1,2023-01-13 10:45:55,2023-01-13 10:54:29,1,1.09,1,N,1,120,1,8.27,0.0,0.5,0.0,0.0,0.3,9.07,0.0
2,2023-01-10 17:03:23,2023-01-10 17:49:08,2,4.37,1,Y,186,234,2,25.08,0.5,0.5,5.25,0.0,0.3,33.63,2.5
2,2023-01-19 20:04:58,2023-01-19 21:06:18,2,9.43,1,N,170,129,1,42.44,1.0,0.5,5.04,0.0,0.3,50.78,2.5
1,2023-01-26 21:10:32,2023-01-26 21:24:33,1,2.29,1,N,114,162,2,12.22,0.5,0.5,1.99,0.0,0.3,15.01,0.0
1,2023-01-17 14:40:08,2023-01-17 15:10:34,5,7.2,1,N,163,54,2,28.47,0.5,0.5,3.29,0.0,0.3,35.06,2.5
1,2023-01-23 12:58:21,2023-01-23 13:04:26,1,1.18,1,N,7,54,1,8.16,0.0,0.5,2.17,6.9,0.3,20.53,2.5
2,2023-01-28 10:37:29,2023-01-28 10:57:05,1,2.29,1,N,158,36,1,12.97,0.5,0.5,2.24,0.0,0.3,18.51,2.5
2,2023-01-24 07:52:04,2023-01-24 07:59:38,3,1.45,1,N,128,162,1,9.24,0.5,0.5,2.13,0.0,0.3,14.67,2.5
2,2023-01-12 12:52:53,2023-01-12 13:34:21,2,6.58,1,N,186,234,1,29.5,1.0,0.5,7.84,14.91,0.3,55.55,2.5
1,2023-01-08 20:16:14,2023-01-08 21:21:37,1,8.01,2,N,100,129,1,39.45,0.5,0.5,0.0,0.0,0.3,40.25,0.0
2,2023-01-14 13:11:40,2023-01-14 13:34:22,1,2.17,1,N,102,163,1,14.19,0.5,0.5,0.0,0.72,0.3,18.21,2.5
1,2023-01-18 11:09:55,2023-01-18 11:35:19,2,5.63,6,N,162,100,1,23.21,0.0,0.5,3.73,0.0,0.3,27.74,0.0
1,2023-01-27 19:47:26,2023-01-27 20:26:24,1,8.07,1,N,261,163,1,32.54,0.0,0.5,0.0,0.0,0.3,35.84,2.5
1,2023-01-10 09:40:36,2023-01-10 09:51:09,2,2.28,1,N,87,129,1,11.15,0.5,0.5,0.0,0.0,0.3,11.95,0.0
1,2023-01-05 10:51:31,2023-01-05 11:10:59,2,2.58,1,N,247,170,4,13.81,0.5,0.5,1.57,0.0,0.3,16.18,0.0
1,2023-01-10 22:30:45,2023-01-10 22:52:31,1,4.06,1,N,97,132,2,19.57,0.0,0.5,2.2,0.0,0.3,22.57,0.0
2,2023-01-19 06:58:02,2023-01-19 07:09:59,2,1.24,1,N,247,261,1,8.85,1.0,0.5,0.0,0.0,0.3,12.15,2.5
2,2023-01-08 13:53:21,2023-01-08 14:14:29,1,2.54,1,N,163,89,1,15.22,1.0,0.5,0.0,0.0,0.3,18.52,2.5
1,2023-01-13 16:48:36,2023-01-13 17:54:31,2,11.67,1,N,234,79,1,49.17,0.0,0.5,5.89,0.0,0.3,58.36,2.5
1,2023-01-08 09:48:05,2023-01-08 09:56:25,1,1.61,1,N,129,79,1,9.29,0.0,0.5,2.26,0.0,0.3,14.85,2.5
1,2023-01-31 10:07:51,2023-01-31 10:55:01,1,4.44,1,N,25,110,1,25.83,0.5,0.5,0.0,0.0,0.3,29.13,2.5
1,2023-01-16 09:44:37,2023-01-16 10:14:17,1,3.47,1,N,25,17,2,19.19,1.0,0.5,2.15,0.0,0.3,22.14,0.0
1,2023-01-23 12:56:00,2023-01-23 13:09:36,1,2.07,1,N,89,97,1,11.86,0.5,0.5,1.9,0.0,0.3,17.06,2.5
1,2023-01-17 21:17:00,2023-01-17 21:27:58,2,2.76,1,N,7,163,1,12.69,0.5,0.5,2.94,14.33,0.3,30.76,0.0
2,2023-01-01 13:48:09,2023-01-01 14:56:02,1,8.71,1,N,162,120,1,40.96,1.0,0.5,0.0,0.0,0.3,41.76,0.0
1,2023-01-09 13:21:39,2023-01-09 13:40:51,1,3.54,1,N,202,87,1,15.74,0.0,0.5,2.94,0.0,0.3,21.98,2.5
2,2023-01-27 12:12:31,2023-01-27 12:33:15,6,3.98,1,N,151,86,4,18.89,1.0,0.5,0.0,0.0,0.3,19.69,0.0
2,2023-01-16 22:43:28,2023-01-16 23:32:21,1,7.77,1,N,79,87,1,33.33,1.0,0.5,5.84,0.0,0.3,42.47,2.5
2,2023-01-22 07:09:33,2023-01-22 07:19:15,1,1.88,1,N,129,151,1,10.23,0.5,0.5,0.0,0.0,0.3,11.03,0.0
2,2023-01-24 20:28:29,2023-01-24 20:38:41,1,1.07,1,N,246,25,1,8.11,0.5,0.5,1.38,0.0,0.3,10.29,0.0
2,2023-01-18 11:56:20,2023-01-18 13:01:00,3,8.81,1,N,117,67,1,41.28,0.5,0.5,0.0,0.0,0.3,42.08,0.0
1,2023-01-18 22:09:00,2023-01-18 22:17:35,1,2.59,1,N,129,158,1,11.05,0.5,0.5,0.0,0.0,0.3,14.35,2.5
1,2023-01-08 11:09:01,2023-01-08 11:23:46,1,4.57,2,N,120,29,1,18.29,0.5,0.5,2.17,0.0,0.3,21.26,0.0
2,2023-01-08 06:56:41,2023-01-08 07:02:09,3,1.32,1,N,102,223,2,7.77,0.5,0.5,1.18,0.0,0.3,9.75,0.0
1,2023-01-05 15:46:44,2023-01-05 15:58:31,1,3.13,1,N,97,7,1,15.15,1.0,0.5,0.0,0.0,0.3,18.45,2.5
2,2023-01-10 09:27:14,2023-01-10 09:39:01,3,1.03,1,N,129,87,1,8.59,0.5,0.5,0.0,0.0,0.3,11.89,2.5
1,2023-01-20 19:24:14,2023-01-20 19:44:20,1,2.45,1,N,79,103,1,14.83,1.0,0.5,2.61,0.0,0.3,18.24,0.0
1,2023-01-29 18:57:24,2023-01-29 19:06:40,1,1.44,1,N,247,167,1,8.17,0.5,0.5,1.81,0.0,0.3,13.28,2.5
2,2023-01-14 18:43:38,2023-01-14 18:46:23,2,1.21,1,N,151,116,1,7.23,1.0,0.5,0.0,0.0,0.3,10.53,2.5
1,2023-01-19 08:54:35,2023-01-19 09:06:34,1,1.86,1,N,224,7,1,10.76,0.0,0.5,0.0,0.0,0.3,11.56,0.0
1,2023-01-27 18:05:33,2023-01-27 18:07:21,1,0.42,1,N,113,78,2,4.64,0.0,0.5,0.61,11.26,0.3,17.31,0.0
1,2023-01-21 11:31:02,2023-01-21 11:35:53,1,0.98,2,N,53,86,1,6.81,0.5,0.5,0.79,0.65,0.3,11.55,2.5
2,2023-01-09 23:43:25,2023-01-10 00:04:27,1,4.21,1,N,29,121,1,19.64,0.0,0.5,4.7,0.0,0.3,27.64,2.5
1,2023-01-09 19:02:45,2023-01-09 19:20:18,4,3.04,1,N,100,161,1,15.12,1.0,0.5,0.0,0.0,0.3,18.42,2.5
1,2023-01-20 17:30:35,2023-01-20 17:40:03,4,1.05,1,N,79,96,2,7.6,0.0,0.5,0.0,0.0,0.3,10.9,2.5
2,2023-01-09 20:03:48,2023-01-09 21:00:10,1,3.53,1,N,232,79,1,25.61,0.5,0.5,4.25,0.0,0.3,33.16,2.5
1,2023-01-08 17:54:41,2023-01-08 17:58:56,1,1.21,1,N,161,120,2,7.5,0.5,0.5,1.15,0.0,0.3,9.45,0.0
1,2023-01-19 16:40:53,2023-01-19 17:09:57,4,4.02,1,N,59,25,1,20.54,1.0,0.5,5.45,0.0,0.3,26.79,0.0
2,2023-01-20 09:11:34,2023-01-20 09:36:34,2,2.15,1,N,170,63,2,13.86,0.0,0.5,3.85,0.0,0.3,18.51,0.0
2,2023-01-08 18:31:34,2023-01-08 18:40:25,2,1.83,1,N,45,129,1,10.05,1.0,0.5,0.0,0.0,0.3,10.85,0.0
1,2023-01-02 12:06:33,2023-01-02 12:17:14,3,2.19,5,N,97,73,2,10.61,0.0,0.5,0.0,0.0,0.3,11.41,0.0
2,2023-01-24 05:48:15,2023-01-24 06:56:25,1,15.95,1,N,161,1,1,60.14,0.0,0.5,11.41,8.64,0.3,83.49,2.5
1,2023-01-13 20:11:26,2023-01-13 20:16:22,1,1.32,1,N,237,167,3,7.13,0.0,0.5,1.35,0.0,0.3,11.78,2.5
2,2023-01-20 05:36:10,2023-01-20 05:58:38,3,2.77,1,N,36,261,2,15.4,1.0,0.5,2.83,0.0,0.3,21.53,2.5
1,2023-01-06 18:04:25,2023-01-06 18:37:55,1,4.2,1,N,29,72,1,21.61,0.0,0.5,2.24,0.0,0.3,24.65,0.0
1,2023-01-10 08:09:08,2023-01-10 08:16:29,2,1.14,1,N,250,29,2,8.45,0.0,0.5,1.04,0.0,0.3,10.29,0.0
1,2023-01-19 13:58:29,2023-01-19 14:01:27,4,0.71,1,Y,29,114,1,5.72,0.0,0.5,0.72,0.0,0.3,9.74,2.5
2,2023-01-04 20:23:57,2023-01-04 20:42:54,1,1.49,1,N,246,161,2,12.09,0.5,0.5,0.0,0.0,0.3,15.39,2.5
1,2023-01-10 07:07:27,2023-01-10 07:30:00,3,4.14,1,N,7,224,1,20.44,0.5,0.5,4.18,0.0,0.3,27.92,2.5
1,2023-01-23 18:41:44,2023-01-23 18:49:00,1,1.81,1,N,102,237,1,9.37,0.0,0.5,0.0,0.0,0.3,12.67,2.5
1,2023-01-24 17:12:26,2023-01-24 17:20:28,4,1.97,1,N,54,100,1,10.68,0.5,0.5,1.5,0.0,0.3,12.98,0.0
1,2023-01-11 20:35:54,2023-01-11 20:56:08,1,4.63,5,N,96,100,2,19.29,0.5,0.5,4.61,0.0,0.3,27.2,2.5
1,2023-01-04 08:48:12,2023-01-04 08:53:05,1,1.28,1,N,117,224,2,8.05,0.5,0.5,0.0,0.0,0.3,11.35,2.5
2,2023-01-01 19:41:50,2023-01-01 20:17:25,2,2.19,1,N,132,132,1,16.97,0.5,0.5,0.0,0.0,0.3,17.77,0.0
2,2023-01-18 14:14:43,2023-01-18 14:17:02,4,0.75,1,N,224,261,1,5.45,1.0,0.5,0.0,0.0,0.3,8.75,2.5
1,2023-01-22 13:14:53,2023-01-22 13:29:55,2,2.98,3,N,33,224,2,14.48,0.5,0.5,2.01,0.0,0.3,19.79,2.5
2,2023-01-19 12:13:07,2023-01-19 12:22:41,2,2.78,1,N,170,161,1,12.69,1.0,0.5,3.37,0.0,0.3,16.86,0.0
2,2023-01-13 12:37:53,2023-01-13 13:15:53,5,4.25,1,N,236,132,3,22.49,0.0,0.5,6.03,0.0,0.3,31.82,2.5
1,2023-01-01 15:40:54,2023-01-01 15:51:55,2,0.99,1,N,76,234,1,7.8,0.5,0.5,0.93,0.0,0.3,12.03,2.5
1,2023-01-08 07:31:17,2023-01-08 07:37:10,3,2.03,1,N,167,120,1,9.85,0.5,0.5,1.33,10.0,0.3,24.48,2.5
2,2023-01-02 13:23:37,2023-01-02 13:30:56,1,0.9,1,N,1,59,1,6.9,0.5,0.5,0.95,0.0,0.3,11.15,2.5
2,2023-01-15 18:03:35,2023-01-15 18:16:08,1,1.95,1,N,87,1,4,10.32,0.0,0.5,2.73,0.0,0.3,16.35,2.5
1,2023-01-10 15:50:02,2023-01-10 16:23:19,1,7.11,2,N,33,96,1,29.06,0.5,0.5,3.31,0.0,0.3,33.17,0.0
2,2023-01-03 08:39:31,2023-01-03 08:47:21,4,1.84,1,N,7,113,3,9.5,0.5,0.5,2.23,0.0,0.3,15.03,2.5
2,2023-01-19 12:38:39,2023-01-19 12:41:50,1,0.84,1,N,79,129,1,5.99,0.5,0.5,0.91,0.0,0.3,7.7,0.0
1,2023-01-12 14:06:12,2023-01-12 14:13:36,1,1.41,1,N,224,234,1,8.64,0.0,0.5,0.0,0.0,0.3,11.94,2.5
2,2023-01-30 18:17:21,2023-01-30 18:23:19,1,0.7,1,N,162,33,1,6.48,0.0,0.5,0.0,0.0,0.3,7.28,0.0
1,2023-01-13 21:18:35,2023-01-13 21:22:28,1,0.89,1,N,117,73,2,5.81,0.5,0.5,1.42,0.0,0.3,8.03,0.0
2,2023-01-03 16:35:55,2023-01-03 16:52:44,2,3.87,1,N,247,237,1,16.68,0.5,0.5,3.68,0.0,0.3,23.66,2.5
2,2023-01-22 18:47:03,2023-01-22 18:56:03,1,0.79,3,N,1,161,1,7.69,0.5,0.5,0.0,0.0,0.3,8.49,0.0
1,2023-01-22 06:51:56,2023-01-22 07:01:48,3,2.96,1,N,128,89,2,12.6,0.5,0.5,1.8,1.82,0.3,17.02,0.0
2,2023-01-29 22:31:48,2023-01-29 23:06:59,3,2.39,1,N,223,100,1,17.57,0.5,0.5,0.0,0.0,0.3,20.87,2.5
2,2023-01-22 11:21:50,2023-01-22 11:27:53,2,1.57,1,N,113,102,2,7.69,0.0,0.5,1.5,3.44,0.3,13.43,0.0
1,2023-01-12 12:24:02,2023-01-12 12:44:12,1,2.77,1,N,121,96,2,14.95,0.0,0.5,3.72,0.0,0.3,21.97,2.5
1,2023-01-21 09:44:34,2023-01-21 09:49:38,3,1.16,1,N,163,89,1,7.34,0.5,0.5,1.25,0.0,0.3,9.39,0.0
1,2023-01-25 06:19:22,2023-01-25 06:40:06,1,4.4,1,N,236,232,1,18.2,0.5,0.5,0.0,0.0,0.3,21.5,2.5
1,2023-01-17 19:24:55,2023-01-17 19:32:59,1,1.39,1,N,73,36,1,7.96,0.5,0.5,1.07,0.0,0.3,12.33,2.5
2,2023-01-25 09:47:44,2023-01-25 09:56:10,1,1.75,1,N,53,89,1,8.77,0.0,0.5,2.23,12.68,0.3,26.98,2.5
2,2023-01-30 10:32:38,2023-01-30 10:42:05,1,1.6,1,N,101,167,2,9.76,1.0,0.5,2.56,0.0,0.3,15.62,2.5
2,2023-01-24 08:28:01,2023-01-24 08:45:07,2,3.92,1,N,162,132,1,16.12,0.5,0.5,3.43,0.0,0.3,22.85,2.5
1,2023-01-16 23:44:52,2023-01-16 23:53:38,1,3.52,1,N,202,17,4,13.96,0.0,0.5,0.0,0.0,0.3,17.26,2.5
2,2023-01-16 19:17:29,2023-01-16 19:20:37,3,0.33,1,N,162,121,1,4.97,0.5,0.5,0.86,0.0,0.3,6.63,0.0
1,2023-01-26 22:03:09,2023-01-26 22:57:32,2,2.83,2,N,224,237,1,23.77,0.0,0.5,5.37,0.0,0.3,32.44,2.5
2,2023-01-28 20:47:52,2023-01-28 20:52:05,1,0.63,1,N,89,223,1,5.41,0.0,0.5,0.55,12.12,0.3,21.38,2.5
2,2023-01-09 21:27:54,2023-01-09 21:40:20,1,1.81,1,N,54,36,1,10.81,1.0,0.5,1.62,0.0,0.3,13.23,0.0
1,2023-01-01 14:19:29,2023-01-01 14:33:45,2,2.16,1,N,117,261,3,12.49,1.0,0.5,0.0,0.0,0.3,13.29,0.0
2,2023-01-25 08:05:39,2023-01-25 08:20:17,1,1.8,1,N,132,114,2,11.11,0.5,0.5,0.0,0.0,0.3,11.91,0.0
1,2023-01-08 11:55:36,2023-01-08 12:09:36,1,3.41,1,N,72,161,1,13.91,0.5,0.5,3.78,0.0,0.3,20.99,2.5
2,2023-01-31 10:43:18,2023-01-31 11:22:10,2,4.02,1,Y,121,73,3,23.34,0.5,0.5,4.77,4.71,0.3,33.62,0.0
2,2023-01-02 18:16:44,2023-01-02 18:23:02,1,1.31,1,N,162,234,1,8.05,0.5,0.5,2.05,0.0,0.3,13.4,2.5
2,2023-01-29 02:36:59,2023-01-29 02:42:41,1,1.27,1,N,234,79,1,7.58,0.5,0.5,1.85,0.0,0.3,12.73,2.5
1,2023-01-22 08:27:56,2023-01-22 08:39:30,1,2.28,1,N,29,29,2,10.6,0.5,0.5,2.54,0.0,0.3,13.94,0.0
1,2023-01-10 18:19:41,2023-01-10 18:23:12,2,0.74,1,N,129,261,1,5.58,0.0,0.5,0.67,0.0,0.3,9.55,2.5
1,2023-01-02 07:18:21,2023-01-02 07:24:53,1,1.64,1,N,161,163,1,8.3,0.0,0.5,1.55,0.0,0.3,13.15,2.5
2,2023-01-27 05:04:54,2023-01-27 05:40:57,2,6.43,1,N,120,161,2,27.48,0.5,0.5,5.15,0.0,0.3,35.93,2.5
1,2023-01-04 07:58:55,2023-01-04 08:03:52,1,0.76,1,N,89,53,1,6.07,0.5,0.5,1.47,0.0,0.3,10.84,2.5
2,2023-01-03 18:55:00,2023-01-03 19:03:36,1,1.81,1,N,161,97,1,9.41,1.0,0.5,1.93,0.0,0.3,14.64,2.5
2,2023-01-25 08:52:20,2023-01-25 08:59:09,3,1.5,1,N,113,76,2,8.22,0.0,0.5,2.04,0.0,0.3,11.06,0.0
1,2023-01-22 08:18:33,2023-01-22 09:01:31,2,10.53,1,N,86,1,1,40.44,1.0,0.5,0.0,6.63,0.3,47.87,0.0
2,2023-01-04 09:59:34,2023-01-04 10:16:40,5,1.56,1,N,89,76,2,11.31,0.0,0.5,2.26,15.88,0.3,30.25,0.0
1,2023-01-11 19:16:42,2023-01-11 19:26:42,1,1.63,6,N,234,116,2,9.33,0.0,0.5,2.26,0.0,0.3,14.89,2.5
2,2023-01-21 08:49:30,2023-01-21 08:58:45,1,1.08,1,N,129,116,1,7.7,1.0,0.5,1.55,0.0,0.3,10.05,0.0
1,2023-01-21 04:06:00,2023-01-21 04:16:54,2,2.36,1,N,79,114,1,11.4,0.5,0.5,2.42,0.0,0.3,14.62,0.0
1,2023-01-12 21:18:09,2023-01-12 21:30:36,4,2.87,1,Y,129,97,2,13.17,0.0,0.5,2.45,2.66,0.3,21.58,2.5
1,2023-01-13 21:34:45,2023-01-13 21:42:22,2,1.2,1,N,87,103,1,8.2,0.5,0.5,2.24,0.0,0.3,13.74,2.5
1,2023-01-03 08:58:41,2023-01-03 09:35:45,2,4.91,1,N,97,110,1,24.02,0.5,0.5,5.94,0.0,0.3,33.26,2.5
2,2023-01-01 10:15:39,2023-01-01 10:28:44,2,2.87,1,N,113,158,1,14.18,1.0,0.5,3.34,0.0,0.3,20.82,2.5
1,2023-01-30 08:25:26,2023-01-30 08:52:05,1,4.43,2,N,237,79,1,21.03,0.5,0.5,3.35,0.0,0.3,27.68,2.5
1,2023-01-08 18:50:16,2023-01-08 18:56:21,2,1.83,1,N,132,54,1,7.73,0.5,0.5,1.45,0.0,0.3,9.98,0.0
1,2023-01-29 09:28:18,2023-01-29 09:36:29,2,2.81,1,N,232,236,2,12.12,0.5,0.5,3.09,0.0,0.3,16.01,0.0
2,2023-01-02 22:40:41,2023-01-02 22:48:28,1,1.99,1,N,163,163,1,10.44,0.0,0.5,2.8,0.0,0.3,16.54,2.5
2,2023-01-31 20:25:30,2023-01-31 21:02:03,1,6.98,1,N,79,234,1,29.78,0.5,0.5,0.0,0.0,0.3,33.08,2.5
2,2023-01-14 17:00:07,2023-01-14 17:07:24,1,2.55,1,N,54,54,2,10.99,0.0,0.5,0.0,0.0,0.3,14.29,2.5
2,2023-01-25 00:16:23,2023-01-25 00:28:42,1,2.36,1,N,73,73,1,11.95,0.0,0.5,0.0,0.0,0.3,15.25,2.5
2,2023-01-27 21:33:49,2023-01-27 21:45:12,1,1.66,1,N,1,246,1,10.09,0.5,0.5,0.0,0.0,0.3,10.89,0.0
2,2023-01-11 19:01:35,2023-01-11 19:13:20,1,1.59,1,N,87,232,2,10.3,0.5,0.5,2.42,0.0,0.3,16.02,2.5
2,2023-01-23 19:13:51,2023-01-23 19:34:46,2,2.8,1,N,113,129,1,14.53,0.5,0.5,2.36,0.0,0.3,17.69,0.0
2,2023-01-11 06:57:30,2023-01-11 07:22:20,1,4.33,1,N,186,202,1,19.73,0.5,0.5,5.04,0.0,0.3,28.07,2.5
2,2023-01-25 18:00:29,2023-01-25 18:07:12,1,1.4,1,N,17,45,2,9.0,1.0,0.5,0.92,0.0,0.3,13.22,2.5
2,2023-01-30 20:14:56,2023-01-30 20:40:06,2,2.57,1,N,1,120,1,15.74,0.0,0.5,0.0,6.87,0.3,23.41,0.0
2,2023-01-26 22:37:30,2023-01-26 22:55:45,1,2.69,1,N,36,158,1,15.05,0.0,0.5,0.0,0.0,0.3,18.35,2.5
1,2023-01-23 16:33:08,2023-01-23 16:49:16,1,3.06,1,N,97,102,2,16.18,0.0,0.5,1.99,0.0,0.3,21.47,2.5
2,2023-01-12 15:12:24,2023-01-12 15:15:18,4,0.65,1,N,114,76,1,5.11,0.5,0.5,0.0,0.0,0.3,5.91,0.0
1,2023-01-04 13:03:38,2023-01-04 13:10:23,2,1.17,1,N,53,170,2,7.02,0.5,0.5,1.58,0.0,0.3,11.9,2.5
1,2023-01-16 18:53:20,2023-01-16 18:57:42,2,0.84,1,N,247,86,1,6.06,0.5,0.5,1.46,15.32,0.3,23.64,0.0
2,2023-01-05 21:33:24,2023-01-05 21:55:23,2,2.4,1,N,186,162,2,15.05,0.5,0.5,3.41,0.0,0.3,19.26,0.0
2,2023-01-16 17:34:52,2023-01-16 17:44:29,1,1.19,1,N,202,128,1,9.0,0.5,0.5,0.0,4.02,0.3,16.32,2.5
2,2023-01-27 09:03:26,2023-01-27 09:12:51,1,1.61,1,N,163,87,1,10.52,0.5,0.5,1.21,0.0,0.3,15.03,2.5
2,2023-01-04 01:12:18,2023-01-04 01:16:49,1,0.96,3,N,232,132,1,6.51,0.0,0.5,1.66,13.48,0.3,22.45,0.0
1,2023-01-28 17:04:06,2023-01-28 17:13:09,1,1.73,1,N,161,97,1,9.84,0.0,0.5,2.73,0.0,0.3,15.87,2.5
2,2023-01-19 20:58:24,2023-01-19 21:06:22,5,1.01,3,N,170,101,1,7.16,0.0,0.5,0.0,0.0,0.3,10.46,2.5
1,2023-01-02 06:46:45,2023-01-02 07:12:36,2,4.13,1,N,29,261,2,18.54,0.0,0.5,0.0,0.0,0.3,21.84,2.5
1,2023-01-23 13:32:17,2023-01-23 13:43:04,2,3.35,1,N,79,79,2,14.05,0.0,0.5,3.32,1.7,0.3,19.87,0.0
1,2023-01-01 22:40:28,2023-01-01 22:52:39,2,2.62,1,N,158,78,1,12.02,0.0,0.5,0.0,0.0,0.3,12.82,0.0
2,2023-01-19 15:09:39,2023-01-19 15:21:01,2,1.87,1,N,103,45,2,10.84,0.5,0.5,2.96,0.0,0.3,17.1,2.5
2,2023-01-16 09:59:55,2023-01-16 10:04:13,1,0.51,1,N,7,236,1,4.41,0.5,0.5,0.0,0.0,0.3,7.71,2.5
2,2023-01-24 12:31:48,2023-01-24 12:44:15,3,1.66,1,N,151,246,1,9.89,0.0,0.5,1.15,0.0,0.3,11.84,0.0
1,2023-01-12 13:30:17,2023-01-12 13:37:49,2,1.32,1,N,87,170,1,8.32,0.0,0.5,0.0,0.0,0.3,11.62,2.5
2,2023-01-04 07:57:09,2023-01-04 08:11:40,2,2.82,1,Y,86,162,2,13.87,0.0,0.5,0.0,0.0,0.3,17.17,2.5
1,2023-01-13 18:05:40,2023-01-13 18:22:50,1,3.72,1,N,234,86,1,16.57,0.5,0.5,0.0,0.0,0.3,19.87,2.5
1,2023-01-24 17:25:15,2023-01-24 17:39:57,1,2.98,1,N,45,73,1,15.06,0.5,0.5,3.48,0.0,0.3,21.84,2.5
1,2023-01-30 17:05:23,2023-01-30 17:45:06,1,6.03,1,N,102,170,1,28.79,0.5,0.5,0.0,0.0,0.3,32.09,2.5
1,2023-01-07 17:25:06,2023-01-07 17:35:43,1,1.53,1,N,116,237,1,9.14,0.5,0.5,2.36,0.0,0.3,14.8,2.5
1,2023-01-11 01:16:46,2023-01-11 01:20:39,2,1.48,1,N,72,79,1,8.48,0.0,0.5,1.53,0.0,0.3,13.31,2.5
1,2023-01-28 08:27:09,2023-01-28 09:03:12,4,5.1,5,N,97,224,1,25.64,1.0,0.5,3.18,0.0,0.3,29.62,0.0
1,2023-01-10 08:42:22,2023-01-10 09:07:08,2,2.65,1,N,25,54,1,15.76,0.0,0.5,3.75,8.72,0.3,31.53,2.5
2,2023-01-08 07:16:24,2023-01-08 07:37:05,1,1.94,1,N,87,236,1,13.05,0.5,0.5,2.55,0.0,0.3,16.4,0.0
2,2023-01-26 19:03:02,2023-01-26 20:04:13,1,9.35,1,N,234,224,1,41.65,0.5,0.5,8.61,0.0,0.3,51.06,0.0
1,2023-01-16 07:09:46,2023-01-16 07:24:13,1,3.61,1,N,45,29,1,15.32,0.5,0.5,2.59,0.0,0.3,21.21,2.5
1,2023-01-19 18:42:37,2023-01-19 18:57:04,1,2.03,1,N,100,223,2,11.42,0.5,0.5,2.6,0.0,0.3,14.82,0.0
2,2023-01-16 08:34:32,2023-01-16 08:39:06,1,1.4,1,N,132,29,1,8.3,0.5,0.5,0.0,2.24,0.3,13.84,2.5
2,2023-01-19 07:58:10,2023-01-19 08:34:29,1,6.33,1,N,237,128,1,28.12,0.5,0.5,5.3,0.0,0.3,36.72,2.5
2,2023-01-09 08:53:03,2023-01-09 09:03:17,1,2.73,1,N,236,247,1,12.11,1.0,0.5,2.14,9.11,0.3,26.66,2.5
2,2023-01-23 15:09:03,2023-01-23 15:27:12,1,2.38,1,N,121,100,1,13.03,0.0,0.5,3.05,0.0,0.3,19.38,2.5
1,2023-01-12 17:44:37,2023-01-12 18:14:07,1,3.89,1,N,117,73,1,19.72,0.5,0.5,2.92,0.0,0.3,25.94,2.5
2,2023-01-17 20:05:44,2023-01-17 20:30:46,3,4.53,1,N,170,67,1,20.5,0.0,0.5,2.91,10.39,0.3,34.6,0.0
1,2023-01-06 07:05:47,2023-01-06 07:22:35,6,3.53,1,N,246,117,1,16.49,0.5,0.5,2.6,0.0,0.3,19.89,0.0
2,2023-01-01 17:47:48,2023-01-01 18:15:36,3,4.54,1,N,1,237,2,20.87,0.5,0.5,0.0,0.0,0.3,24.17,2.5
2,2023-01-18 19:24:23,2023-01-18 19:41:10,1,3.28,1,N,89,170,1,15.85,0.5,0.5,0.0,0.0,0.3,19.15,2.5
1,2023-01-05 11:59:00,2023-01-05 12:15:14,1,3.55,1,N,73,132,2,16.03,0.5,0.5,3.58,0.0,0.3,22.91,2.5
2,2023-01-29 06:00:14,2023-01-29 06:13:29,2,1.35,1,N,102,1,1,9.76,0.5,0.5,1.56,0.0,0.3,14.62,2.5
2,2023-01-30 08:30:47,2023-01-30 09:30:03,2,9.1,1,N,121,224,2,41.08,0.5,0.5,7.22,0.0,0.3,51.6,2.5
2,2023-01-10 07:18:45,2023-01-10 07:25:13,2,0.93,1,N,232,72,2,7.37,0.5,0.5,1.48,0.0,0.3,12.15,2.5
1,2023-01-09 21:59:30,2023-01-09 22:19:40,3,2.95,2,N,236,89,1,14.72,1.0,0.5,2.47,6.99,0.3,27.48,2.5
2,2023-01-16 12:40:01,2023-01-16 12:44:13,1,0.86,1,N,224,36,1,5.66,0.0,0.5,1.28,0.0,0.3,10.24,2.5
2,2023-01-07 15:46:46,2023-01-07 16:01:48,6,2.17,1,N,25,86,1,12.07,0.5,0.5,2.63,0.0,0.3,15.5,0.0
2,2023-01-27 19:17:48,2023-01-27 19:36:26,2,1.52,1,N,103,170,2,11.64,1.0,0.5,2.75,0.0,0.3,17.69,2.5
1,2023-01-04 12:53:13,2023-01-04 13:09:25,1,2.59,1,N,120,114,1,14.21,0.0,0.5,0.0,3.36,0.3,20.87,2.5
1,2023-01-15 17:50:48,2023-01-15 18:16:41,1,3.02,1,N,158,114,1,17.06,0.5,0.5,2.83,0.0,0.3,20.69,0.0
1,2023-01-06 06:47:38,2023-01-06 06:53:02,2,1.14,1,N,162,234,1,8.05,0.0,0.5,1.1,0.0,0.3,9.95,0.0
1,2023-01-26 14:28:53,2023-01-26 14:38:31,1,2.29,1,N,103,186,2,10.78,1.0,0.5,0.0,0.0,0.3,14.08,2.5
1,2023-01-05 07:55:37,2023-01-05 09:22:34,1,6.65,1,N,224,162,1,41.1,0.5,0.5,10.57,0.0,0.3,54.97,2.5
1,2023-01-14 09:40:05,2023-01-14 09:46:45,2,0.87,1,N,162,33,1,6.69,1.0,0.5,0.81,0.0,0.3,8.3,0.0
1,2023-01-26 11:03:38,2023-01-26 11:09:47,2,1.23,1,N,234,89,1,7.2,0.5,0.5,1.0,0.0,0.3,9.0,0.0
1,2023-01-14 18:53:06,2023-01-14 19:36:41,3,4.46,2,N,163,237,1,25.63,0.5,0.5,5.63,0.0,0.3,34.56,2.5
1,2023-01-06 18:01:15,2023-01-06 18:11:47,1,2.48,1,N,170,162,1,10.45,0.5,0.5,2.13,0.0,0.3,13.38,0.0
2,2023-01-05 19:40:52,2023-01-05 19:50:55,4,2.62,1,Y,120,129,2,11.81,0.5,0.5,3.13,0.0,0.3,18.24,2.5
1,2023-01-19 06:14:58,2023-01-19 06:45:38,1,5.04,1,N,45,162,3,23.84,0.5,0.5,2.51,0.0,0.3,29.65,2.5
1,2023-01-04 23:53:28,2023-01-05 00:03:22,4,1.29,1,N,162,114,2,8.55,0.0,0.5,2.21,0.0,0.3,11.56,0.0
1,2023-01-12 05:43:17,2023-01-12 06:05:02,1,1.58,1,N,224,129,1,12.92,0.0,0.5,2.98,11.3,0.3,30.5,2.5
2,2023-01-19 20:48:23,2023-01-19 20:54:25,1,1.44,1,N,114,121,1,9.21,0.5,0.5,2.21,12.46,0.3,27.18,2.5
1,2023-01-12 19:41:14,2023-01-12 19:46:02,4,1.8,1,N,162,224,1,8.74,0.0,0.5,1.47,0.0,0.3,11.01,0.0
1,2023-01-26 17:34:34,2023-01-26 17:53:02,1,6.39,6,N,63,102,1,24.18,0.5,0.5,3.76,0.0,0.3,31.24,2.5
1,2023-01-22 13:51:25,2023-01-22 13:55:25,3,0.65,1,N,232,161,2,6.84,1.0,0.5,0.0,0.0,0.3,7.64,0.0
1,2023-01-05 19:17:03,2023-01-05 19:25:22,1,0.96,1,N,87,129,2,7.68,0.5,0.5,1.86,0.0,0.3,10.34,0.0
1,2023-01-26 19:31:36,2023-01-26 19:35:05,1,0.84,1,N,114,163,3,5.95,0.0,0.5,0.77,0.0,0.3,7.52,0.0
1,2023-01-29 08:17:38,2023-01-29 08:57:48,2,6.69,1,N,158,79,2,30.22,1.0,0.5,4.25,8.39,0.3,43.66,0.0
2,2023-01-07 19:06:40,2023-01-07 19:13:43,1,1.48,1,N,161,97,1,9.06,0.5,0.5,1.36,0.0,0.3,11.22,0.0
1,2023-01-12 06:52:56,2023-01-12 07:02:16,2,1.83,1,N,224,202,1,9.89,1.0,0.5,2.54,13.92,0.3,29.65,2.5
2,2023-01-13 15:29:42,2023-01-13 15:33:33,1,0.7,1,N,132,250,2,5.47,0.0,0.5,0.83,0.0,0.3,7.1,0.0
1,2023-01-14 17:03:40,2023-01-14 17:11:05,2,1.92,1,N,161,161,1,10.52,0.0,0.5,1.86,0.0,0.3,15.68,2.5
1,2023-01-15 20:49:12,2023-01-15 21:06:17,2,4.48,1,N,120,224,2,18.34,0.0,0.5,4.3,2.92,0.3,26.36,0.0
2,2023-01-28 14:56:27,2023-01-28 15:16:12,1,2.83,1,N,247,121,1,15.61,0.5,0.5,4.07,0.0,0.3,22.98,2.5
1,2023-01-21 09:39:26,2023-01-21 09:56:59,1,2.16,1,N,79,67,1,12.92,1.0,0.5,0.0,3.67,0.3,17.39,0.0
1,2023-01-28 15:19:57,2023-01-28 15:30:35,2,0.72,1,Y,158,250,1,8.38,0.5,0.5,1.65,1.32,0.3,14.65,2.5
1,2023-01-11 09:51:28,2023-01-11 10:03:24,1,1.83,1,N,117,128,1,10.14,0.0,0.5,1.02,0.0,0.3,14.46,2.5
1,2023-01-17 15:44:41,2023-01-17 16:07:18,2,2.61,1,N,129,63,1,14.76,0.0,0.5,0.0,0.0,0.3,15.56,0.0
1,2023-01-04 14:17:32,2023-01-04 14:22:56,6,1.11,1,N,234,161,1,7.56,0.5,0.5,1.1,0.0,0.3,11.96,2.5
2,2023-01-09 19:19:03,2023-01-09 19:43:53,1,3.82,1,N,45,237,1,18.19,0.0,0.5,3.17,0.0,0.3,24.66,2.5
1,2023-01-19 09:59:56,2023-01-19 10:28:15,1,4.54,1,N,234,117,1,21.49,0.0,0.5,3.55,0.0,0.3,25.84,0.0
1,2023-01-06 08:57:40,2023-01-06 09:04:15,4,1.57,2,N,246,1,1,9.35,0.5,0.5,1.8,0.0,0.3,14.45,2.5
1,2023-01-30 14:40:13,2023-01-30 15:00:02,4,4.03,1,N,63,170,2,17.14,0.0,0.5,2.99,0.0,0.3,23.43,2.5
2,2023-01-09 05:02:03,2023-01-09 05:14:54,1,2.15,1,N,261,163,1,11.79,0.5,0.5,0.0,0.0,0.3,15.09,2.5
1,2023-01-06 09:13:56,2023-01-06 09:30:36,3,5.53,1,N,79,121,2,21.6,0.5,0.5,0.0,0.0,0.3,22.4,0.0
2,2023-01-25 12:21:18,2023-01-25 13:07:48,1,10.76,1,N,59,132,1,41.51,0.5,0.5,11.58,0.0,0.3,56.39,2.5
2,2023-01-03 14:32:01,2023-01-03 14:38:55,2,1.03,1,N,162,261,2,6.84,0.0,0.5,0.0,0.0,0.3,10.14,2.5
1,2023-01-11 10:52:36,2023-01-11 11:20:04,1,4.17,1,Y,128,234,1,20.16,0.5,0.5,0.0,0.0,0.3,20.96,0.0
1,2023-01-07 16:50:00,2023-01-07 17:16:25,1,6.23,1,N,36,59,2,24.76,0.0,0.5,4.24,0.0,0.3,29.8,0.0
1,2023-01-22 21:16:12,2023-01-22 21:22:11,1,1.13,1,N,186,97,1,7.36,1.0,0.5,2.01,0.0,0.3,10.17,0.0
2,2023-01-27 16:06:53,2023-01-27 16:20:12,1,1.52,1,N,162,102,1,9.99,0.5,0.5,2.68,0.0,0.3,15.97,2.5
2,2023-01-07 10:16:02,2023-01-07 10:22:11,1,1.51,1,N,186,89,2,8.06,0.5,0.5,1.38,1.13,0.3,11.37,0.0
2,2023-01-13 06:14:45,2023-01-13 06:22:16,1,2.12,1,N,53,45,1,10.41,0.0,0.5,0.0,0.0,0.3,11.21,0.0
1,2023-01-15 08:53:37,2023-01-15 09:00:09,5,1.79,1,N,161,67,1,9.9,0.0,0.5,0.0,0.0,0.3,10.7,0.0
1,2023-01-22 16:00:18,2023-01-22 16:06:43,1,2.02,1,N,232,101,1,9.82,0.5,0.5,0.0,0.0,0.3,10.62,0.0
1,2023-01-11 18:49:17,2023-01-11 19:00:43,2,4.39,1,N,161,246,2,17.51,0.5,0.5,3.94,0.0,0.3,22.25,0.0
1,2023-01-17 05:39:28,2023-01-17 05:41:07,1,0.56,1,N,224,163,1,5.6,0.0,0.5,0.84,0.0,0.3,7.24,0.0
1,2023-01-16 08:06:31,2023-01-16 08:12:11,6,1.13,1,N,29,114,2,6.95,0.0,0.5,1.72,0.0,0.3,9.47,0.0
1,2023-01-01 11:41:53,2023-01-01 12:05:51,1,3.87,1,N,234,101,1,18.8,0.5,0.5,3.77,0.0,0.3,23.37,0.0
1,2023-01-18 11:34:15,2023-01-18 12:14:50,1,3.54,1,N,17,29,1,21.79,0.5,0.5,4.02,0.0,0.3,29.11,2.5
1,2023-01-18 22:00:35,2023-01-18 22:06:37,2,1.06,1,N,97,78,1,6.42,1.0,0.5,1.5,0.0,0.3,8.72,0.0
2,2023-01-31 09:13:41,2023-01-31 09:30:24,1,3.56,1,N,129,110,2,16.26,0.0,0.5,2.71,0.0,0.3,22.27,2.5
2,2023-01-16 06:20:00,2023-01-16 06:55:37,1,6.33,1,N,161,128,1,27.21,1.0,0.5,4.82,0.0,0.3,35.33,2.5
2,2023-01-28 12:12:53,2023-01-28 12:39:23,1,2.26,1,N,129,114,1,15.52,0.5,0.5,3.37,0.0,0.3,22.19,2.5
2,2023-01-11 07:34:59,2023-01-11 07:42:00,1,1.1,1,N,29,202,4,6.73,0.0,0.5,1.45,13.74,0.3,25.22,2.5
2,2023-01-22 07:36:05,2023-01-22 07:56:16,1,4.51,3,N,100,236,1,19.41,0.0,0.5,0.0,0.0,0.3,22.71,2.5
2,2023-01-28 13:10:15,2023-01-28 14:22:14,2,8.52,1,N,117,250,1,41.51,1.0,0.5,8.36,6.1,0.3,59.27,2.5
1,2023-01-05 11:07:47,2023-01-05 11:14:13,1,1.2,1,N,129,161,1,7.95,0.0,0.5,1.25,0.0,0.3,10.0,0.0
2,2023-01-18 07:39:48,2023-01-18 07:51:30,1,2.41,1,N,234,114,1,11.75,0.0,0.5,1.78,0.0,0.3,14.33,0.0
2,2023-01-29 17:28:09,2023-01-29 17:47:58,1,5.3,1,N,53,33,1,20.96,0.0,0.5,4.11,0.0,0.3,28.37,2.5
1,2023-01-18 15:15:55,2023-01-18 15:23:31,1,2.55,1,N,170,151,1,11.84,0.5,0.5,1.44,0.0,0.3,16.58,2.5
2,2023-01-28 06:15:19,2023-01-28 06:19:28,1,0.63,1,N,67,162,1,5.45,0.5,0.5,0.0,0.0,0.3,8.75,2.5
1,2023-01-14 20:02:17,2023-01-14 20:19:40,1,3.26,1,N,1,76,1,15.55,0.5,0.5,2.65,0.0,0.3,19.0,0.0
2,2023-01-28 10:51:21,2023-01-28 10:57:15,1,1.12,1,N,202,76,1,7.18,1.0,0.5,1.17,0.0,0.3,11.65,2.5
1,2023-01-20 22:50:40,2023-01-20 22:54:41,6,0.9,1,N,73,261,1,6.51,0.0,0.5,0.88,0.0,0.3,10.69,2.5
2,2023-01-15 22:33:12,2023-01-15 22:36:11,1,0.64,1,N,45,54,2,5.87,0.5,0.5,1.11,0.0,0.3,10.28,2.5
2,2023-01-07 13:20:32,2023-01-07 13:39:32,1,5.71,1,N,121,7,1,22.45,1.0,0.5,0.0,0.0,0.3,25.75,2.5
2,2023-01-06 09:12:04,2023-01-06 09:29:24,2,1.25,1,N,67,101,1,10.23,0.0,0.5,2.14,0.0,0.3,13.17,0.0
1,2023-01-09 20:18:08,2023-01-09 20:32:46,1,3.0,1,N,261,202,2,14.77,0.5,0.5,2.24,0.0,0.3,17.81,0.0
1,2023-01-24 12:55:46,2023-01-24 13:12:55,1,3.61,1,N,113,45,2,15.86,0.0,0.5,4.17,0.0,0.3,23.33,2.5
1,2023-01-15 08:05:23,2023-01-15 08:21:54,3,2.64,1,N,45,54,1,13.36,0.5,0.5,2.6,0.0,0.3,19.26,2.5
2,2023-01-13 16:49:47,2023-01-13 17:29:16,2,2.92,1,N,163,17,1,20.11,0.0,0.5,4.84,3.5,0.3,29.25,0.0
2,2023-01-15 14:18:44,2023-01-15 14:36:56,1,3.11,1,N,161,29,2,15.85,0.0,0.5,4.01,0.0,0.3,20.66,0.0
2,2023-01-11 20:15:59,2023-01-11 20:35:23,1,2.59,2,N,79,78,2,13.74,0.0,0.5,0.0,0.0,0.3,14.54,0.0
2,2023-01-26 19:48:08,2023-01-26 19:52:07,2,1.32,1,N,161,117,1,7.74,0.0,0.5,0.0,0.0,0.3,8.54,0.0
1,2023-01-13 21:57:56,2023-01-13 22:04:05,1,1.24,1,N,100,132,1,7.61,0.0,0.5,1.07,8.93,0.3,18.41,0.0
2,2023-01-15 19:59:53,2023-01-15 20:16:36,4,2.16,1,N,33,236,1,12.36,1.0,0.5,0.0,0.0,0.3,15.66,2.5
1,2023-01-18 17:16:26,2023-01-18 17:43:01,1,2.13,1,N,36,100,1,15.52,1.0,0.5,3.53,0.0,0.3,22.35,2.5
1,2023-01-21 15:35:08,2023-01-21 15:49:54,1,3.23,1,N,72,113,1,14.37,0.5,0.5,2.83,0.0,0.3,18.0,0.0
1,2023-01-11 23:17:08,2023-01-11 23:40:37,1,5.35,1,N,45,76,1,23.39,0.5,0.5,4.9,0.0,0.3,31.59,2.5
1,2023-01-03 22:11:30,2023-01-03 22:30:19,2,3.03,1,N,86,247,2,15.19,1.0,0.5,3.37,0.0,0.3,21.86,2.5
2,2023-01-22 20:23:00,2023-01-22 20:28:46,3,1.27,1,N,97,114,2,7.69,1.0,0.5,0.93,6.03,0.3,15.45,0.0
2,2023-01-18 19:03:05,2023-01-18 19:06:05,2,0.46,1,N,186,132,1,5.67,0.5,0.5,0.0,0.0,0.3,8.97,2.5
2,2023-01-21 16:09:31,2023-01-21 16:14:30,1,1.31,1,N,186,117,1,7.61,0.5,0.5,1.63,0.0,0.3,12.54,2.5
1,2023-01-17 10:35:33,2023-01-17 10:38:53,2,0.85,1,N,63,72,1,6.55,0.5,0.5,1.39,0.0,0.3,11.24,2.5
2,2023-01-16 21:41:51,2023-01-16 21:56:15,4,1.35,1,N,100,110,1,9.0,1.0,0.5,2.22,0.0,0.3,14.52,2.5
1,2023-01-30 00:16:58,2023-01-30 00:44:17,1,2.81,1,N,120,132,2,16.63,0.5,0.5,3.74,0.0,0.3,23.67,2.5
2,2023-01-02 09:33:16,2023-01-02 09:39:51,1,2.49,1,N,1,121,3,11.07,0.5,0.5,1.52,11.29,0.3,27.18,2.5
2,2023-01-03 13:45:19,2023-01-03 14:23:10,1,9.43,1,N,161,100,1,36.58,0.0,0.5,4.12,0.0,0.3,44.0,2.5
1,2023-01-30 16:53:11,2023-01-30 17:24:14,2,3.36,1,N,161,87,1,19.55,0.0,0.5,3.33,0.0,0.3,23.68,0.0
2,2023-01-28 16:34:13,2023-01-28 18:16:03,1,9.8,1,Y,1,79,2,53.3,1.0,0.5,8.89,0.0,0.3,65.49,2.5
2,2023-01-13 08:14:26,2023-01-13 08:35:35,1,4.0,1,N,97,224,1,18.82,0.5,0.5,4.48,0.0,0.3,24.1,0.0
2,2023-01-17 07:42:59,2023-01-17 08:29:37,2,5.28,1,N,186,120,1,28.1,0.5,0.5,6.21,0.0,0.3,35.11,0.0
1,2023-01-14 09:10:53,2023-01-14 09:22:26,2,1.79,1,N,86,232,2,9.29,0.0,0.5,0.0,8.62,0.3,21.21,2.5
2,2023-01-31 12:08:54,2023-01-31 12:15:01,1,1.05,1,N,132,29,1,7.88,0.5,0.5,1.5,0.0,0.3,12.68,2.5
2,2023-01-15 01:21:27,2023-01-15 01:31:20,2,1.67,1,N,151,232,1,9.23,0.0,0.5,1.4,0.0,0.3,11.43,0.0
2,2023-01-24 18:19:39,2023-01-24 18:28:18,3,2.32,1,N,29,103,2,11.12,1.0,0.5,2.12,0.0,0.3,16.54,2.5
1,2023-01-12 09:08:43,2023-01-12 09:12:52,1,1.46,1,N,237,72,1,7.78,0.5,0.5,1.08,0.0,0.3,12.16,2.5
1,2023-01-12 12:03:14,2023-01-12 12:10:47,1,1.1,1,N,162,7,1,7.66,0.5,0.5,0.85,0.0,0.3,11.81,2.5
2,2023-01-21 11:56:27,2023-01-21 12:24:35,1,3.2,3,N,97,59,1,17.48,0.0,0.5,3.32,0.0,0.3,21.6,0.0
2,2023-01-13 15:40:33,2023-01-13 15:45:58,2,1.1,1,N,87,247,1,6.14,0.5,0.5,0.0,0.0,0.3,6.94,0.0
1,2023-01-01 20:43:22,2023-01-01 20:45:38,2,0.74,1,N,76,162,2,4.92,0.5,0.5,0.52,2.33,0.3,8.57,0.0
2,2023-01-06 08:03:28,2023-01-06 08:10:12,3,1.01,1,N,129,163,3,7.62,0.5,0.5,1.75,0.0,0.3,12.67,2.5
2,2023-01-28 12:47:26,2023-01-28 12:55:33,1,1.96,1,N,161,236,2,9.21,1.0,0.5,1.99,0.0,0.3,14.5,2.5
2,2023-01-12 18:21:03,2023-01-12 18:29:46,1,1.11,1,N,97,161,1,7.52,0.5,0.5,0.0,0.0,0.3,10.82,2.5
1,2023-01-04 05:44:46,2023-01-04 05:55:56,1,1.97,1,N,261,129,2,10.93,0.5,0.5,2.49,0.0,0.3,14.22,0.0
1,2023-01-30 20:29:54,2023-01-30 21:02:33,1,3.67,1,N,132,67,1,19.83,1.0,0.5,0.0,0.0,0.3,20.63,0.0
1,2023-01-31 22:14:45,2023-01-31 22:35:15,2,3.6,1,N,234,72,1,16.86,0.5,0.5,3.26,0.0,0.3,23.42,2.5
1,2023-01-16 17:15:56,2023-01-16 17:24:29,5,1.43,1,N,67,247,1,8.75,0.5,0.5,1.86,0.0,0.3,13.91,2.5
2,2023-01-20 22:08:25,2023-01-20 22:12:24,1,0.88,1,N,236,29,2,6.34,0.0,0.5,0.0,0.0,0.3,9.64,2.5
2,2023-01-24 13:49:03,2023-01-24 13:53:28,2,1.52,1,N,113,234,1,7.38,0.5,0.5,0.0,0.0,0.3,8.18,0.0
1,2023-01-03 13:25:16,2023-01-03 13:50:40,1,3.83,1,N,89,223,2,19.0,0.0,0.5,3.22,0.0,0.3,23.02,0.0
1,2023-01-10 07:46:51,2023-01-10 08:42:38,2,4.56,1,N,33,113,2,28.55,0.0,0.5,0.0,0.0,0.3,31.85,2.5
1,2023-01-18 04:49:08,2023-01-18 05:07:58,2,3.05,1,N,236,100,1,14.7,0.0,0.5,2.76,0.0,0.3,20.76,2.5
1,2023-01-18 09:10:32,2023-01-18 09:39:56,2,5.76,1,N,7,33,2,24.86,0.5,0.5,0.0,0.0,0.3,25.66,0.0
1,2023-01-11 14:19:00,2023-01-11 15:04:21,5,8.56,1,N,250,29,1,35.38,0.0,0.5,0.0,0.0,0.3,38.68,2.5
2,2023-01-01 15:07:19,2023-01-01 15:17:13,6,1.63,1,N,158,236,1,9.61,1.0,0.5,1.78,0.0,0.3,12.19,0.0
1,2023-01-30 09:00:06,2023-01-30 09:23:16,1,7.13,1,N,120,86,1,26.98,0.5,0.5,3.68,0.0,0.3,31.46,0.0
1,2023-01-20 17:59:06,2023-01-20 18:09:31,3,1.92,1,N,161,224,2,10.32,0.0,0.5,1.91,0.0,0.3,13.03,0.0
1,2023-01-24 08:39:09,2023-01-24 09:09:06,2,5.03,2,N,121,1,1,23.52,0.5,0.5,4.86,0.0,0.3,31.68,2.5
2,2023-01-14 11:27:32,2023-01-14 11:58:08,1,3.98,1,N,116,97,2,21.0,0.0,0.5,5.06,0.0,0.3,26.86,0.0
1,2023-01-16 08:12:41,2023-01-16 08:18:34,1,0.53,1,N,113,79,1,6.25,0.0,0.5,1.58,0.0,0.3,11.13,2.5
2,2023-01-14 18:35:17,2023-01-14 18:40:59,5,1.13,1,N,224,246,2,7.45,0.0,0.5,0.0,0.0,0.3,10.75,2.5
1,2023-01-14 15:32:49,2023-01-14 15:37:42,5,0.94,1,N,86,163,1,7.13,0.5,0.5,1.86,0.0,0.3,12.29,2.5
1,2023-01-21 19:13:23,2023-01-21 19:18:36,1,0.61,2,N,114,116,1,6.02,0.5,0.5,1.21,0.0,0.3,10.53,2.5
1,2023-01-31 06:00:44,2023-01-31 06:27:02,1,4.52,1,N,89,45,1,20.04,0.0,0.5,0.0,0.0,0.3,20.84,0.0
2,2023-01-25 13:28:31,2023-01-25 14:35:14,1,11.04,1,N,186,232,1,46.88,0.5,0.5,0.0,0.0,0.3,47.68,0.0
1,2023-01-21 22:30:43,2023-01-21 22:44:43,1,1.93,1,N,96,110,1,11.22,0.0,0.5,2.79,10.91,0.3,28.22,2.5
1,2023-01-01 05:47:58,2023-01-01 06:22:18,3,4.44,1,N,100,1,1,22.64,0.5,0.5,5.33,0.0,0.3,31.27,2.5
2,2023-01-16 13:23:59,2023-01-16 13:58:54,1,7.12,1,N,232,202,1,29.71,1.0,0.5,7.8,0.0,0.3,40.81,2.5
1,2023-01-30 05:05:35,2023-01-30 05:22:40,2,2.74,1,Y,129,36,1,13.72,0.0,0.5,2.54,0.0,0.3,19.56,2.5
1,2023-01-13 08:52:57,2023-01-13 09:09:25,1,2.3,1,N,102,113,1,13.87,0.0,0.5,3.77,1.99,0.3,22.93,2.5
1,2023-01-18 14:24:42,2023-01-18 14:40:10,2,1.95,2,N,261,186,2,11.69,0.5,0.5,2.01,0.0,0.3,17.0,2.5
1,2023-01-11 08:43:16,2023-01-11 09:04:18,2,3.5,2,N,128,79,1,17.01,0.5,0.5,1.92,0.0,0.3,19.73,0.0
2,2023-01-06 15:02:56,2023-01-06 15:21:05,3,4.51,1,N,33,202,1,18.48,1.0,0.5,2.45,11.47,0.3,35.7,2.5
2,2023-01-22 21:02:08,2023-01-22 21:19:38,1,3.31,1,N,132,45,1,15.15,0.5,0.5,0.0,0.0,0.3,15.95,0.0
1,2023-01-10 08:01:28,2023-01-10 08:21:37,1,3.22,1,N,114,247,1,16.03,0.0,0.5,0.0,0.0,0.3,19.33,2.5
1,2023-01-19 07:47:09,2023-01-19 07:58:36,1,2.25,1,N,120,224,1,11.5,1.0,0.5,1.48,0.0,0.3,16.28,2.5
2,2023-01-19 20:14:47,2023-01-19 20:17:12,3,0.71,1,N,72,261,1,5.34,0.0,0.5,0.89,0.0,0.3,9.53,2.5
1,2023-01-27 14:47:53,2023-01-27 15:09:40,3,4.59,1,N,33,102,3,20.75,0.0,0.5,4.41,0.0,0.3,28.46,2.5
1,2023-01-30 21:56:49,2023-01-30 22:01:25,1,0.89,1,N,117,73,4,6.32,1.0,0.5,0.82,0.0,0.3,10.44,2.5
2,2023-01-18 11:39:06,2023-01-18 11:55:48,1,3.72,1,N,17,45,1,16.43,0.5,0.5,0.0,0.0,0.3,19.73,2.5
1,2023-01-02 17:59:16,2023-01-02 18:24:18,2,4.12,1,N,224,129,2,19.97,0.5,0.5,4.38,0.0,0.3,25.15,0.0
2,2023-01-19 21:55:20,2023-01-19 22:00:36,2,0.99,1,N,102,202,2,6.71,0.0,0.5,1.59,0.0,0.3,11.6,2.5
2,2023-01-28 08:43:06,2023-01-28 08:53:17,2,1.48,1,N,132,120,3,9.52,0.0,0.5,2.08,0.0,0.3,14.9,2.5
1,2023-01-15 19:48:31,2023-01-15 21:47:01,1,11.49,1,N,121,162,1,60.71,0.5,0.5,8.8,9.37,0.3,82.18,2.5
2,2023-01-18 17:36:02,2023-01-18 17:47:05,6,2.2,1,N,224,25,2,10.63,1.0,0.5,2.97,0.0,0.3,16.9,2.5
1,2023-01-24 20:13:36,2023-01-24 20:18:18,1,0.94,1,N,232,236,1,6.59,0.5,0.5,1.71,0.0,0.3,9.1,0.0
1,2023-01-14 08:06:34,2023-01-14 08:33:49,2,4.27,1,N,72,89,1,20.37,0.5,0.5,3.41,0.0,0.3,27.08,2.5
1,2023-01-13 13:22:35,2023-01-13 13:27:38,1,1.31,2,N,161,236,1,7.13,0.5,0.5,0.75,0.0,0.3,11.18,2.5
1,2023-01-15 07:28:54,2023-01-15 07:33:02,1,0.55,1,N,223,170,2,5.47,0.0,0.5,0.0,0.0,0.3,6.27,0.0
1,2023-01-27 22:20:47,2023-01-27 22:59:35,1,3.46,1,N,114,79,2,21.46,0.5,0.5,5.49,0.0,0.3,30.25,2.5
1,2023-01-16 06:06:15,2023-01-16 06:15:03,1,1.18,1,N,54,76,1,7.8,0.0,0.5,1.93,15.81,0.3,28.84,2.5
2,2023-01-11 06:30:34,2023-01-11 07:01:11,4,2.98,1,N,132,247,1,17.85,0.0,0.5,4.67,0.0,0.3,23.32,0.0
1,2023-01-19 21:29:48,2023-01-19 21:36:11,2,1.27,1,N,114,161,1,7.88,0.0,0.5,0.0,7.91,0.3,16.59,0.0
2,2023-01-22 11:57:51,2023-01-22 12:28:09,6,3.98,1,N,45,29,1,20.02,1.0,0.5,4.57,0.0,0.3,25.39,0.0
1,2023-01-29 17:57:38,2023-01-29 18:08:10,2,2.68,1,N,67,89,1,12.04,0.0,0.5,1.56,0.0,0.3,16.9,2.5
1,2023-01-28 10:36:05,2023-01-28 10:37:25,1,0.34,1,N,17,224,2,4.45,0.5,0.5,0.47,0.0,0.3,8.22,2.5
1,2023-01-25 17:51:26,2023-01-25 18:16:48,2,3.12,1,N,113,237,2,17.13,1.0,0.5,2.18,0.0,0.3,22.61,2.5
2,2023-01-24 08:18:51,2023-01-24 08:33:28,2,1.88,1,N,67,89,2,11.12,0.5,0.5,0.0,0.0,0.3,14.42,2.5
2,2023-01-14 14:58:04,2023-01-14 15:29:41,3,6.77,1,N,59,87,1,27.38,0.0,0.5,3.04,0.0,0.3,31.22,0.0
2,2023-01-11 15:56:35,2023-01-11 16:09:00,1,3.15,1,N,128,121,1,13.47,0.5,0.5,2.45,2.79,0.3,22.01,2.5
1,2023-01-18 11:07:32,2023-01-18 11:58:18,1,4.13,1,Y,232,25,2,25.95,0.5,0.5,0.0,0.0,0.3,29.25,2.5
2,2023-01-22 10:42:13,2023-01-22 10:49:15,2,1.37,1,N,114,103,1,9.2,0.5,0.5,0.93,0.0,0.3,13.43,2.5
1,2023-01-17 08:27:20,2023-01-17 08:44:20,2,1.29,1,N,114,116,1,10.76,0.0,0.5,2.63,0.0,0.3,16.69,2.5
1,2023-01-07 18:15:58,2023-01-07 18:32:10,1,2.3,1,N,186,158,1,12.14,0.5,0.5,3.24,0.0,0.3,18.68,2.5
1,2023-01-01 08:24:35,2023-01-01 08:31:20,1,1.79,1,N,100,67,2,9.52,0.5,0.5,1.21,0.0,0.3,14.03,2.5
2,2023-01-02 10:54:56,2023-01-02 11:06:33,1,6.38,2,N,63,29,1,21.48,0.5,0.5,0.0,11.37,0.3,33.65,0.0
2,2023-01-14 11:55:28,2023-01-14 12:08:33,3,2.09,1,N,79,29,2,11.5,0.0,0.5,2.14,0.0,0.3,16.94,2.5
1,2023-01-25 14:20:50,2023-01-25 14:29:22,1,0.93,1,N,103,113,1,7.17,1.0,0.5,1.84,0.0,0.3,12.31,2.5
2,2023-01-25 18:27:37,2023-01-25 18:36:22,2,1.26,1,N,234,163,1,9.35,1.0,0.5,0.0,0.55,0.3,13.2,2.5
1,2023-01-26 13:30:54,2023-01-26 13:57:47,1,4.82,1,N,224,261,1,21.21,0.5,0.5,2.25,0.0,0.3,26.76,2.5
1,2023-01-22 20:44:19,2023-01-22 20:59:31,1,2.06,1,N,7,117,1,12.11,0.0,0.5,2.68,0.0,0.3,18.09,2.5
1,2023-01-01 18:28:22,2023-01-01 18:44:28,1,1.98,1,N,132,224,4,11.63,0.0,0.5,2.87,9.21,0.3,27.01,2.5
2,2023-01-28 20:23:02,2023-01-28 20:57:53,1,5.18,1,N,237,53,1,25.03,0.5,0.5,3.72,0.0,0.3,29.55,0.0
1,2023-01-30 18:55:13,2023-01-30 19:01:01,1,1.18,1,N,232,161,1,7.55,0.0,0.5,1.64,5.05,0.3,17.54,2.5
1,2023-01-27 08:22:08,2023-01-27 08:24:49,2,0.44,1,N,232,67,1,5.4,0.5,0.5,1.02,0.0,0.3,9.72,2.5
1,2023-01-14 23:15:10,2023-01-14 23:25:00,1,1.23,1,N,116,110,1,8.89,1.0,0.5,1.22,0.0,0.3,13.41,2.5
2,2023-01-07 19:19:18,2023-01-07 19:40:02,1,2.81,1,N,128,202,1,14.86,0.0,0.5,3.9,0.0,0.3,22.06,2.5
1,2023-01-29 16:19:52,2023-01-29 16:32:51,2,1.94,1,N,234,167,1,12.56,0.0,0.5,1.76,0.0,0.3,15.12,0.0
1,2023-01-06 08:33:22,2023-01-06 08:39:28,1,0.73,1,N,162,128,4,6.63,0.0,0.5,1.67,12.93,0.3,24.53,2.5
2,2023-01-25 08:39:49,2023-01-25 09:17:19,1,5.01,1,N,246,45,1,24.63,0.5,0.5,5.57,0.0,0.3,33.5,2.5
1,2023-01-30 17:08:48,2023-01-30 17:20:37,2,2.64,1,N,103,246,2,12.66,1.0,0.5,1.77,0.0,0.3,15.23,0.0
2,2023-01-28 13:53:58,2023-01-28 14:13:30,1,3.13,1,N,25,86,3,16.03,0.0,0.5,3.66,0.0,0.3,22.99,2.5
2,2023-01-17 18:15:30,2023-01-17 18:51:09,1,3.2,1,N,247,97,3,20.21,0.5,0.5,2.12,5.06,0.3,30.69,2.5
2,2023-01-26 12:06:50,2023-01-26 12:10:14,1,0.88,1,N,224,7,2,6.3,0.5,0.5,0.0,0.0,0.3,7.1,0.0
1,2023-01-26 15:40:25,2023-01-26 15:54:46,1,2.94,1,N,234,1,2,14.42,0.5,0.5,0.0,15.42,0.3,33.14,2.5
2,2023-01-31 08:12:37,2023-01-31 08:57:19,1,4.62,1,N,87,25,1,26.16,0.0,0.5,6.8,0.0,0.3,36.26,2.5
2,2023-01-12 08:45:48,2023-01-12 09:21:57,3,5.5,1,N,7,7,1,25.37,1.0,0.5,0.0,0.0,0.3,28.67,2.5
1,2023-01-20 06:56:08,2023-01-20 07:27:12,1,4.02,1,N,132,67,2,21.87,1.0,0.5,3.25,0.0,0.3,28.42,2.5
1,2023-01-26 20:41:03,2023-01-26 20:56:16,2,3.44,1,N,102,36,1,16.39,0.0,0.5,0.0,0.0,0.3,19.69,2.5
2,2023-01-08 16:46:09,2023-01-08 16:50:22,2,0.64,1,N,1,72,1,6.05,0.5,0.5,0.0,0.0,0.3,6.85,0.0
1,2023-01-07 22:29:43,2023-01-07 22:43:18,1,2.31,1,N,250,7,1,12.19,0.5,0.5,2.68,0.0,0.3,18.17,2.5
2,2023-01-13 19:20:28,2023-01-13 19:27:28,1,1.14,1,N,110,132,1,7.63,0.0,0.5,0.86,0.0,0.3,9.29,0.0
2,2023-01-12 19:36:16,2023-01-12 20:37:43,1,6.12,1,N,163,79,1,33.5,0.5,0.5,5.71,0.0,0.3,42.51,2.5
1,2023-01-24 15:21:46,2023-01-24 15:40:04,1,5.46,1,N,186,76,2,21.13,0.0,0.5,3.72,0.0,0.3,28.15,2.5
2,2023-01-30 20:52:00,2023-01-30 20:57:06,4,1.15,1,N,87,120,1,6.06,0.5,0.5,0.94,0.0,0.3,7.8,0.0
2,2023-01-05 22:28:10,2023-01-05 22:45:20,1,2.26,1,N,236,97,1,13.71,0.5,0.5,2.65,0.0,0.3,19.66,2.5
1,2023-01-11 18:29:28,2023-01-11 18:44:28,1,2.82,1,N,224,7,1,14.39,0.5,0.5,3.35,0.0,0.3,21.04,2.5
2,2023-01-29 07:40:54,2023-01-29 07:59:04,1,4.6,1,N,129,110,1,18.21,1.0,0.5,0.0,0.0,0.3,21.51,2.5
1,2023-01-19 18:11:44,2023-01-19 18:15:29,2,0.67,1,N,67,158,1,6.06,0.5,0.5,0.0,0.0,0.3,9.36,2.5
2,2023-01-07 07:33:41,2023-01-07 07:35:06,1,0.45,1,N,151,162,1,4.48,0.5,0.5,1.04,9.64,0.3,18.46,2.5
2,2023-01-19 06:45:42,2023-01-19 06:50:15,1,2.41,1,N,100,79,2,10.06,1.0,0.5,1.97,0.0,0.3,15.33,2.5
2,2023-01-28 18:46:18,2023-01-28 18:48:24,1,0.35,1,N,234,100,2,4.65,0.0,0.5,0.0,0.0,0.3,7.95,2.5
1,2023-01-12 20:13:26,2023-01-12 20:32:16,4,2.64,5,N,100,234,1,13.44,0.0,0.5,1.62,0.0,0.3,18.36,2.5
2,2023-01-15 08:03:53,2023-01-15 08:34:18,1,3.65,1,N,129,234,1,19.72,0.5,0.5,0.0,10.28,0.3,33.3,2.5
2,2023-01-20 06:11:43,2023-01-20 07:30:08,1,5.91,1,N,97,45,3,37.42,0.5,0.5,6.4,0.0,0.3,47.12,2.5
2,2023-01-27 21:49:35,2023-01-27 21:54:49,2,1.47,1,N,33,250,1,8.02,1.0,0.5,1.31,0.0,0.3,10.13,0.0
1,2023-01-18 07:15:04,2023-01-18 07:32:20,2,2.64,1,N,87,234,1,13.24,0.5,0.5,2.99,0.0,0.3,17.03,0.0
2,2023-01-30 04:03:43,2023-01-30 04:19:20,1,3.81,1,N,202,33,1,16.66,0.5,0.5,3.34,0.0,0.3,23.3,2.5
1,2023-01-24 18:35:21,2023-01-24 18:39:02,5,0.97,1,N,113,17,1,6.88,0.5,0.5,1.17,0.0,0.3,11.35,2.5
1,2023-01-14 20:52:23,2023-01-14 21:32:30,1,4.65,1,N,7,63,4,24.86,0.5,0.5,0.0,0.0,0.3,28.16,2.5
1,2023-01-16 15:13:40,2023-01-16 15:37:03,3,2.87,1,N,117,25,2,15.91,1.0,0.5,3.61,0.0,0.3,22.82,2.5
1,2023-01-22 16:02:23,2023-01-22 16:06:46,3,1.49,1,N,232,36,2,9.17,0.5,0.5,2.03,0.0,0.3,12.0,0.0
1,2023-01-03 11:08:34,2023-01-03 11:23:50,1,2.6,1,N,78,102,2,12.86,0.5,0.5,3.05,0.0,0.3,19.21,2.5
1,2023-01-08 09:07:00,2023-01-08 09:22:31,1,2.11,1,N,224,236,2,12.54,0.0,0.5,3.18,0.0,0.3,16.52,0.0
1,2023-01-08 19:12:11,2023-01-08 19:47:56,1,4.2,1,N,86,163,2,22.56,1.0,0.5,5.26,2.06,0.3,30.68,0.0
2,2023-01-25 20:10:32,2023-01-25 20:21:20,1,1.79,1,N,224,237,1,11.18,1.0,0.5,1.48,0.0,0.3,13.46,0.0
2,2023-01-26 11:38:57,2023-01-26 11:47:53,1,2.77,1,N,237,36,1,12.35,1.0,0.5,3.12,0.0,0.3,18.77,2.5
1,2023-01-26 10:13:45,2023-01-26 10:20:13,4,1.47,1,N,129,247,2,8.6,1.0,0.5,0.0,9.34,0.3,21.24,2.5
1,2023-01-04 10:32:25,2023-01-04 10:38:36,1,1.16,1,N,100,236,1,7.7,0.5,0.5,0.0,0.0,0.3,8.5,0.0
1,2023-01-10 05:24:58,2023-01-10 05:33:17,1,2.66,1,N,113,97,1,11.2,0.5,0.5,3.12,0.0,0.3,15.12,0.0
2,2023-01-10 10:39:16,2023-01-10 10:43:16,1,1.19,1,N,170,114,1,6.54,0.0,0.5,1.0,0.0,0.3,10.84,2.5
1,2023-01-01 02:39:53,2023-01-01 03:01:21,1,4.26,1,N,234,162,2,18.88,0.0,0.5,0.0,0.0,0.3,22.18,2.5
1,2023-01-08 19:35:24,2023-01-08 19:42:40,1,3.65,1,N,36,33,1,14.42,0.5,0.5,1.91,0.0,0.3,19.63,2.5
1,2023-01-14 10:53:05,2023-01-14 11:01:22,5,1.32,1,N,129,54,1,8.49,0.5,0.5,2.35,0.0,0.3,14.14,2.5
1,2023-01-28 18:11:00,2023-01-28 18:21:22,1,2.75,1,N,132,96,2,12.36,0.5,0.5,2.19,0.0,0.3,17.85,2.5
2,2023-01-06 16:31:58,2023-01-06 16:40:40,1,1.31,1,N,79,86,1,9.14,0.5,0.5,2.2,4.53,0.3,19.17,2.5
1,2023-01-27 20:23:38,2023-01-27 20:26:28,1,0.7,1,N,116,97,1,4.47,0.5,0.5,0.49,5.12,0.3,10.88,0.0
2,2023-01-26 22:31:08,2023-01-26 22:40:30,1,1.49,1,N,234,250,1,8.42,0.5,0.5,1.12,0.0,0.3,10.34,0.0
1,2023-01-05 12:08:59,2023-01-05 12:19:47,1,2.25,1,N,234,73,1,10.08,1.0,0.5,1.12,0.0,0.3,14.5,2.5
1,2023-01-09 07:19:02,2023-01-09 07:27:01,1,3.46,1,N,100,76,2,14.25,0.0,0.5,3.52,0.0,0.3,18.57,0.0
1,2023-01-15 19:56:20,2023-01-15 20:06:46,1,2.62,1,N,78,54,2,12.11,0.5,0.5,1.44,0.0,0.3,14.35,0.0
2,2023-01-30 01:48:44,2023-01-30 02:10:47,1,4.62,1,N,86,246,1,20.55,0.0,0.5,5.47,0.0,0.3,29.32,2.5
1,2023-01-25 09:25:03,2023-01-25 09:33:39,1,1.12,1,N,117,33,1,7.9,1.0,0.5,1.73,0.0,0.3,10.43,0.0
2,2023-01-31 05:06:54,2023-01-31 05:16:16,3,1.76,1,N,120,128,1,10.26,0.5,0.5,2.71,0.0,0.3,16.27,2.5
1,2023-01-10 21:38:40,2023-01-10 22:46:03,2,8.03,1,N,247,202,2,39.86,1.0,0.5,6.92,0.0,0.3,47.58,0.0
2,2023-01-29 00:18:56,2023-01-29 00:21:10,1,0.55,1,N,116,102,1,5.14,0.0,0.5,1.0,0.0,0.3,9.44,2.5
2,2023-01-30 15:19:50,2023-01-30 15:26:43,2,1.67,1,N,151,202,1,9.03,1.0,0.5,0.95,9.77,0.3,20.55,0.0
2,2023-01-19 13:05:49,2023-01-19 13:12:14,1,1.05,1,N,158,100,1,7.4,0.5,0.5,1.36,1.73,0.3,13.79,2.5
1,2023-01-05 18:17:13,2023-01-05 18:23:21,1,2.02,1,N,186,76,2,10.43,0.0,0.5,2.15,0.0,0.3,15.88,2.5
2,2023-01-09 10:12:12,2023-01-09 10:17:37,2,1.69,2,N,186,114,1,7.77,0.0,0.5,0.0,0.0,0.3,11.07,2.5
1,2023-01-04 21:02:14,2023-01-04 21:22:07,2,3.68,1,N,110,224,1,17.14,0.5,0.5,4.74,0.0,0.3,25.18,2.5
2,2023-01-26 19:35:09,2023-01-26 19:48:12,1,2.83,2,N,246,236,1,13.44,1.0,0.5,1.35,0.0,0.3,15.59,0.0
2,2023-01-10 13:58:39,2023-01-10 14:04:56,1,0.88,1,N,110,151,2,6.8,0.5,0.5,1.01,0.0,0.3,11.11,2.5
2,2023-01-22 12:07:03,2023-01-22 12:16:37,1,1.51,1,N,100,100,1,8.97,0.0,0.5,1.89,0.0,0.3,14.16,2.5
1,2023-01-09 20:03:25,2023-01-09 20:23:35,1,2.34,1,N,236,97,1,13.62,0.5,0.5,0.0,0.0,0.3,14.42,0.0
2,2023-01-31 19:06:34,2023-01-31 19:34:29,1,4.07,1,N,232,236,1,20.92,0.0,0.5,0.0,0.0,0.3,24.22,2.5
1,2023-01-24 13:32:32,2023-01-24 14:58:55,2,14.51,1,N,234,250,1,60.84,0.0,0.5,16.89,0.0,0.3,78.53,0.0
2,2023-01-12 12:49:29,2023-01-12 13:32:04,1,3.96,1,N,161,202,1,24.77,0.5,0.5,3.32,0.0,0.3,31.39,2.5
2,2023-01-15 05:18:13,2023-01-15 05:23:13,2,1.09,1,N,224,234,1,7.24,0.0,0.5,1.46,0.0,0.3,12.0,2.5
1,2023-01-02 06:07:06,2023-01-02 06:15:33,5,2.18,1,N,53,110,2,10.42,0.5,0.5,1.26,11.6,0.3,26.58,2.5
2,2023-01-05 05:05:59,2023-01-05 05:21:21,1,2.68,1,N,45,236,3,13.82,0.5,0.5,1.52,0.0,0.3,16.14,0.0
1,2023-01-31 02:36:27,2023-01-31 03:01:38,1,1.58,1,N,67,161,1,13.3,0.0,0.5,0.0,0.0,0.3,14.1,0.0
2,2023-01-26 08:21:35,2023-01-26 08:42:33,1,3.33,1,N,128,101,1,17.24,0.5,0.5,4.22,0.0,0.3,22.26,0.0
1,2023-01-26 20:21:34,2023-01-26 20:25:44,2,0.43,1,N,113,232,2,4.54,0.0,0.5,0.0,0.0,0.3,7.84,2.5
1,2023-01-20 19:14:22,2023-01-20 19:39:54,3,3.54,1,N,151,121,1,17.33,0.5,0.5,0.0,0.0,0.3,20.63,2.5
2,2023-01-07 20:53:43,2023-01-07 20:59:07,3,1.64,1,N,232,103,1,8.63,0.5,0.5,0.89,0.0,0.3,12.82,2.5
1,2023-01-04 17:22:22,2023-01-04 17:53:23,1,2.15,1,N,1,167,1,16.55,1.0,0.5,4.46,15.25,0.3,39.56,2.5
2,2023-01-23 17:42:24,2023-01-23 18:37:10,2,7.02,1,N,73,96,1,34.39,0.0,0.5,4.75,0.0,0.3,42.44,2.5
2,2023-01-11 07:44:48,2023-01-11 07:48:35,1,0.91,1,N,72,237,1,6.56,0.0,0.5,0.0,0.86,0.3,8.22,0.0
1,2023-01-01 18:03:19,2023-01-01 18:24:45,2,2.87,1,N,128,117,1,15.8,0.5,0.5,1.62,0.0,0.3,18.22,0.0
2,2023-01-01 10:14:41,2023-01-01 10:47:17,3,4.24,1,N,186,45,1,21.01,1.0,0.5,2.47,0.0,0.3,26.78,2.5
1,2023-01-18 15:53:39,2023-01-18 16:00:40,2,2.66,1,N,53,29,2,11.55,0.5,0.5,1.51,0.0,0.3,13.86,0.0
2,2023-01-27 22:52:01,2023-01-27 22:55:29,1,0.7,6,N,79,97,1,6.28,1.0,0.5,0.75,0.0,0.3,10.33,2.5
2,2023-01-12 20:24:41,2023-01-12 20:50:31,1,6.44,1,N,162,162,1,25.65,0.0,0.5,5.02,0.0,0.3,33.97,2.5
1,2023-01-31 09:09:48,2023-01-31 09:19:16,2,2.0,1,N,79,7,1,9.72,0.5,0.5,0.0,0.0,0.3,13.02,2.5
1,2023-01-12 19:17:16,2023-01-12 19:25:46,1,1.58,1,N,121,186,3,8.91,0.5,0.5,2.18,0.0,0.3,14.39,2.5
1,2023-01-23 07:56:54,2023-01-23 08:03:26,1,1.85,1,N,29,234,1,9.54,0.0,0.5,1.15,0.0,0.3,11.49,0.0
1,2023-01-08 03:40:01,2023-01-08 03:44:53,2,1.76,1,N,7,234,2,9.52,0.0,0.5,1.69,0.0,0.3,14.51,2.5
2,2023-01-19 03:04:10,2023-01-19 03:14:34,3,0.96,1,N,121,102,1,7.03,0.5,0.5,1.24,0.0,0.3,11.57,2.5
2,2023-01-09 08:43:56,2023-01-09 08:59:18,3,2.65,3,N,261,116,1,13.65,0.5,0.5,1.93,0.0,0.3,18.88,2.5
2,2023-01-25 18:08:51,2023-01-25 18:17:31,1,1.49,1,N,53,121,2,8.43,0.5,0.5,0.99,0.0,0.3,10.22,0.0
1,2023-01-15 12:18:45,2023-01-15 12:44:49,2,3.87,3,N,170,129,2,19.45,0.5,0.5,0.0,0.0,0.3,22.75,2.5
1,2023-01-02 01:28:36,2023-01-02 01:42:11,2,3.45,1,N,25,33,1,15.32,0.0,0.5,1.58,0.0,0.3,17.7,0.0
2,2023-01-08 23:21:12,2023-01-09 00:02:18,1,7.92,1,N,161,114,1,32.96,0.5,0.5,5.66,0.0,0.3,41.92,2.5
2,2023-01-11 15:41:29,2023-01-11 15:46:59,1,2.0,1,N,1,132,1,9.69,0.5,0.5,0.0,0.0,0.3,10.49,0.0
2,2023-01-15 13:09:33,2023-01-15 13:14:22,2,1.28,1,N,237,72,1,7.98,0.0,0.5,1.36,0.0,0.3,12.64,2.5
2,2023-01-09 15:52:05,2023-01-09 15:54:44,1,0.78,1,N,162,236,1,5.53,0.5,0.5,0.0,0.0,0.3,8.83,2.5
2,2023-01-18 15:35:35,2023-01-18 17:24:58,1,12.12,1,N,128,102,2,59.98,0.5,0.5,10.81,0.0,0.3,74.09,2.5
1,2023-01-30 14:18:05,2023-01-30 14:47:55,1,3.84,1,N,186,73,1,20.77,0.0,0.5,2.79,0.0,0.3,24.36,0.0
1,2023-01-23 17:57:07,2023-01-23 18:07:35,2,1.39,1,N,186,116,2,9.51,0.5,0.5,1.8,0.0,0.3,12.11,0.0
2,2023-01-10 21:28:10,2023-01-10 21:56:59,1,8.33,1,N,29,86,1,31.31,0.5,0.5,5.34,0.0,0.3,37.45,0.0
1,2023-01-21 11:24:11,2023-01-21 12:17:38,1,6.47,1,N,114,170,2,32.2,0.0,0.5,0.0,0.0,0.3,35.5,2.5
1,2023-01-30 14:01:04,2023-01-30 14:08:00,1,0.85,1,Y,53,73,3,7.35,0.5,0.5,0.0,0.0,0.3,10.65,2.5
1,2023-01-08 00:59:57,2023-01-08 01:11:36,1,1.33,5,N,45,162,2,10.26,0.5,0.5,1.13,0.0,0.3,14.69,2.5
1,2023-01-08 20:50:48,2023-01-08 20:55:03,1,2.12,1,N,33,161,1,9.3,0.5,0.5,2.31,0.0,0.3,14.91,2.5
1,2023-01-02 11:10:30,2023-01-02 11:16:50,1,1.05,6,N,128,116,1,7.26,0.5,0.5,1.07,0.0,0.3,11.63,2.5
2,2023-01-27 10:56:22,2023-01-27 11:06:33,1,2.18,1,N,76,163,1,10.47,0.5,0.5,1.39,0.0,0.3,12.66,0.0
1,2023-01-26 23:47:11,2023-01-27 00:22:24,1,3.99,1,N,97,223,1,21.42,0.5,0.5,5.51,5.31,0.3,33.04,0.0
1,2023-01-13 16:25:56,2023-01-13 16:29:16,1,0.84,1,N,128,17,2,5.4,1.0,0.5,1.06,0.0,0.3,9.76,2.5
2,2023-01-28 07:55:47,2023-01-28 08:28:27,1,2.91,2,N,110,54,1,18.51,0.0,0.5,3.9,0.0,0.3,25.71,2.5
1,2023-01-21 10:33:45,2023-01-21 11:20:24,1,5.62,1,N,79,234,1,28.54,0.5,0.5,2.89,0.0,0.3,34.73,2.5
2,2023-01-31 12:41:28,2023-01-31 13:05:20,1,3.16,5,N,100,167,1,17.06,0.0,0.5,2.51,14.39,0.3,37.26,2.5
1,2023-01-29 23:10:01,2023-01-29 23:21:39,1,2.21,1,N,89,114,2,10.99,0.0,0.5,1.61,12.75,0.3,28.65,2.5
2,2023-01-30 13:06:38,2023-01-30 13:17:36,1,1.42,1,N,129,161,1,9.21,0.5,0.5,2.18,0.0,0.3,14.69,2.5
1,2023-01-13 09:31:29,2023-01-13 09:45:27,1,4.36,1,N,162,161,2,16.92,0.5,0.5,2.87,0.0,0.3,23.09,2.5
2,2023-01-20 16:19:17,2023-01-20 16:23:52,1,0.97,1,Y,170,186,2,6.66,0.0,0.5,1.36,0.0,0.3,8.82,0.0
1,2023-01-06 13:58:18,2023-01-06 14:19:11,1,2.81,1,N,86,1,1,14.43,0.5,0.5,3.86,0.0,0.3,21.59,2.5
1,2023-01-28 05:05:03,2023-01-28 05:14:22,4,2.38,1,N,7,223,2,11.36,0.5,0.5,3.15,0.0,0.3,15.31,0.0
2,2023-01-10 20:45:52,2023-01-10 21:22:00,1,5.44,1,N,1,79,1,25.5,1.0,0.5,0.0,0.0,0.3,26.3,0.0
1,2023-01-14 01:36:09,2023-01-14 01:46:57,2,1.51,1,N,151,236,1,9.57,1.0,0.5,1.91,0.0,0.3,14.78,2.5
2,2023-01-19 21:52:48,2023-01-19 21:59:21,1,1.61,1,N,76,261,1,7.84,0.0,0.5,1.77,0.0,0.3,12.91,2.5
1,2023-01-25 19:59:58,2023-01-25 20:13:20,1,0.92,1,N,87,114,2,8.97,1.0,0.5,2.16,0.0,0.3,11.93,0.0
2,2023-01-23 06:52:02,2023-01-23 07:06:05,1,3.25,1,N,110,161,1,14.49,0.5,0.5,0.0,0.0,0.3,17.79,2.5
2,2023-01-30 18:22:37,2023-01-30 18:35:22,1,1.7,1,N,202,102,1,10.55,0.5,0.5,2.44,0.0,0.3,16.29,2.5
2,2023-01-23 19:41:04,2023-01-23 19:50:18,2,1.23,1,N,72,67,1,7.45,0.0,0.5,1.67,0.0,0.3,12.42,2.5
1,2023-01-25 17:09:49,2023-01-25 17:13:24,1,1.32,1,N,113,237,1,6.58,1.0,0.5,0.72,0.0,0.3,8.1,0.0
1,2023-01-18 16:29:30,2023-01-18 16:54:00,3,3.5,1,N,236,161,1,17.68,0.5,0.5,3.5,0.0,0.3,24.48,2.5
1,2023-01-13 05:16:01,2023-01-13 05:20:04,2,1.02,2,N,54,261,1,7.25,1.0,0.5,0.0,0.0,0.3,10.55,2.5
1,2023-01-29 06:15:46,2023-01-29 06:21:22,2,1.09,3,N,120,261,1,7.39,0.5,0.5,0.0,0.0,0.3,8.19,0.0
2,2023-01-12 19:34:45,2023-01-12 19:57:24,1,4.58,1,N,102,224,1,20.18,0.5,0.5,0.0,0.0,0.3,23.48,2.5
1,2023-01-20 07:07:55,2023-01-20 07:20:56,1,2.07,1,N,158,100,1,10.97,1.0,0.5,1.91,0.0,0.3,13.68,0.0
1,2023-01-10 09:34:29,2023-01-10 10:05:14,2,4.79,1,N,25,29,2,22.11,0.5,0.5,4.15,0.0,0.3,29.56,2.5
1,2023-01-15 15:24:55,2023-01-15 15:30:38,1,1.79,1,N,79,224,1,9.05,1.0,0.5,2.48,0.0,0.3,12.33,0.0
1,2023-01-12 08:13:39,2023-01-12 08:23:03,2,2.34,1,N,113,170,2,11.55,0.0,0.5,0.0,0.0,0.3,14.85,2.5
1,2023-01-09 19:33:31,2023-01-09 19:51:42,1,2.63,6,N,170,132,1,14.23,0.5,0.5,3.43,0.0,0.3,20.96,2.5
1,2023-01-26 20:45:21,2023-01-26 21:41:42,2,6.62,1,N,186,261,1,34.5,1.0,0.5,7.22,0.0,0.3,45.02,2.5
2,2023-01-24 20:36:17,2023-01-24 21:20:47,2,6.23,2,N,163,76,2,29.36,0.0,0.5,0.0,0.0,0.3,32.66,2.5
1,2023-01-22 05:05:37,2023-01-22 05:27:31,1,5.56,1,N,76,96,2,22.47,1.0,0.5,0.0,0.0,0.3,25.77,2.5
1,2023-01-03 13:33:44,2023-01-03 13:39:04,3,1.46,1,N,76,163,1,7.14,0.0,0.5,1.4,14.44,0.3,26.28,2.5
2,2023-01-08 20:37:02,2023-01-08 20:42:13,2,1.12,1,N,76,33,1,7.2,0.5,0.5,1.76,0.0,0.3,12.26,2.5
1,2023-01-07 12:41:24,2023-01-07 13:25:11,1,4.14,1,N,161,96,1,25.03,0.5,0.5,3.05,0.0,0.3,31.38,2.5
2,2023-01-23 18:25:02,2023-01-23 18:53:15,1,6.57,1,N,45,96,1,25.96,0.0,0.5,6.85,0.0,0.3,36.11,2.5
2,2023-01-28 17:05:23,2023-01-28 17:24:54,2,5.6,1,N,232,114,2,22.3,1.0,0.5,5.34,0.0,0.3,30.94,2.5
2,2023-01-12 12:07:47,2023-01-12 12:20:25,2,2.36,1,N,117,45,1,12.78,0.0,0.5,2.08,0.0,0.3,15.66,0.0
2,2023-01-11 10:19:41,2023-01-11 10:30:34,4,4.04,1,N,129,120,1,15.48,1.0,0.5,1.58,0.0,0.3,20.36,2.5
2,2023-01-18 18:38:07,2023-01-18 19:16:46,2,4.09,1,N,234,186,1,23.12,1.0,0.5,0.0,0.0,0.3,23.92,0.0
1,2023-01-31 07:44:43,2023-01-31 07:56:16,1,2.62,2,N,76,167,1,13.23,0.5,0.5,0.0,0.0,0.3,16.53,2.5
1,2023-01-12 20:40:00,2023-01-12 21:02:45,1,2.7,1,N,186,63,1,15.56,1.0,0.5,0.0,0.0,0.3,18.86,2.5
1,2023-01-09 16:18:00,2023-01-09 16:27:38,1,2.52,1,N,237,202,2,12.1,0.5,0.5,0.0,0.0,0.3,15.4,2.5
1,2023-01-17 07:26:54,2023-01-17 07:32:47,1,1.3,4,N,186,158,1,6.84,1.0,0.5,1.87,0.0,0.3,12.01,2.5
2,2023-01-29 18:02:01,2023-01-29 18:06:03,4,1.4,1,Y,237,163,2,7.81,0.5,0.5,1.71,15.01,0.3,25.33,0.0
2,2023-01-23 13:47:15,2023-01-23 13:53:46,2,1.38,1,Y,89,186,1,8.34,0.5,0.5,2.07,0.0,0.3,13.71,2.5
2,2023-01-17 09:21:07,2023-01-17 09:25:51,4,0.71,1,N,102,129,1,5.3,1.0,0.5,1.07,0.0,0.3,7.17,0.0
1,2023-01-23 22:30:34,2023-01-23 22:48:29,2,2.6,1,N,232,102,1,13.5,0.5,0.5,2.86,0.0,0.3,17.16,0.0
2,2023-01-01 18:26:31,2023-01-01 18:40:48,2,2.27,1,N,151,17,1,12.55,0.5,0.5,3.25,0.0,0.3,19.1,2.5
2,2023-01-24 17:17:50,2023-01-24 17:46:35,2,4.14,1,N,36,114,1,20.39,1.0,0.5,0.0,0.0,0.3,21.19,0.0
1,2023-01-04 20:10:59,2023-01-04 20:31:37,2,6.02,2,N,110,120,2,23.77,0.5,0.5,5.35,0.0,0.3,32.42,2.5
2,2023-01-13 16:57:44,2023-01-13 17:20:00,1,6.32,1,N,67,76,2,24.52,0.0,0.5,6.42,0.0,0.3,31.74,0.0
2,2023-01-11 14:07:28,2023-01-11 15:15:58,3,6.78,1,N,234,237,2,37.11,0.5,0.5,0.0,0.0,0.3,40.41,2.5
1,2023-01-22 08:56:02,2023-01-22 09:03:32,1,1.33,1,N,29,162,1,8.11,0.5,0.5,1.46,0.0,0.3,12.87,2.5
2,2023-01-08 08:06:55,2023-01-08 08:11:23,4,0.8,1,N,45,114,1,6.26,0.0,0.5,1.59,0.0,0.3,11.15,2.5
1,2023-01-08 13:05:33,2023-01-08 13:41:44,2,4.7,1,N,223,223,1,24.2,0.5,0.5,4.61,0.0,0.3,29.61,0.0
2,2023-01-28 14:54:13,2023-01-28 15:26:11,1,6.6,1,N,113,54,1,27.76,0.0,0.5,4.06,0.0,0.3,35.12,2.5
2,2023-01-15 19:56:32,2023-01-15 20:21:13,1,7.52,1,N,63,67,1,27.76,0.0,0.5,4.03,0.0,0.3,35.09,2.5
1,2023-01-23 14:53:23,2023-01-23 15:07:07,1,3.37,1,N,161,186,2,15.48,1.0,0.5,2.81,0.0,0.3,19.09,0.0
1,2023-01-19 17:46:21,2023-01-19 17:48:08,2,0.52,1,N,113,36,1,5.07,0.0,0.5,0.0,0.0,0.3,8.37,2.5
2,2023-01-20 20:29:27,2023-01-20 20:52:36,1,3.08,1,N,132,76,3,16.68,1.0,0.5,1.76,8.89,0.3,28.13,0.0
2,2023-01-22 23:06:45,2023-01-22 23:26:47,1,3.55,1,N,67,261,2,16.93,0.5,0.5,2.01,0.0,0.3,22.24,2.5
2,2023-01-21 11:35:09,2023-01-21 12:20:55,1,5.98,1,N,170,87,1,29.64,1.0,0.5,7.49,0.0,0.3,37.93,0.0
1,2023-01-29 21:31:57,2023-01-29 22:07:41,1,6.84,1,N,59,116,1,28.12,0.5,0.5,7.28,0.0,0.3,38.7,2.5
2,2023-01-25 20:44:03,2023-01-25 21:07:25,4,4.63,1,N,129,121,1,20.54,0.5,0.5,0.0,0.0,0.3,21.34,0.0
1,2023-01-10 06:02:08,2023-01-10 06:08:07,2,1.51,1,N,45,128,1,9.1,0.0,0.5,1.82,0.0,0.3,11.72,0.0
1,2023-01-06 11:04:40,2023-01-06 11:08:25,1,1.08,1,N,151,261,2,6.75,1.0,0.5,0.0,0.0,0.3,10.05,2.5
2,2023-01-27 09:35:08,2023-01-27 09:50:30,6,3.49,1,N,247,1,1,15.61,0.5,0.5,0.0,0.0,0.3,16.41,0.0
1,2023-01-12 18:51:46,2023-01-12 19:02:00,1,1.29,1,N,29,224,1,8.49,0.0,0.5,1.56,0.0,0.3,10.85,0.0
1,2023-01-10 16:55:44,2023-01-10 18:03:21,5,7.07,1,N,79,103,1,37.83,1.0,0.5,0.0,0.0,0.3,38.63,0.0
1,2023-01-04 15:34:25,2023-01-04 15:37:28,4,0.65,1,N,234,73,1,5.29,0.5,0.5,0.0,0.0,0.3,6.09,0.0
1,2023-01-18 19:22:27,2023-01-18 19:34:01,2,3.58,3,N,102,129,1,15.5,0.0,0.5,0.0,0.0,0.3,16.3,0.0
1,2023-01-16 11:28:59,2023-01-16 11:46:08,1,2.97,1,N,53,78,2,14.28,0.0,0.5,2.58,0.0,0.3,20.16,2.5
1,2023-01-26 12:30:47,2023-01-26 12:51:13,3,2.0,3,N,129,261,1,12.89,1.0,0.5,3.55,0.0,0.3,17.24,0.0
2,2023-01-24 20:37:37,2023-01-24 20:40:38,1,1.17,1,N,223,29,1,6.38,0.5,0.5,0.84,0.0,0.3,8.02,0.0
1,2023-01-23 23:13:08,2023-01-23 23:15:30,1,0.5,1,N,72,236,1,5.76,1.0,0.5,0.66,0.0,0.3,9.72,2.5
1,2023-01-17 19:23:35,2023-01-17 19:32:00,1,1.57,1,N,7,72,1,8.93,0.5,0.5,1.46,0.0,0.3,13.69,2.5
2,2023-01-27 09:32:02,2023-01-27 09:46:12,1,1.59,1,N,7,237,1,10.25,0.0,0.5,1.42,0.0,0.3,14.97,2.5
1,2023-01-31 07:51:15,2023-01-31 08:21:54,1,5.39,1,N,246,100,1,23.09,0.0,0.5,6.43,9.89,0.3,40.21,0.0
2,2023-01-26 09:48:41,2023-01-26 09:54:24,3,1.3,1,N,128,45,1,7.23,1.0,0.5,0.0,0.0,0.3,8.03,0.0
1,2023-01-11 13:45:24,2023-01-11 14:00:57,1,3.29,2,N,234,246,1,15.38,0.0,0.5,2.53,0.0,0.3,18.71,0.0
1,2023-01-09 09:12:59,2023-01-09 09:19:34,1,0.89,1,N,25,113,1,7.14,1.0,0.5,0.0,0.0,0.3,10.44,2.5
2,2023-01-01 21:24:56,2023-01-01 21:44:31,1,3.35,1,Y,87,158,1,15.95,0.0,0.5,2.9,0.0,0.3,22.15,2.5
2,2023-01-31 18:33:05,2023-01-31 18:36:15,1,0.44,1,N,234,117,1,4.6,1.0,0.5,0.63,0.0,0.3,8.53,2.5
1,2023-01-23 13:58:53,2023-01-23 14:33:07,3,11.26,1,N,97,89,1,40.64,0.0,0.5,0.0,0.0,0.3,41.44,0.0
1,2023-01-30 10:21:51,2023-01-30 10:30:24,3,2.1,1,N,113,237,1,11.74,0.5,0.5,1.78,3.1,0.3,17.42,0.0
1,2023-01-25 12:55:06,2023-01-25 12:57:07,2,0.29,1,N,261,246,2,4.81,0.0,0.5,1.03,0.0,0.3,6.64,0.0
2,2023-01-14 14:44:23,2023-01-14 14:56:36,2,1.37,1,N,73,79,1,10.26,0.0,0.5,0.0,13.0,0.3,26.56,2.5
2,2023-01-05 18:38:56,2023-01-05 18:45:09,3,1.21,1,N,129,29,1,8.47,1.0,0.5,0.0,0.0,0.3,9.27,0.0
2,2023-01-02 07:42:01,2023-01-02 07:51:53,1,1.43,1,N,100,234,2,10.15,0.0,0.5,0.0,0.0,0.3,10.95,0.0
2,2023-01-25 20:47:03,2023-01-25 20:58:59,1,1.78,1,N,161,79,4,10.28,1.0,0.5,2.34,4.12,0.3,17.54,0.0
2,2023-01-10 07:41:30,2023-01-10 07:54:00,1,1.42,1,N,79,96,4,9.24,0.5,0.5,1.54,0.0,0.3,11.58,0.0
1,2023-01-12 10:40:57,2023-01-12 10:51:37,1,1.27,1,N,121,17,1,9.76,0.5,0.5,1.83,0.0,0.3,14.89,2.5
2,2023-01-26 23:22:16,2023-01-26 23:27:32,4,0.98,5,N,129,162,1,6.29,0.5,0.5,1.04,0.0,0.3,8.13,0.0
2,2023-01-15 08:25:46,2023-01-15 08:53:11,2,4.33,1,N,186,237,2,20.17,1.0,0.5,0.0,0.0,0.3,23.47,2.5
2,2023-01-30 07:35:41,2023-01-30 07:48:26,1,5.76,1,N,117,162,2,20.09,1.0,0.5,3.62,0.0,0.3,24.51,0.0
1,2023-01-17 17:50:08,2023-01-17 17:58:56,1,1.93,1,N,224,162,4,9.96,1.0,0.5,0.0,0.0,0.3,10.76,0.0
2,2023-01-26 13:39:17,2023-01-26 13:59:45,2,2.31,1,N,114,100,1,12.9,0.0,0.5,2.42,0.0,0.3,16.12,0.0
2,2023-01-04 07:59:37,2023-01-04 08:09:58,4,1.01,1,N,1,72,1,7.4,0.0,0.5,1.74,0.0,0.3,12.44,2.5
2,2023-01-13 00:40:28,2023-01-13 00:52:36,4,2.47,1,N,232,186,1,11.9,1.0,0.5,2.03,0.0,0.3,14.73,0.0
1,2023-01-06 06:24:14,2023-01-06 06:42:43,2,2.78,1,N,186,103,1,13.98,0.5,0.5,3.78,0.0,0.3,21.06,2.5
2,2023-01-02 15:34:12,2023-01-02 15:41:01,2,1.98,1,N,158,162,2,10.19,0.5,0.5,1.42,13.8,0.3,26.21,0.0
2,2023-01-31 09:37:33,2023-01-31 09:53:44,1,3.15,1,N,29,121,4,14.93,0.5,0.5,0.0,0.0,0.3,15.73,0.0
1,2023-01-17 19:52:49,2023-01-17 20:28:40,1,2.95,1,N,59,116,1,19.63,0.5,0.5,4.09,0.0,0.3,27.02,2.5
1,2023-01-11 20:15:24,2023-01-11 20:24:20,1,1.06,1,N,250,113,1,8.12,0.5,0.5,1.61,0.0,0.3,10.53,0.0
2,2023-01-12 08:14:55,2023-01-12 08:57:13,2,5.72,1,N,163,86,1,27.77,0.5,0.5,7.51,0.0,0.3,36.08,0.0
2,2023-01-08 11:12:40,2023-01-08 11:22:20,4,2.0,1,N,186,114,1,10.91,0.5,0.5,0.0,0.0,0.3,11.71,0.0
2,2023-01-04 08:03:24,2023-01-04 09:13:34,3,8.22,1,N,121,25,3,41.32,0.5,0.5,6.94,0.0,0.3,51.56,2.5
2,2023-01-29 10:40:42,2023-01-29 10:58:01,1,3.21,1,Y,237,261,1,15.2,0.5,0.5,3.15,0.0,0.3,19.15,0.0
2,2023-01-04 09:57:26,2023-01-04 11:34:58,1,10.26,1,N,132,25,1,52.19,0.0,0.5,10.82,0.0,0.3,63.81,0.0
1,2023-01-12 19:36:45,2023-01-12 20:09:00,1,5.65,1,N,76,54,1,25.45,0.0,0.5,0.0,0.0,0.3,26.25,0.0
2,2023-01-05 12:03:58,2023-01-05 12:17:44,1,2.77,1,N,224,7,1,12.74,0.5,0.5,0.0,0.0,0.3,16.04,2.5
2,2023-01-29 15:21:47,2023-01-29 15:26:14,3,1.36,1,N,101,45,2,7.71,1.0,0.5,0.0,0.0,0.3,8.51,0.0
1,2023-01-07 18:54:08,2023-01-07 19:01:19,2,1.38,1,N,100,132,1,8.29,0.0,0.5,1.97,0.0,0.3,13.56,2.5
1,2023-01-13 20:03:04,2023-01-13 20:30:18,3,3.49,1,N,158,25,2,17.85,1.0,0.5,4.09,0.0,0.3,22.74,0.0
1,2023-01-24 11:36:48,2023-01-24 11:45:14,1,2.6,1,N,236,1,1,11.74,0.5,0.5,2.41,0.0,0.3,17.45,2.5
2,2023-01-18 09:26:50,2023-01-18 09:36:02,2,1.5,1,N,247,45,1,9.15,1.0,0.5,1.44,0.0,0.3,13.89,2.5
1,2023-01-12 23:55:34,2023-01-13 00:14:12,5,4.37,1,N,63,128,1,18.68,0.5,0.5,4.92,0.0,0.3,26.9,2.5
2,2023-01-18 11:30:14,2023-01-18 11:47:38,2,2.41,5,N,25,102,1,13.45,0.5,0.5,3.13,0.0,0.3,17.38,0.0
1,2023-01-14 18:33:52,2023-01-14 18:58:08,1,4.39,1,N,1,72,1,19.72,0.5,0.5,2.89,0.0,0.3,25.91,2.5
2,2023-01-09 18:43:26,2023-01-09 18:52:12,1,1.13,1,N,1,1,1,8.31,1.0,0.5,1.29,0.0,0.3,10.4,0.0
2,2023-01-19 15:49:17,2023-01-19 16:14:20,1,4.95,2,N,120,76,1,21.3,0.0,0.5,4.85,0.0,0.3,29.45,2.5
2,2023-01-12 09:30:21,2023-01-12 09:44:43,1,3.41,1,N,224,186,1,14.58,0.0,0.5,0.0,0.0,0.3,17.88,2.5
1,2023-01-30 08:43:17,2023-01-30 09:22:55,1,5.74,1,N,33,158,1,27.6,1.0,0.5,5.2,0.0,0.3,36.1,2.5
1,2023-01-15 14:48:16,2023-01-15 15:22:37,2,4.87,1,Y,223,45,2,24.23,0.0,0.5,6.26,12.73,0.3,46.52,2.5
1,2023-01-24 15:31:19,2023-01-24 15:42:18,1,2.2,1,N,45,89,1,11.55,1.0,0.5,1.95,0.0,0.3,16.8,2.5
1,2023-01-08 19:42:40,2023-01-08 19:58:52,1,2.07,1,Y,128,186,1,12.12,0.0,0.5,2.07,10.55,0.3,25.54,0.0
1,2023-01-21 18:21:00,2023-01-21 19:51:46,1,8.91,1,N,158,186,1,47.0,0.0,0.5,10.5,0.0,0.3,60.8,2.5
2,2023-01-18 21:21:21,2023-01-18 21:30:45,3,1.88,1,N,162,161,2,10.79,0.5,0.5,0.0,0.0,0.3,11.59,0.0
2,2023-01-24 22:00:10,2023-01-24 22:24:36,1,4.1,1,N,89,33,1,18.38,0.5,0.5,2.3,0.0,0.3,23.98,2.5
1,2023-01-15 19:40:38,2023-01-15 19:51:12,1,1.76,1,N,202,158,1,10.34,0.5,0.5,2.39,0.0,0.3,16.03,2.5
1,2023-01-23 06:15:59,2023-01-23 06:18:42,2,0.58,1,N,121,54,1,6.19,1.0,0.5,0.0,14.14,0.3,23.63,2.5
2,2023-01-02 13:48:47,2023-01-02 13:52:55,1,0.93,1,N,101,7,1,6.43,0.5,0.5,0.85,0.65,0.3,11.23,2.5
1,2023-01-22 17:57:14,2023-01-22 18:16:31,1,3.17,1,N,101,224,1,15.89,0.5,0.5,1.84,11.63,0.3,32.66,2.5
2,2023-01-24 17:52:30,2023-01-24 18:27:12,2,3.96,1,N,158,129,3,21.77,0.5,0.5,3.06,0.0,0.3,25.63,0.0
2,2023-01-16 08:16:01,2023-01-16 08:39:12,1,3.18,1,N,45,33,2,16.85,0.5,0.5,2.44,0.0,0.3,20.09,0.0
2,2023-01-02 16:39:24,2023-01-02 17:04:44,1,5.53,1,N,7,79,2,24.33,0.5,0.5,3.93,0.0,0.3,31.56,2.5
1,2023-01-18 12:45:16,2023-01-18 13:02:19,2,3.14,1,N,121,73,2,14.69,1.0,0.5,3.95,0.0,0.3,19.44,0.0
2,2023-01-25 11:30:30,2023-01-25 11:39:44,1,1.31,1,Y,247,33,1,8.1,1.0,0.5,1.75,0.0,0.3,13.15,2.5
2,2023-01-15 20:30:24,2023-01-15 20:58:32,1,3.65,1,N,86,67,2,19.0,0.0,0.5,0.0,10.72,0.3,30.52,0.0
1,2023-01-03 13:26:40,2023-01-03 13:38:42,1,2.66,5,Y,186,236,4,13.53,0.5,0.5,1.68,0.0,0.3,18.51,2.5
2,2023-01-13 15:18:32,2023-01-13 15:27:59,1,1.52,1,N,132,33,1,8.88,0.5,0.5,1.2,0.0,0.3,13.38,2.5
1,2023-01-31 16:34:56,2023-01-31 16:49:14,1,3.33,1,N,224,1,2,15.12,0.5,0.5,0.0,0.0,0.3,15.92,0.0
1,2023-01-09 16:59:04,2023-01-09 17:09:13,1,2.48,1,N,186,17,2,12.28,0.5,0.5,2.63,0.0,0.3,18.21,2.5
2,2023-01-17 09:13:56,2023-01-17 09:23:32,1,1.49,1,N,151,73,1,9.52,1.0,0.5,2.34,0.0,0.3,15.16,2.5
2,2023-01-12 17:02:47,2023-01-12 17:10:57,3,2.05,1,N,163,72,1,10.68,0.5,0.5,1.76,0.0,0.3,13.24,0.0
1,2023-01-23 11:03:42,2023-01-23 11:40:20,2,6.75,3,N,162,17,2,29.75,0.0,0.5,0.0,0.0,0.3,30.55,0.0
2,2023-01-14 18:34:49,2023-01-14 19:08:52,4,6.59,1,N,161,103,1,28.14,0.5,0.5,0.0,0.0,0.3,28.94,0.0
2,2023-01-12 08:16:03,2023-01-12 08:51:24,1,2.69,1,N,170,232,1,18.34,0.5,0.5,2.51,8.39,0.3,30.04,0.0
1,2023-01-18 23:27:12,2023-01-18 23:47:23,1,2.44,1,N,117,100,1,14.22,1.0,0.5,3.53,0.0,0.3,21.05,2.5
1,2023-01-18 19:57:00,2023-01-18 20:03:29,1,0.8,1,N,162,97,1,6.45,0.0,0.5,1.03,8.31,0.3,16.59,0.0
1,2023-01-16 13:04:47,2023-01-16 13:59:40,1,8.5,1,N,25,170,1,39.24,0.0,0.5,7.22,0.0,0.3,47.26,0.0
1,2023-01-09 11:10:21,2023-01-09 11:38:14,1,5.09,1,N,101,79,1,22.43,1.0,0.5,2.78,0.0,0.3,28.51,2.5
1,2023-01-04 12:12:21,2023-01-04 12:34:31,1,4.11,1,N,100,121,1,19.06,0.5,0.5,4.1,0.0,0.3,26.46,2.5
2,2023-01-22 18:27:36,2023-01-22 18:29:45,2,0.42,1,N,186,59,1,3.84,0.0,0.5,0.93,0.0,0.3,5.57,0.0
1,2023-01-11 18:41:25,2023-01-11 18:59:18,1,2.41,2,N,129,158,3,13.56,0.5,0.5,2.36,0.0,0.3,16.72,0.0
2,2023-01-19 18:10:38,2023-01-19 18:20:00,1,2.13,1,N,101,54,1,10.52,1.0,0.5,0.0,0.0,0.3,13.82,2.5
1,2023-01-12 21:06:56,2023-01-12 21:18:09,2,3.9,1,N,151,232,2,15.89,1.0,0.5,2.33,0.0,0.3,19.02,0.0
1,2023-01-27 14:05:19,2023-01-27 14:16:14,1,1.67,1,N,101,151,1,10.26,1.0,0.5,2.64,0.0,0.3,16.2,2.5
2,2023-01-22 18:48:53,2023-01-22 19:03:23,3,1.97,1,N,224,161,1,12.26,0.0,0.5,0.0,0.0,0.3,15.56,2.5
1,2023-01-13 14:01:31,2023-01-13 14:29:08,3,3.72,1,N,114,246,2,19.87,1.0,0.5,0.0,0.0,0.3,20.67,0.0
1,2023-01-11 17:37:22,2023-01-11 17:44:37,1,1.31,1,N,72,59,4,8.06,0.0,0.5,0.0,0.0,0.3,11.36,2.5
1,2023-01-24 14:34:55,2023-01-24 14:45:32,1,1.52,1,N,234,161,2,8.98,0.5,0.5,1.7,0.0,0.3,13.98,2.5
2,2023-01-01 19:06:29,2023-01-01 19:36:18,6,2.7,1,N,7,25,2,16.79,0.0,0.5,2.93,0.0,0.3,20.52,0.0
2,2023-01-02 00:33:07,2023-01-02 01:36:37,3,6.38,1,N,120,45,1,34.98,0.5,0.5,8.72,0.0,0.3,47.0,2.5
2,2023-01-03 09:17:17,2023-01-03 09:33:56,4,4.29,1,N,7,161,1,17.97,0.0,0.5,0.0,0.0,0.3,18.77,0.0
2,2023-01-11 11:30:50,2023-01-11 11:49:15,1,5.24,1,N,128,224,2,20.83,1.0,0.5,0.0,0.0,0.3,21.63,0.0
2,2023-01-16 22:08:30,2023-01-16 22:16:07,2,2.45,1,N,202,132,1,10.77,1.0,0.5,0.0,0.0,0.3,11.57,0.0
2,2023-01-10 15:40:33,2023-01-10 16:18:14,1,7.18,1,N,261,1,1,31.09,0.0,0.5,5.7,0.0,0.3,37.59,0.0
2,2023-01-06 12:47:40,2023-01-06 12:52:55,1,0.63,1,N,261,261,1,5.15,0.0,0.5,0.72,0.0,0.3,6.67,0.0
1,2023-01-10 13:00:11,2023-01-10 14:12:13,1,10.66,1,N,7,129,2,47.37,0.0,0.5,5.16,1.75,0.3,55.08,0.0
2,2023-01-16 14:31:05,2023-01-16 16:29:35,2,11.75,1,N,224,170,1,61.46,0.5,0.5,13.38,0.0,0.3,75.64,0.0
2,2023-01-10 20:38:26,2023-01-10 21:12:12,1,3.3,1,N,163,17,1,19.59,1.0,0.5,4.32,0.0,0.3,27.21,2.5
2,2023-01-18 22:00:55,2023-01-18 22:23:36,2,4.37,1,N,100,202,1,20.22,0.5,0.5,4.44,0.0,0.3,25.46,0.0
1,2023-01-12 20:43:07,2023-01-12 20:53:42,1,2.27,1,N,100,100,1,11.18,0.5,0.5,0.0,0.0,0.3,14.48,2.5
1,2023-01-29 20:32:43,2023-01-29 20:38:09,6,2.0,1,N,101,96,1,9.41,1.0,0.5,1.52,0.0,0.3,14.23,2.5
1,2023-01-31 08:18:58,2023-01-31 08:27:42,1,1.48,1,N,113,234,1,9.22,0.5,0.5,0.0,0.0,0.3,12.52,2.5
1,2023-01-21 10:28:05,2023-01-21 10:49:44,5,2.26,1,N,1,45,2,13.9,0.5,0.5,1.55,6.19,0.3,24.94,2.5
2,2023-01-18 17:40:07,2023-01-18 18:01:23,2,3.55,1,N,186,100,1,17.39,0.5,0.5,2.2,0.0,0.3,22.89,2.5
1,2023-01-01 18:38:52,2023-01-01 18:59:18,1,3.21,1,N,76,76,2,16.26,0.5,0.5,3.46,0.0,0.3,23.02,2.5
1,2023-01-20 09:46:06,2023-01-20 10:57:41,2,10.38,1,N,170,116,1,46.28,0.5,0.5,11.03,0.0,0.3,60.61,2.5
1,2023-01-12 19:02:44,2023-01-12 19:15:23,2,2.52,2,N,114,67,1,12.23,0.0,0.5,3.22,9.83,0.3,26.08,0.0
2,2023-01-09 08:47:47,2023-01-09 08:54:46,1,0.77,1,N,132,236,1,6.85,0.5,0.5,0.79,0.0,0.3,8.44,0.0
1,2023-01-25 10:02:18,2023-01-25 10:46:01,1,8.03,1,N,223,87,1,34.65,0.0,0.5,8.54,0.0,0.3,43.99,0.0
2,2023-01-02 11:39:17,2023-01-02 11:43:28,5,0.94,1,N,132,121,1,7.04,0.5,0.5,1.46,0.0,0.3,11.8,2.5
2,2023-01-09 20:20:31,2023-01-09 20:25:39,6,1.54,1,N,232,103,1,9.18,0.5,0.5,1.42,0.0,0.3,13.9,2.5
2,2023-01-25 19:03:30,2023-01-25 19:18:05,2,2.87,1,N,261,186,1,14.07,0.5,0.5,0.0,0.0,0.3,17.37,2.5
1,2023-01-29 15:41:51,2023-01-29 15:54:10,1,3.2,1,N,76,73,1,13.87,0.0,0.5,3.86,0.0,0.3,18.53,0.0
1,2023-01-16 20:33:35,2023-01-16 20:38:56,1,0.79,1,N,87,36,2,6.28,1.0,0.5,1.06,0.0,0.3,10.64,2.5
2,2023-01-17 20:39:58,2023-01-17 20:48:34,1,1.34,1,N,33,63,1,8.45,0.0,0.5,1.8,0.0,0.3,13.55,2.5
2,2023-01-30 13:22:14,2023-01-30 13:24:52,2,0.77,1,N,236,202,1,5.38,0.0,0.5,0.79,0.0,0.3,9.47,2.5
2,2023-01-03 19:16:16,2023-01-03 19:52:12,1,3.73,1,N,236,25,1,21.5,0.5,0.5,2.94,0.0,0.3,25.24,0.0
2,2023-01-15 09:37:14,2023-01-15 10:15:06,1,5.68,1,N,101,161,1,26.89,0.0,0.5,0.0,0.0,0.3,30.19,2.5
1,2023-01-08 15:12:39,2023-01-08 15:16:09,3,0.94,1,N,36,250,1,5.64,0.5,0.5,0.6,0.0,0.3,9.54,2.5
2,2023-01-15 07:48:02,2023-01-15 08:18:39,5,4.94,1,N,161,79,1,23.55,0.5,0.5,5.42,0.0,0.3,32.27,2.5
1,2023-01-29 13:40:51,2023-01-29 14:10:49,1,4.7,1,N,162,117,1,21.33,0.5,0.5,2.69,0.0,0.3,27.32,2.5
2,2023-01-19 15:59:46,2023-01-19 16:08:49,1,1.43,1,N,67,151,1,8.73,0.5,0.5,1.94,0.0,0.3,11.47,0.0
2,2023-01-31 06:01:59,2023-01-31 06:04:53,1,0.53,1,N,246,162,1,5.62,0.0,0.5,0.0,0.0,0.3,8.92,2.5
1,2023-01-16 14:35:57,2023-01-16 14:39:55,1,1.05,1,N,234,100,3,6.92,1.0,0.5,1.75,0.0,0.3,11.97,2.5
1,2023-01-27 18:33:04,2023-01-27 18:39:06,1,1.5,1,N,158,29,1,8.08,1.0,0.5,1.24,0.0,0.3,12.62,2.5
2,2023-01-06 17:51:44,2023-01-06 18:34:07,1,7.44,1,N,7,89,2,33.18,0.0,0.5,0.0,0.0,0.3,36.48,2.5
1,2023-01-10 05:25:30,2023-01-10 05:33:35,1,2.14,1,N,101,121,1,10.15,0.5,0.5,1.82,0.0,0.3,15.27,2.5
2,2023-01-09 07:56:44,2023-01-09 08:02:15,2,1.1,1,N,236,76,1,6.13,1.0,0.5,0.81,0.0,0.3,7.74,0.0
1,2023-01-24 12:14:52,2023-01-24 12:25:38,1,2.61,1,N,114,67,1,12.45,1.0,0.5,2.08,0.0,0.3,15.33,0.0
1,2023-01-16 20:51:34,2023-01-16 20:59:05,2,0.89,1,N,237,73,1,6.22,0.5,0.5,0.0,0.0,0.3,9.52,2.5
1,2023-01-07 20:31:00,2023-01-07 20:41:10,1,3.44,1,N,116,163,1,13.73,0.5,0.5,2.97,0.0,0.3,17.5,0.0
1,2023-01-06 11:56:51,2023-01-06 12:02:44,2,1.12,1,N,45,63,2,7.58,0.5,0.5,1.06,0.0,0.3,9.44,0.0
2,2023-01-12 18:13:26,2023-01-12 18:33:45,2,1.25,1,N,236,54,1,10.98,0.5,0.5,1.55,0.0,0.3,13.33,0.0
1,2023-01-05 16:15:27,2023-01-05 16:24:53,3,3.1,1,N,89,45,1,13.4,1.0,0.5,3.43,0.0,0.3,20.13,2.5
1,2023-01-22 23:33:35,2023-01-23 00:23:12,1,8.69,1,N,163,247,2,36.55,0.5,0.5,9.87,0.0,0.3,47.22,0.0
1,2023-01-27 07:33:54,2023-01-27 08:54:45,2,12.16,3,N,161,261,1,54.05,0.0,0.5,11.66,3.85,0.3,70.36,0.0
1,2023-01-31 16:08:31,2023-01-31 16:16:13,4,1.07,1,N,261,232,2,6.76,0.5,0.5,1.35,13.9,0.3,25.31,2.5
1,2023-01-08 17:39:12,2023-01-08 17:46:27,1,1.5,1,N,86,116,2,9.23,1.0,0.5,2.02,0.0,0.3,14.55,2.5
2,2023-01-14 11:24:43,2023-01-14 11:52:18,1,3.44,1,N,25,186,2,18.26,1.0,0.5,2.25,12.88,0.3,36.69,2.5
1,2023-01-16 05:09:37,2023-01-16 05:49:39,1,5.62,1,N,100,76,1,27.83,0.0,0.5,0.0,0.0,0.3,31.13,2.5
2,2023-01-16 05:30:03,2023-01-16 05:33:17,5,0.46,1,N,86,33,1,4.54,1.0,0.5,0.62,0.0,0.3,8.46,2.5
2,2023-01-15 14:41:31,2023-01-15 14:57:30,1,2.5,1,N,128,161,1,14.21,0.0,0.5,0.0,0.0,0.3,15.01,0.0
1,2023-01-07 18:01:47,2023-01-07 18:13:03,1,1.62,1,N,246,45,1,9.39,1.0,0.5,1.31,0.0,0.3,14.0,2.5
1,2023-01-04 18:55:53,2023-01-04 18:58:09,6,0.55,1,N,59,232,2,4.05,0.5,0.5,0.92,0.0,0.3,8.27,2.5
1,2023-01-13 08:36:16,2023-01-13 08:40:42,1,0.86,1,N,162,1,1,6.28,0.0,0.5,1.48,14.35,0.3,25.41,2.5
2,2023-01-03 20:15:31,2023-01-03 20:23:03,1,1.53,1,N,261,234,1,9.33,0.0,0.5,2.18,0.0,0.3,12.31,0.0
1,2023-01-02 12:45:49,2023-01-02 12:56:55,2,2.45,1,N,97,261,1,12.3,0.0,0.5,2.18,0.0,0.3,17.78,2.5
1,2023-01-17 22:50:35,2023-01-17 23:20:06,1,4.98,1,N,232,261,1,23.41,0.0,0.5,4.9,0.0,0.3,29.11,0.0
1,2023-01-27 07:57:25,2023-01-27 08:23:08,1,3.05,1,N,89,161,1,17.46,0.0,0.5,0.0,0.0,0.3,20.76,2.5
1,2023-01-17 20:47:11,2023-01-17 21:00:54,1,4.76,1,N,261,67,1,17.92,1.0,0.5,4.12,10.34,0.3,35.68,2.5
1,2023-01-01 21:12:02,2023-01-01 21:21:38,2,2.39,1,N,224,117,1,11.76,0.0,0.5,2.23,0.0,0.3,17.29,2.5
2,2023-01-27 20:09:41,2023-01-27 20:13:57,2,1.38,1,N,232,202,1,7.57,1.0,0.5,1.45,0.0,0.3,12.32,2.5
2,2023-01-22 20:12:57,2023-01-22 20:20:49,1,2.04,3,N,158,36,2,9.71,0.0,0.5,0.0,0.0,0.3,13.01,2.5
1,2023-01-10 12:52:36,2023-01-10 13:19:27,1,3.94,6,N,100,246,1,19.65,0.5,0.5,2.57,0.0,0.3,25.52,2.5
1,2023-01-09 18:18:46,2023-01-09 19:29:42,4,5.08,1,N,186,73,1,33.41,0.5,0.5,7.26,0.0,0.3,43.97,2.5
1,2023-01-28 16:19:40,2023-01-28 16:38:44,1,2.09,1,N,129,162,2,13.7,0.5,0.5,0.0,10.01,0.3,27.01,2.5
2,2023-01-15 13:53:20,2023-01-15 13:58:35,5,1.17,1,N,45,237,2,6.98,0.5,0.5,1.61,0.0,0.3,9.39,0.0
1,2023-01-05 23:12:31,2023-01-05 23:30:25,5,3.01,1,N,202,36,1,14.72,0.5,0.5,2.5,0.0,0.3,18.02,0.0
1,2023-01-09 10:24:16,2023-01-09 10:46:45,1,3.35,1,N,162,101,1,16.65,0.0,0.5,4.18,0.92,0.3,25.05,2.5
2,2023-01-09 13:17:13,2023-01-09 14:44:21,2,5.9,1,N,202,120,2,40.49,0.5,0.5,4.69,0.0,0.3,48.48,2.5
1,2023-01-13 21:18:35,2023-01-13 21:26:41,3,1.41,4,N,237,1,1,8.23,0.5,0.5,0.0,0.0,0.3,11.53,2.5
1,2023-01-11 10:35:38,2023-01-11 10:47:53,2,1.42,1,N,67,110,1,10.26,0.5,0.5,1.33,0.0,0.3,14.89,2.5
2,2023-01-17 08:44:59,2023-01-17 09:16:06,2,4.13,1,N,232,232,1,20.59,0.0,0.5,0.0,0.0,0.3,23.89,2.5
2,2023-01-11 11:15:14,2023-01-11 11:22:21,1,1.72,1,N,86,121,2,9.33,0.0,0.5,1.14,0.0,0.3,11.27,0.0
2,2023-01-20 19:02:17,2023-01-20 19:16:24,4,1.67,1,N,59,132,1,10.84,0.5,0.5,0.0,0.0,0.3,14.14,2.5
2,2023-01-16 20:38:09,2023-01-16 21:27:01,1,5.99,1,N,224,151,1,30.81,1.0,0.5,0.0,0.0,0.3,31.61,0.0
2,2023-01-30 07:32:56,2023-01-30 07:37:24,2,0.84,1,N,224,120,2,6.76,0.0,0.5,0.0,0.0,0.3,10.06,2.5
2,2023-01-26 17:39:46,2023-01-26 18:24:42,3,10.94,1,N,224,129,1,41.63,0.5,0.5,0.0,0.0,0.3,44.93,2.5
1,2023-01-11 16:27:19,2023-01-11 16:37:11,1,1.48,1,N,29,67,1,8.9,0.0,0.5,1.84,0.0,0.3,14.04,2.5
1,2023-01-02 18:46:58,2023-01-02 19:01:38,2,4.48,5,N,224,161,1,18.68,1.0,0.5,2.44,0.0,0.3,24.42,2.5
2,2023-01-19 18:37:42,2023-01-19 18:57:47,2,2.16,1,N,129,162,2,13.1,1.0,0.5,2.14,0.0,0.3,16.04,0.0
1,2023-01-11 22:45:28,2023-01-11 23:14:00,4,2.87,1,N,7,170,2,16.18,0.5,0.5,1.95,0.0,0.3,18.93,0.0
2,2023-01-28 12:43:22,2023-01-28 13:03:05,1,1.92,1,N,101,102,3,11.8,0.0,0.5,2.35,0.0,0.3,17.45,2.5
2,2023-01-13 11:29:34,2023-01-13 12:17:16,2,4.45,1,N,116,236,2,25.24,0.5,0.5,2.54,0.0,0.3,31.08,2.5
1,2023-01-09 16:19:05,2023-01-09 16:28:08,1,1.8,1,N,1,162,1,10.06,0.5,0.5,2.8,0.0,0.3,16.16,2.5
1,2023-01-11 13:34:10,2023-01-11 13:46:46,1,1.52,4,N,162,250,2,11.06,0.5,0.5,1.93,0.0,0.3,16.29,2.5
1,2023-01-27 14:38:56,2023-01-27 16:08:06,1,9.12,1,Y,113,86,1,47.08,0.0,0.5,10.04,0.0,0.3,57.92,0.0
2,2023-01-04 06:34:12,2023-01-04 06:46:02,1,2.39,1,N,45,151,2,11.54,0.0,0.5,1.75,0.0,0.3,16.59,2.5
1,2023-01-30 08:31:09,2023-01-30 08:37:02,1,1.41,1,N,110,250,1,8.04,0.0,0.5,0.0,0.0,0.3,11.34,2.5
1,2023-01-08 22:20:51,2023-01-08 22:23:48,1,0.77,1,N,17,117,1,6.44,0.5,0.5,1.62,13.33,0.3,22.19,0.0
2,2023-01-27 06:08:56,2023-01-27 06:47:49,1,9.48,1,N,73,162,1,36.03,0.5,0.5,8.52,0.0,0.3,47.85,2.5
1,2023-01-17 17:25:49,2023-01-17 17:38:23,1,1.55,1,N,100,45,1,10.31,0.0,0.5,2.22,0.0,0.3,15.83,2.5
2,2023-01-18 19:52:06,2023-01-18 20:48:40,3,10.98,1,N,223,128,1,44.47,1.0,0.5,10.47,0.0,0.3,58.24,2.5
2,2023-01-07 00:43:50,2023-01-07 00:58:48,1,3.16,1,N,247,128,1,15.95,1.0,0.5,2.1,0.0,0.3,18.85,0.0
1,2023-01-23 09:45:16,2023-01-23 10:03:05,1,2.6,1,N,247,72,1,14.03,1.0,0.5,3.76,0.0,0.3,18.59,0.0
2,2023-01-21 12:44:00,2023-01-21 12:58:17,2,2.66,1,N,167,170,2,13.4,0.5,0.5,0.0,0.0,0.3,14.2,0.0
2,2023-01-15 15:55:55,2023-01-15 17:49:26,3,12.33,1,N,114,53,2,62.25,0.5,0.5,0.0,0.0,0.3,65.55,2.5
2,2023-01-15 12:13:16,2023-01-15 12:16:32,2,0.45,1,N,113,1,1,4.73,0.5,0.5,1.1,0.0,0.3,6.63,0.0
2,2023-01-19 17:43:39,2023-01-19 17:57:18,1,2.75,1,Y,97,89,2,13.77,0.0,0.5,2.09,0.0,0.3,19.16,2.5
1,2023-01-15 09:04:04,2023-01-15 09:10:15,1,1.92,1,N,186,36,1,8.77,0.5,0.5,1.78,0.0,0.3,13.85,2.5
2,2023-01-31 02:14:11,2023-01-31 02:21:32,1,1.99,1,N,45,7,1,8.81,0.5,0.5,2.41,0.0,0.3,14.52,2.5
2,2023-01-02 00:01:52,2023-01-02 00:13:31,2,2.62,1,N,232,114,2,12.39,0.5,0.5,0.0,0.0,0.3,15.69,2.5
1,2023-01-08 12:25:35,2023-01-08 12:36:14,1,1.92,1,N,224,54,1,10.87,0.5,0.5,1.92,0.0,0.3,16.09,2.5
2,2023-01-27 12:08:59,2023-01-27 12:24:49,1,2.69,1,N,132,67,2,13.39,0.5,0.5,2.83,0.0,0.3,17.02,0.0
1,2023-01-25 22:23:10,2023-01-25 22:45:58,1,2.3,1,N,97,158,1,14.55,0.5,0.5,0.0,2.75,0.3,20.6,2.5
2,2023-01-11 05:08:53,2023-01-11 05:15:43,1,0.87,2,N,202,54,2,6.27,0.0,0.5,0.99,0.0,0.3,8.06,0.0
2,2023-01-16 15:02:52,2023-01-16 15:27:00,1,3.11,1,N,113,163,2,17.34,1.0,0.5,0.0,0.0,0.3,20.64,2.5
2,2023-01-01 16:28:55,2023-01-01 16:47:18,1,4.0,1,N,158,100,1,17.93,1.0,0.5,4.75,0.0,0.3,25.98,2.5
2,2023-01-06 18:24:02,2023-01-06 18:30:16,1,1.56,1,N,29,186,1,8.47,0.5,0.5,1.67,0.0,0.3,10.94,0.0
2,2023-01-30 17:25:06,2023-01-30 18:06:11,1,9.5,1,N,53,110,1,37.11,0.5,0.5,10.04,0.0,0.3,50.45,2.5
1,2023-01-20 00:20:31,2023-01-20 00:43:46,1,6.37,1,N,59,102,1,24.04,0.0,0.5,0.0,0.0,0.3,27.34,2.5
2,2023-01-02 17:24:06,2023-01-02 17:48:39,1,4.41,1,N,114,1,2,19.49,1.0,0.5,0.0,0.0,0.3,22.79,2.5
1,2023-01-25 11:00:03,2023-01-25 11:36:22,2,4.37,1,N,45,224,1,22.95,0.5,0.5,2.66,0.0,0.3,26.41,0.0
1,2023-01-13 19:28:48,2023-01-13 19:42:44,1,2.39,1,N,170,103,1,12.72,1.0,0.5,0.0,0.0,0.3,16.02,2.5
2,2023-01-18 08:50:41,2023-01-18 09:32:12,1,5.51,1,N,17,232,1,27.44,0.5,0.5,5.84,0.0,0.3,34.08,0.0
2,2023-01-27 18:08:50,2023-01-27 18:42:42,2,7.6,1,N,128,202,1,30.29,1.0,0.5,4.12,0.0,0.3,37.71,2.5
1,2023-01-26 17:08:56,2023-01-26 17:37:04,1,4.29,1,N,76,237,2,21.13,0.5,0.5,3.82,0.0,0.3,28.25,2.5
2,2023-01-05 18:46:08,2023-01-05 18:55:13,1,1.53,1,N,236,101,1,9.81,0.5,0.5,2.19,0.0,0.3,12.8,0.0
2,2023-01-12 08:30:49,2023-01-12 08:40:47,1,2.27,1,N,45,186,2,11.13,0.0,0.5,2.39,0.0,0.3,16.82,2.5
2,2023-01-09 18:15:02,2023-01-09 18:42:20,6,3.6,1,N,79,162,2,18.98,1.0,0.5,4.05,0.0,0.3,26.33,2.5
2,2023-01-29 19:47:22,2023-01-29 20:04:46,1,4.39,1,N,114,1,1,18.22,0.5,0.5,3.81,9.0,0.3,34.33,2.5
2,2023-01-25 14:19:17,2023-01-25 14:40:23,1,2.21,1,N,224,63,1,13.74,0.5,0.5,3.81,0.0,0.3,20.85,2.5
2,2023-01-21 12:36:14,2023-01-21 12:44:01,1,1.53,1,N,100,163,1,8.86,0.0,0.5,2.02,0.0,0.3,14.18,2.5
1,2023-01-02 08:33:43,2023-01-02 09:19:12,2,7.68,1,N,33,102,2,34.42,0.5,0.5,9.07,7.16,0.3,53.95,2.5
1,2023-01-25 10:10:07,2023-01-25 10:14:30,1,1.05,1,N,114,17,1,7.18,0.5,0.5,0.0,0.0,0.3,10.48,2.5
2,2023-01-18 19:45:48,2023-01-18 19:56:53,2,1.15,1,N,261,128,1,9.06,0.5,0.5,2.31,3.09,0.3,17.76,2.5
1,2023-01-09 13:37:52,2023-01-09 13:46:40,1,0.86,1,N,236,59,1,7.12,0.5,0.5,0.0,0.0,0.3,7.92,0.0
1,2023-01-14 18:12:39,2023-01-14 18:17:35,1,1.15,1,N,7,110,1,6.66,0.5,0.5,1.3,0.0,0.3,8.76,0.0
2,2023-01-14 19:45:04,2023-01-14 20:24:37,2,5.96,5,N,234,246,1,27.99,1.0,0.5,4.72,0.0,0.3,36.01,2.5
1,2023-01-10 18:37:35,2023-01-10 19:13:46,1,6.11,1,N,101,116,1,27.94,0.5,0.5,3.28,0.0,0.3,34.52,2.5
2,2023-01-29 18:51:37,2023-01-29 19:07:51,1,2.21,2,N,59,170,1,13.45,1.0,0.5,2.71,0.0,0.3,19.46,2.5
2,2023-01-29 17:49:22,2023-01-29 18:03:04,2,3.39,1,N,97,163,1,13.68,0.0,0.5,1.89,0.0,0.3,16.37,0.0
1,2023-01-02 15:19:22,2023-01-02 15:31:12,5,2.32,1,N,76,121,2,12.99,0.5,0.5,2.66,0.0,0.3,18.95,2.5
2,2023-01-30 08:56:28,2023-01-30 09:01:28,1,0.96,1,N,162,162,2,6.86,0.5,0.5,1.7,0.0,0.3,9.36,0.0
2,2023-01-13 20:02:59,2023-01-13 21:53:12,2,12.35,2,N,110,114,1,61.88,1.0,0.5,10.57,0.0,0.3,75.75,2.5
1,2023-01-25 22:20:00,2023-01-25 22:51:01,1,6.56,1,N,114,114,1,26.29,0.5,0.5,0.0,0.0,0.3,29.59,2.5
1,2023-01-25 14:36:30,2023-01-25 15:01:56,2,3.05,1,N,53,102,1,16.87,0.5,0.5,4.01,0.0,0.3,24.18,2.5
1,2023-01-19 22:32:19,2023-01-19 22:41:21,2,1.23,1,N,17,113,1,8.75,0.5,0.5,2.14,0.0,0.3,11.69,0.0
2,2023-01-24 23:13:32,2023-01-24 23:32:34,2,1.98,1,N,161,151,1,12.12,1.0,0.5,1.46,0.0,0.3,16.88,2.5
2,2023-01-22 14:11:00,2023-01-22 14:19:26,1,1.39,1,N,162,45,1,7.14,1.0,0.5,1.92,4.54,0.3,16.9,2.5
1,2023-01-27 19:46:55,2023-01-27 19:56:32,1,2.52,1,N,89,100,1,11.87,0.5,0.5,0.0,0.0,0.3,15.17,2.5
1,2023-01-14 17:52:27,2023-01-14 18:07:56,1,2.95,1,N,236,121,1,14.22,1.0,0.5,3.58,0.0,0.3,21.1,2.5
1,2023-01-23 09:40:58,2023-01-23 09:53:13,2,1.81,1,N,161,167,1,11.31,1.0,0.5,1.19,0.0,0.3,15.8,2.5
1,2023-01-31 05:31:09,2023-01-31 05:35:29,2,0.79,1,N,72,76,2,5.98,0.5,0.5,0.77,0.0,0.3,10.05,2.5
1,2023-01-30 14:46:35,2023-01-30 15:50:17,1,11.58,5,N,129,45,4,47.83,0.5,0.5,0.0,0.0,0.3,48.63,0.0
2,2023-01-05 19:14:40,2023-01-05 19:30:17,1,2.8,1,N,247,33,2,14.26,0.5,0.5,3.32,0.0,0.3,18.38,0.0
2,2023-01-16 11:58:47,2023-01-16 12:16:26,2,3.3,6,N,128,162,1,16.18,0.0,0.5,0.0,0.0,0.3,19.48,2.5
2,2023-01-16 19:07:00,2023-01-16 19:21:26,1,1.7,1,N,161,114,1,10.51,0.0,0.5,0.0,0.0,0.3,13.81,2.5
1,2023-01-20 18:35:38,2023-01-20 18:39:38,3,0.73,1,N,121,59,1,6.3,0.0,0.5,1.46,0.0,0.3,11.06,2.5
2,2023-01-21 18:20:08,2023-01-21 18:44:39,1,2.2,1,N,79,33,2,14.37,0.5,0.5,0.0,0.0,0.3,17.67,2.5
2,2023-01-27 10:54:25,2023-01-27 11:02:52,2,1.84,1,N,132,79,2,9.72,1.0,0.5,2.68,0.0,0.3,15.7,2.5
2,2023-01-17 14:14:03,2023-01-17 14:48:40,1,3.98,2,Y,202,167,1,21.94,0.0,0.5,3.8,0.0,0.3,26.54,0.0
2,2023-01-22 08:38:03,2023-01-22 08:54:56,1,4.62,1,N,236,53,1,19.2,0.0,0.5,5.08,0.0,0.3,27.58,2.5
1,2023-01-28 09:09:45,2023-01-28 10:09:53,5,4.15,1,N,237,25,1,28.57,0.0,0.5,6.86,6.72,0.3,45.45,2.5
2,2023-01-04 07:10:43,2023-01-04 07:25:35,2,4.91,1,N,100,186,1,18.45,0.5,0.5,3.06,0.0,0.3,22.31,0.0
2,2023-01-20 07:24:53,2023-01-20 09:01:25,1,9.05,5,N,117,261,3,48.83,0.5,0.5,0.0,0.0,0.3,49.63,0.0
2,2023-01-12 09:47:42,2023-01-12 10:15:57,5,3.13,2,N,247,101,2,17.8,0.5,0.5,3.96,0.0,0.3,25.06,2.5
1,2023-01-29 16:16:35,2023-01-29 16:43:51,1,5.34,1,N,151,202,1,23.65,0.0,0.5,0.0,0.0,0.3,26.95,2.5
1,2023-01-18 14:41:07,2023-01-18 14:56:27,2,3.39,1,N,96,76,2,15.53,0.5,0.5,3.43,0.0,0.3,22.26,2.5
1,2023-01-19 10:34:45,2023-01-19 10:38:19,1,0.56,1,N,96,223,1,5.41,0.5,0.5,1.38,0.0,0.3,10.09,2.5
2,2023-01-24 20:58:13,2023-01-24 21:06:41,3,2.08,1,N,129,102,1,10.32,1.0,0.5,2.83,0.0,0.3,13.95,0.0
1,2023-01-08 15:18:06,2023-01-08 15:27:32,5,1.22,1,N,232,25,2,8.57,0.5,0.5,0.0,0.0,0.3,9.37,0.0
1,2023-01-17 21:14:43,2023-01-17 21:33:14,1,2.78,1,N,97,246,2,14.08,1.0,0.5,2.77,0.0,0.3,20.15,2.5
2,2023-01-24 17:54:35,2023-01-24 18:02:51,1,1.29,3,N,132,186,1,8.68,0.0,0.5,1.82,0.0,0.3,13.8,2.5
2,2023-01-25 01:19:08,2023-01-25 01:44:58,2,3.68,1,N,202,78,2,19.08,0.5,0.5,2.65,4.9,0.3,27.43,0.0
1,2023-01-08 21:12:32,2023-01-08 22:10:46,1,4.88,1,N,224,151,1,29.58,0.5,0.5,0.0,3.89,0.3,36.77,2.5
1,2023-01-26 20:49:41,2023-01-26 21:23:00,1,5.77,1,N,73,87,1,25.98,1.0,0.5,3.82,4.75,0.3,35.35,0.0
2,2023-01-06 17:48:29,2023-01-06 18:35:35,2,7.88,1,N,246,132,4,33.62,0.5,0.5,7.64,13.08,0.3,55.14,0.0
2,2023-01-09 15:03:43,2023-01-09 15:06:15,1,0.67,1,N,236,162,2,5.4,0.5,0.5,1.05,0.0,0.3,9.75,2.5
2,2023-01-27 14:51:30,2023-01-27 15:00:21,4,0.95,1,N,250,29,1,7.52,1.0,0.5,0.0,0.0,0.3,8.32,0.0
2,2023-01-20 14:37:21,2023-01-20 17:10:47,2,21.03,1,N,67,96,1,94.56,0.0,0.5,0.0,0.0,0.3,97.86,2.5
2,2023-01-17 19:16:13,2023-01-17 19:34:17,1,4.99,1,N,158,89,2,19.89,0.5,0.5,0.0,0.0,0.3,23.19,2.5
2,2023-01-18 15:32:15,2023-01-18 15:46:25,1,2.77,1,N,202,25,3,13.9,0.5,0.5,1.84,0.0,0.3,19.04,2.5
1,2023-01-31 08:14:48,2023-01-31 08:25:56,3,2.4,1,N,158,237,1,11.59,0.0,0.5,2.85,0.0,0.3,15.24,0.0
2,2023-01-08 06:10:22,2023-01-08 06:21:09,1,2.24,1,N,224,116,1,10.15,0.5,0.5,1.75,0.0,0.3,15.2,2.5
1,2023-01-10 07:07:42,2023-01-10 07:10:20,6,0.55,1,N,121,162,1,4.92,0.5,0.5,1.01,0.0,0.3,9.23,2.5
1,2023-01-16 10:09:21,2023-01-16 10:13:06,1,1.31,1,N,129,100,1,7.31,0.0,0.5,0.0,3.58,0.3,14.19,2.5
1,2023-01-27 12:34:31,2023-01-27 12:46:23,1,2.15,1,N,87,237,1,11.42,0.0,0.5,2.13,0.0,0.3,14.35,0.0
1,2023-01-18 21:48:36,2023-01-18 22:00:06,1,1.37,3,N,87,17,1,9.39,0.0,0.5,1.4,0.0,0.3,11.59,0.0
2,2023-01-23 09:29:28,2023-01-23 09:36:14,1,1.51,1,N,132,202,1,8.22,0.5,0.5,1.21,0.0,0.3,12.73,2.5
1,2023-01-26 11:00:44,2023-01-26 12:53:51,1,15.94,1,N,161,121,4,70.97,0.5,0.5,14.33,0.0,0.3,88.6,2.5
2,2023-01-28 09:25:55,2023-01-28 09:37:29,1,1.94,1,N,116,17,1,10.18,0.0,0.5,1.55,0.0,0.3,15.03,2.5
2,2023-01-15 16:44:51,2023-01-15 16:59:10,1,2.88,1,N,128,186,2,12.78,1.0,0.5,2.06,0.0,0.3,15.64,0.0
2,2023-01-15 17:50:55,2023-01-15 18:12:53,1,2.81,1,N,63,237,3,15.46,0.0,0.5,2.2,0.0,0.3,20.96,2.5
1,2023-01-03 15:43:01,2023-01-03 16:08:18,1,3.64,1,N,100,116,1,18.05,0.0,0.5,0.0,0.0,0.3,18.85,0.0
2,2023-01-03 22:22:45,2023-01-03 22:30:34,1,1.64,1,N,76,246,1,9.6,0.5,0.5,0.0,0.0,0.3,10.4,0.0
1,2023-01-16 23:38:43,2023-01-17 00:20:43,1,5.96,5,N,114,117,2,27.31,0.0,0.5,0.0,0.0,0.3,28.11,0.0
2,2023-01-24 20:04:24,2023-01-24 20:17:17,1,3.26,1,N,29,113,1,14.52,1.0,0.5,3.0,1.27,0.3,22.09,2.5
1,2023-01-26 20:24:18,2023-01-26 20:31:42,5,0.89,1,N,162,162,1,8.14,0.5,0.5,0.0,0.0,0.3,8.94,0.0
1,2023-01-13 12:32:03,2023-01-13 12:50:03,1,2.16,1,N,128,167,1,12.81,0.5,0.5,2.13,0.0,0.3,18.24,2.5
2,2023-01-18 16:01:50,2023-01-18 16:07:32,1,2.06,1,N,116,163,1,9.58,1.0,0.5,2.51,0.0,0.3,12.89,0.0
2,2023-01-26 12:00:50,2023-01-26 12:21:12,5,1.99,1,N,261,100,1,13.28,0.5,0.5,2.55,0.0,0.3,19.13,2.5
2,2023-01-10 19:48:04,2023-01-10 20:07:53,2,3.43,1,N,186,117,2,16.78,0.5,0.5,4.19,0.0,0.3,21.77,0.0
1,2023-01-05 08:13:34,2023-01-05 08:24:14,1,3.77,1,N,232,102,3,14.89,0.5,0.5,0.0,0.0,0.3,18.19,2.5
2,2023-01-29 09:07:33,2023-01-29 09:27:30,3,3.45,1,N,79,53,1,16.11,0.0,0.5,2.69,0.0,0.3,19.6,0.0
1,2023-01-17 05:35:10,2023-01-17 05:45:31,3,3.02,1,N,224,87,1,13.47,0.5,0.5,3.14,0.0,0.3,19.91,2.5
1,2023-01-05 17:16:32,2023-01-05 17:27:39,2,2.49,1,N,110,129,1,11.05,0.5,0.5,1.46,0.0,0.3,13.31,0.0
1,2023-01-08 18:58:48,2023-01-08 19:01:29,2,0.47,1,N,113,151,1,5.27,1.0,0.5,1.45,0.0,0.3,10.02,2.5
2,2023-01-11 00:56:19,2023-01-11 01:21:30,2,4.19,1,N,73,101,1,19.58,0.0,0.5,0.0,0.0,0.3,22.88,2.5
2,2023-01-07 15:49:43,2023-01-07 16:32:51,5,3.37,1,N,223,236,1,22.21,0.0,0.5,2.64,0.0,0.3,28.15,2.5
1,2023-01-14 12:18:58,2023-01-14 12:26:12,1,1.12,1,N,163,186,1,7.35,0.5,0.5,1.29,0.0,0.3,9.44,0.0
2,2023-01-26 19:52:27,2023-01-26 20:07:35,3,2.89,3,N,25,67,1,14.73,0.5,0.5,0.0,0.0,0.3,15.53,0.0
2,2023-01-23 05:15:06,2023-01-23 05:35:00,1,3.8,1,N,132,103,1,17.6,0.5,0.5,0.0,0.0,0.3,18.4,0.0
1,2023-01-29 05:14:17,2023-01-29 05:26:54,2,5.63,1,N,29,161,1,20.07,0.5,0.5,2.95,14.86,0.3,41.18,2.5
2,2023-01-26 17:58:08,2023-01-26 18:15:46,6,3.43,1,N,158,79,2,15.81,0.5,0.5,4.21,0.0,0.3,20.82,0.0
1,2023-01-10 17:40:21,2023-01-10 17:53:46,1,2.98,1,N,158,202,1,13.73,0.0,0.5,0.0,0.0,0.3,17.03,2.5
1,2023-01-02 20:05:38,2023-01-02 20:23:07,1,4.76,1,N,162,114,2,20.47,0.5,0.5,2.63,0.0,0.3,26.4,2.5
1,2023-01-05 17:53:12,2023-01-05 18:01:52,2,1.86,1,N,151,110,2,9.16,0.5,0.5,1.08,5.54,0.3,16.58,0.0
2,2023-01-25 22:09:30,2023-01-25 22:28:21,2,3.19,1,N,1,162,2,16.23,1.0,0.5,3.43,8.44,0.3,31.4,2.5
1,2023-01-11 11:40:59,2023-01-11 11:49:39,2,1.47,1,N,103,151,1,9.13,0.5,0.5,1.83,0.0,0.3,14.26,2.5
1,2023-01-23 13:26:15,2023-01-23 14:01:25,6,5.38,5,N,162,101,1,26.01,1.0,0.5,0.0,0.0,0.3,26.81,0.0
1,2023-01-15 23:01:52,2023-01-15 23:05:15,1,0.7,1,N,36,236,1,5.91,1.0,0.5,0.0,0.0,0.3,9.21,2.5
1,2023-01-28 07:47:18,2023-01-28 08:13:40,2,4.32,1,N,87,186,1,20.39,0.5,0.5,2.26,0.0,0.3,23.45,0.0
2,2023-01-16 19:41:36,2023-01-16 19:52:17,2,2.37,1,N,102,103,1,12.11,0.5,0.5,1.64,0.0,0.3,17.05,2.5
1,2023-01-28 00:53:09,2023-01-28 01:33:42,1,4.83,1,N,162,261,1,25.33,0.0,0.5,0.0,0.0,0.3,26.13,0.0
2,2023-01-08 14:36:16,2023-01-08 14:43:18,1,1.3,5,N,59,237,1,8.39,0.0,0.5,1.48,0.0,0.3,13.17,2.5
1,2023-01-25 08:45:52,2023-01-25 08:53:47,2,2.5,1,N,129,120,2,11.95,0.5,0.5,1.46,0.0,0.3,14.21,0.0
1,2023-01-17 17:54:35,2023-01-17 18:09:51,2,2.45,1,N,224,261,1,12.99,0.0,0.5,0.0,0.0,0.3,13.79,0.0
1,2023-01-06 19:58:34,2023-01-06 20:07:46,2,3.24,1,N,162,97,1,13.19,0.5,0.5,3.26,0.0,0.3,17.25,0.0
2,2023-01-08 04:33:30,2023-01-08 04:39:15,1,1.07,1,N,101,129,1,6.79,0.0,0.5,0.88,0.0,0.3,10.97,2.5
1,2023-01-10 08:01:14,2023-01-10 08:23:16,2,3.77,1,N,100,86,2,18.16,0.0,0.5,0.0,0.0,0.3,18.96,0.0
2,2023-01-05 12:20:55,2023-01-05 12:24:08,1,0.59,1,N,151,114,2,4.84,0.5,0.5,1.28,15.41,0.3,24.83,2.5
2,2023-01-30 10:37:23,2023-01-30 10:46:31,1,1.42,1,N,53,234,2,8.66,1.0,0.5,1.67,0.0,0.3,13.63,2.5
2,2023-01-07 12:06:00,2023-01-07 12:14:44,2,0.72,1,N,236,1,1,6.5,0.5,0.5,1.66,6.89,0.3,18.35,2.5
2,2023-01-19 22:06:54,2023-01-19 22:24:42,2,4.35,1,N,113,79,1,18.58,0.5,0.5,4.24,0.0,0.3,26.12,2.5
2,2023-01-18 07:23:02,2023-01-18 07:30:53,3,3.16,1,N,170,246,1,12.49,0.5,0.5,2.05,10.61,0.3,25.95,0.0
2,2023-01-17 13:54:53,2023-01-17 14:10:34,1,3.29,1,N,163,224,1,14.5,1.0,0.5,0.0,0.0,0.3,17.8,2.5
1,2023-01-20 14:19:15,2023-01-20 14:52:08,2,7.06,1,N,167,45,1,28.32,0.0,0.5,0.0,0.0,0.3,29.12,0.0
1,2023-01-29 10:56:04,2023-01-29 11:07:24,4,1.85,1,N,45,120,2,10.18,1.0,0.5,1.93,0.0,0.3,12.91,0.0
1,2023-01-31 10:48:13,2023-01-31 11:01:51,1,3.7,1,Y,232,151,1,15.42,0.5,0.5,3.85,0.0,0.3,22.57,2.5
2,2023-01-28 18:18:39,2023-01-28 18:32:56,1,2.46,1,N,87,161,1,12.85,0.5,0.5,2.64,0.0,0.3,18.79,2.5
1,2023-01-15 17:13:32,2023-01-15 17:24:51,4,2.19,1,N,96,161,1,11.22,1.0,0.5,1.89,15.08,0.3,31.49,2.5
2,2023-01-23 20:49:09,2023-01-23 21:53:46,1,6.23,1,N,224,17,1,34.91,1.0,0.5,7.66,0.0,0.3,45.87,2.5
2,2023-01-06 13:45:18,2023-01-06 15:03:19,2,11.15,1,Y,132,29,1,50.6,0.5,0.5,13.96,0.0,0.3,67.86,2.5
1,2023-01-28 17:37:12,2023-01-28 17:45:36,2,1.69,1,N,36,261,1,9.7,0.5,0.5,0.0,0.0,0.3,10.5,0.0
1,2023-01-07 21:58:39,2023-01-07 22:16:21,1,4.37,5,N,101,7,1,17.4,0.5,0.5,0.0,0.0,0.3,18.2,0.0
2,2023-01-04 20:06:51,2023-01-04 20:18:45,3,2.97,1,N,223,72,1,12.84,0.0,0.5,1.64,0.0,0.3,17.78,2.5
2,2023-01-26 21:23:15,2023-01-26 21:54:31,1,3.0,1,N,129,151,1,18.6,0.5,0.5,0.0,0.0,0.3,21.9,2.5
2,2023-01-24 10:36:53,2023-01-24 11:05:10,1,2.82,1,N,78,97,1,17.23,0.5,0.5,3.42,0.0,0.3,21.45,0.0
2,2023-01-05 23:04:24,2023-01-05 23:12:44,1,1.82,1,Y,186,76,1,10.12,0.5,0.5,1.25,0.0,0.3,12.17,0.0
2,2023-01-30 20:58:04,2023-01-30 20:59:16,3,0.16,1,N,121,96,1,2.93,0.0,0.5,0.62,2.9,0.3,7.25,0.0
2,2023-01-04 19:34:19,2023-01-04 20:04:27,1,7.4,1,Y,151,232,2,28.8,0.5,0.5,0.0,0.0,0.3,29.6,0.0
1,2023-01-02 18:18:52,2023-01-02 18:33:38,2,1.39,1,N,151,132,1,10.02,0.0,0.5,1.11,0.0,0.3,14.43,2.5
1,2023-01-30 23:14:48,2023-01-30 23:26:23,1,1.95,2,N,86,128,1,10.85,0.5,0.5,2.77,0.0,0.3,14.42,0.0
1,2023-01-07 14:00:43,2023-01-07 14:12:11,1,1.98,1,N,167,224,1,10.84,0.5,0.5,2.47,0.0,0.3,16.61,2.5
1,2023-01-08 19:35:23,2023-01-08 19:41:34,1,1.3,1,N,36,224,1,8.03,0.0,0.5,0.81,0.0,0.3,12.14,2.5
1,2023-01-25 18:58:46,2023-01-25 19:22:28,1,2.8,1,N,246,232,2,15.87,1.0,0.5,4.33,0.0,0.3,21.0,0.0
1,2023-01-19 19:02:42,2023-01-19 19:30:00,1,2.26,2,N,128,237,2,16.16,0.5,0.5,2.08,0.0,0.3,21.54,2.5
2,2023-01-17 19:24:47,2023-01-17 19:32:07,1,1.37,1,N,114,247,2,9.11,0.0,0.5,0.0,0.0,0.3,9.91,0.0
2,2023-01-31 08:39:33,2023-01-31 08:51:49,1,2.62,1,N,202,7,1,12.06,0.0,0.5,2.13,0.0,0.3,14.99,0.0
2,2023-01-03 12:25:30,2023-01-03 12:34:23,1,2.28,1,N,114,232,2,10.95,0.0,0.5,1.37,0.0,0.3,13.12,0.0
2,2023-01-29 13:39:58,2023-01-29 14:10:43,2,4.69,1,N,163,1,1,22.81,1.0,0.5,4.62,0.0,0.3,30.73,2.5
1,2023-01-09 19:42:56,2023-01-09 19:46:35,1,0.86,1,N,163,100,2,6.36,0.0,0.5,0.0,0.0,0.3,9.66,2.5
1,2023-01-20 18:57:32,2023-01-20 19:03:37,1,1.28,1,N,117,97,1,7.52,0.5,0.5,1.0,0.0,0.3,9.32,0.0
1,2023-01-11 20:36:12,2023-01-11 20:50:09,1,4.03,1,N,170,59,1,16.69,0.5,0.5,0.0,0.0,0.3,19.99,2.5
1,2023-01-10 19:42:24,2023-01-10 19:50:52,4,1.45,1,N,59,101,2,7.95,0.0,0.5,1.27,0.0,0.3,12.52,2.5
1,2023-01-10 17:18:30,2023-01-10 17:31:38,2,1.19,1,N,67,67,2,9.25,0.5,0.5,1.62,0.0,0.3,14.17,2.5
1,2023-01-18 08:09:40,2023-01-18 08:18:28,4,1.5,1,N,162,202,1,8.22,0.0,0.5,0.0,0.0,0.3,9.02,0.0
2,2023-01-28 17:05:19,2023-01-28 17:17:19,1,2.17,1,N,100,186,2,11.68,1.0,0.5,2.93,0.0,0.3,15.41,0.0
1,2023-01-04 21:06:02,2023-01-04 21:16:16,3,2.18,2,N,232,161,1,10.45,1.0,0.5,1.42,0.0,0.3,12.67,0.0
1,2023-01-21 17:49:49,2023-01-21 18:10:18,1,2.0,1,N,223,158,1,13.2,1.0,0.5,1.62,0.0,0.3,15.62,0.0
1,2023-01-27 21:02:56,2023-01-27 21:09:53,2,1.08,1,N,261,36,1,7.6,0.0,0.5,0.0,0.0,0.3,8.4,0.0
1,2023-01-23 23:29:04,2023-01-23 23:46:15,1,4.18,1,N,120,202,2,17.79,0.5,0.5,2.37,0.0,0.3,23.46,2.5
2,2023-01-31 12:36:19,2023-01-31 13:13:59,2,6.33,1,N,59,261,3,27.93,0.5,0.5,7.11,0.0,0.3,38.34,2.5
2,2023-01-01 18:40:26,2023-01-01 18:44:01,3,0.56,1,N,223,53,2,5.19,1.0,0.5,1.06,0.0,0.3,9.55,2.5
2,2023-01-12 16:03:45,2023-01-12 16:05:46,2,0.73,1,N,234,132,1,5.92,0.5,0.5,1.47,0.0,0.3,8.19,0.0
1,2023-01-14 14:51:46,2023-01-14 15:34:23,1,4.96,1,N,162,101,1,25.84,0.5,0.5,2.91,0.0,0.3,32.05,2.5
2,2023-01-17 09:26:20,2023-01-17 09:53:30,2,7.59,1,N,186,59,1,28.78,0.5,0.5,7.87,0.0,0.3,37.45,0.0
2,2023-01-10 09:01:18,2023-01-10 09:03:07,2,0.47,1,N,163,1,2,4.35,1.0,0.5,0.67,0.0,0.3,5.82,0.0
2,2023-01-08 08:07:24,2023-01-08 08:34:15,1,4.31,1,N,232,162,4,21.0,0.5,0.5,0.0,0.0,0.3,24.3,2.5
1,2023-01-27 17:51:14,2023-01-27 18:37:31,1,7.99,1,N,17,76,2,34.59,0.0,0.5,8.22,0.0,0.3,46.11,2.5
2,2023-01-08 08:56:26,2023-01-08 09:03:34,2,1.23,1,N,102,25,1,7.48,1.0,0.5,0.99,1.47,0.3,13.24,2.5
2,2023-01-30 13:45:15,2023-01-30 14:26:06,1,7.65,1,N,151,202,1,32.34,0.5,0.5,5.28,0.0,0.3,40.92,2.5
2,2023-01-02 15:20:03,2023-01-02 15:34:45,1,2.05,1,N,29,128,1,11.68,0.0,0.5,2.42,0.0,0.3,17.4,2.5
2,2023-01-14 13:56:42,2023-01-14 14:16:37,3,2.96,1,N,232,247,1,16.08,0.5,0.5,1.81,0.0,0.3,18.69,0.0
2,2023-01-19 20:16:47,2023-01-19 20:25:41,5,1.36,1,N,121,103,4,8.6,0.0,0.5,0.0,0.0,0.3,11.9,2.5
1,2023-01-31 14:14:17,2023-01-31 14:46:22,1,4.96,1,N,29,102,1,22.73,0.5,0.5,4.27,3.21,0.3,31.01,0.0
2,2023-01-24 06:45:24,2023-01-24 07:13:32,6,4.37,1,N,132,224,2,21.21,0.5,0.5,0.0,0.0,0.3,24.51,2.5
1,2023-01-01 23:19:24,2023-01-02 01:13:46,3,8.53,1,N,110,202,1,53.81,1.0,0.5,10.78,0.0,0.3,65.39,0.0
1,2023-01-24 20:31:01,2023-01-24 21:09:00,2,6.89,1,N,79,103,2,30.32,0.0,0.5,7.01,0.0,0.3,38.13,0.0
2,2023-01-11 18:39:32,2023-01-11 18:55:45,2,2.32,1,N,163,151,2,12.3,0.5,0.5,2.01,0.0,0.3,15.11,0.0
1,2023-01-27 19:09:27,2023-01-27 22:09:27,4,24.08,1,N,261,33,1,108.07,0.0,0.5,18.67,0.0,0.3,130.04,2.5
2,2023-01-25 07:55:56,2023-01-25 08:38:01,2,6.44,1,N,170,73,1,29.61,0.0,0.5,0.0,0.0,0.3,30.41,0.0
1,2023-01-06 19:09:22,2023-01-06 19:32:34,1,3.51,1,Y,110,224,1,17.57,0.5,0.5,0.0,0.0,0.3,18.37,0.0
1,2023-01-12 09:59:47,2023-01-12 10:03:41,1,1.11,1,N,114,167,1,6.94,0.5,0.5,0.76,5.23,0.3,13.73,0.0
1,2023-01-26 14:16:23,2023-01-26 14:21:34,1,0.74,1,N,117,246,1,5.98,1.0,0.5,1.22,0.0,0.3,10.5,2.5
2,2023-01-29 08:25:11,2023-01-29 08:28:41,1,0.79,1,N,151,17,1,5.39,0.5,0.5,0.0,0.0,0.3,6.19,0.0
2,2023-01-19 19:15:20,2023-01-19 19:19:15,1,1.16,1,N,232,162,1,7.36,0.0,0.5,1.68,6.44,0.3,18.78,2.5
1,2023-01-07 09:32:52,2023-01-07 10:20:35,1,6.57,2,N,45,120,1,30.8,0.5,0.5,0.0,0.0,0.3,34.1,2.5
1,2023-01-13 10:00:15,2023-01-13 10:19:53,1,3.37,1,N,25,110,1,15.93,0.5,0.5,1.76,0.0,0.3,18.49,0.0
2,2023-01-25 07:10:50,2023-01-25 07:15:13,1,1.48,1,Y,89,161,2,7.23,0.5,0.5,1.09,0.0,0.3,11.62,2.5
2,2023-01-19 18:31:39,2023-01-19 18:42:43,3,2.11,3,N,158,261,2,11.35,0.0,0.5,2.03,0.0,0.3,16.68,2.5
2,2023-01-07 11:41:44,2023-01-07 11:51:18,1,1.93,1,N,261,237,3,10.27,1.0,0.5,2.31,0.0,0.3,15.88,2.5
2,2023-01-09 15:57:45,2023-01-09 16:26:12,2,4.26,1,N,54,161,1,21.21,1.0,0.5,4.76,0.0,0.3,29.27,2.5
1,2023-01-07 11:50:31,2023-01-07 11:55:50,2,1.21,1,N,100,97,1,6.97,0.5,0.5,1.92,0.0,0.3,12.19,2.5
2,2023-01-15 19:55:36,2023-01-15 20:13:15,5,3.04,1,Y,59,33,1,14.39,0.0,0.5,0.0,0.0,0.3,17.69,2.5
2,2023-01-14 09:47:04,2023-01-14 10:20:42,1,2.93,1,N,232,73,2,18.51,0.5,0.5,2.05,0.0,0.3,23.86,2.5
2,2023-01-17 22:46:41,2023-01-17 22:54:48,1,1.24,1,N,224,202,1,8.04,0.5,0.5,2.05,0.0,0.3,13.39,2.5
1,2023-01-30 11:20:42,2023-01-30 12:29:46,2,7.7,1,N,247,128,2,39.62,0.5,0.5,9.17,0.0,0.3,49.59,0.0
2,2023-01-21 07:54:06,2023-01-21 08:04:21,2,1.87,1,N,116,114,2,9.4,0.5,0.5,1.06,0.0,0.3,13.76,2.5
2,2023-01-19 09:57:31,2023-01-19 10:06:30,3,1.11,6,N,120,87,1,8.26,0.5,0.5,0.95,0.0,0.3,12.51,2.5
1,2023-01-12 06:30:30,2023-01-12 06:51:41,1,4.44,1,N,170,246,1,18.95,0.0,0.5,3.52,0.0,0.3,23.27,0.0
1,2023-01-20 14:07:18,2023-01-20 14:21:01,1,2.44,1,N,1,237,1,12.21,0.0,0.5,0.0,0.0,0.3,13.01,0.0
1,2023-01-30 09:02:03,2023-01-30 09:31:17,1,3.18,5,N,246,113,1,18.85,0.0,0.5,0.0,0.0,0.3,19.65,0.0
2,2023-01-01 21:29:00,2023-01-01 21:35:37,2,0.96,1,N,246,72,4,5.96,0.0,0.5,0.0,0.0,0.3,9.26,2.5
2,2023-01-11 15:38:12,2023-01-11 15:57:38,1,4.3,1,N,158,120,1,18.77,0.5,0.5,5.12,2.11,0.3,29.3,2.5
2,2023-01-02 09:33:13,2023-01-02 10:17:20,1,11.93,1,N,163,53,2,44.02,1.0,0.5,8.46,0.0,0.3,53.28,0.0
2,2023-01-07 14:53:12,2023-01-07 15:00:32,2,0.91,1,Y,97,17,1,6.7,0.0,0.5,1.58,0.0,0.3,9.08,0.0
2,2023-01-03 08:32:36,2023-01-03 08:59:04,1,3.05,1,N,261,117,2,17.02,0.5,0.5,0.0,0.0,0.3,17.82,0.0
1,2023-01-19 08:39:25,2023-01-19 08:42:57,1,1.3,5,N,25,261,1,7.75,0.0,0.5,1.64,0.0,0.3,12.69,2.5
1,2023-01-26 11:45:06,2023-01-26 13:26:07,1,17.59,1,N,162,121,1,73.21,0.5,0.5,0.0,11.03,0.3,87.54,2.5
2,2023-01-30 07:53:05,2023-01-30 08:25:51,3,5.93,1,N,250,1,2,26.55,0.0,0.5,0.0,0.0,0.3,27.35,0.0
1,2023-01-08 08:36:39,2023-01-08 08:58:33,2,2.89,1,N,128,161,1,16.64,0.5,0.5,3.28,0.0,0.3,20.72,0.0
1,2023-01-22 22:33:56,2023-01-22 22:38:50,1,0.93,1,N,86,100,3,6.21,1.0,0.5,0.9,0.0,0.3,7.91,0.0
2,2023-01-11 18:04:49,2023-01-11 18:08:09,1,1.12,1,N,246,161,2,5.84,1.0,0.5,1.09,0.0,0.3,10.23,2.5
1,2023-01-10 21:38:45,2023-01-10 21:59:59,6,4.09,2,N,162,110,1,18.51,0.5,0.5,4.57,0.0,0.3,23.88,0.0
1,2023-01-19 10:10:19,2023-01-19 10:13:31,1,0.84,5,N,101,86,1,6.3,0.0,0.5,1.41,0.0,0.3,11.01,2.5
2,2023-01-22 20:22:42,2023-01-22 20:27:34,1,0.86,1,N,25,202,1,5.44,0.5,0.5,1.28,0.0,0.3,10.02,2.5
2,2023-01-19 12:31:04,2023-01-19 12:51:00,3,2.36,1,N,117,224,1,13.42,0.5,0.5,0.0,0.0,0.3,16.72,2.5
1,2023-01-04 08:04:10,2023-01-04 08:23:22,1,2.59,1,N,158,86,1,13.87,0.5,0.5,3.47,0.0,0.3,20.64,2.5
2,2023-01-13 20:41:08,2023-01-13 21:08:20,6,3.11,1,N,25,72,1,17.76,1.0,0.5,3.74,0.0,0.3,24.8,2.5
1,2023-01-09 06:16:11,2023-01-09 06:25:01,2,1.68,1,N,129,79,2,9.53,0.5,0.5,1.07,0.0,0.3,13.9,2.5
2,2023-01-01 13:30:21,2023-01-01 13:47:08,2,4.67,1,N,29,120,4,18.48,1.0,0.5,0.0,0.0,0.3,21.78,2.5
2,2023-01-02 20:21:02,2023-01-02 20:27:39,2,1.23,1,N,79,54,1,7.82,1.0,0.5,0.86,0.0,0.3,11.98,2.5
1,2023-01-14 17:21:48,2023-01-14 17:45:51,1,3.74,1,N,76,261,2,17.79,1.0,0.5,0.0,0.0,0.3,21.09,2.5
1,2023-01-04 15:23:42,2023-01-04 15:44:56,4,2.75,1,N,89,247,1,14.97,0.0,0.5,3.74,0.0,0.3,19.51,0.0
1,2023-01-23 12:03:38,2023-01-23 12:21:58,1,3.67,1,N,96,33,1,16.13,0.0,0.5,0.0,12.15,0.3,29.08,0.0
1,2023-01-02 06:11:10,2023-01-02 07:03:11,1,5.68,1,N,202,232,1,30.13,0.5,0.5,0.0,0.0,0.3,33.43,2.5
1,2023-01-08 23:47:52,2023-01-09 00:02:28,1,1.66,1,N,158,170,1,10.4,0.5,0.5,0.0,0.0,0.3,11.2,0.0
1,2023-01-31 08:07:00,2023-01-31 08:12:48,1,1.43,1,N,73,151,1,8.37,0.0,0.5,0.0,0.0,0.3,11.67,2.5
2,2023-01-22 10:29:59,2023-01-22 10:34:10,1,0.66,3,N,120,33,2,5.69,0.0,0.5,0.61,0.0,0.3,9.6,2.5
2,2023-01-18 09:08:43,2023-01-18 09:11:59,1,0.51,1,N,72,96,1,4.98,0.5,0.5,0.83,0.0,0.3,9.11,2.5
1,2023-01-01 21:32:12,2023-01-01 21:44:42,1,2.05,1,N,128,129,2,12.14,0.5,0.5,0.0,0.0,0.3,12.94,0.0
2,2023-01-02 19:38:11,2023-01-02 19:47:33,3,2.16,1,N,261,103,1,10.94,1.0,0.5,1.77,0.0,0.3,16.01,2.5
2,2023-01-29 14:28:41,2023-01-29 14:34:16,2,1.04,1,N,72,17,1,6.81,1.0,0.5,1.04,0.0,0.3,8.65,0.0
2,2023-01-25 22:46:48,2023-01-25 22:56:03,1,1.22,1,N,186,67,1,8.07,0.5,0.5,2.1,0.0,0.3,10.97,0.0
2,2023-01-30 05:15:27,2023-01-30 06:10:19,1,7.33,1,N,232,151,1,34.45,0.0,0.5,8.21,12.09,0.3,58.05,2.5
2,2023-01-26 21:33:03,2023-01-26 22:00:50,2,4.51,5,N,29,250,1,21.19,0.5,0.5,5.49,0.0,0.3,27.48,0.0
2,2023-01-01 06:16:29,2023-01-01 06:21:07,2,0.91,1,N,7,63,1,6.59,0.5,0.5,1.51,0.0,0.3,11.4,2.5
1,2023-01-25 13:30:28,2023-01-25 13:40:12,1,1.68,1,N,86,54,2,8.68,0.5,0.5,1.38,0.0,0.3,10.86,0.0
2,2023-01-15 05:03:19,2023-01-15 05:22:20,6,3.17,1,N,237,120,1,15.0,0.5,0.5,2.0,0.0,0.3,17.8,0.0
1,2023-01-22 23:16:54,2023-01-22 23:25:06,1,1.46,1,N,224,132,1,8.44,0.5,0.5,0.0,0.0,0.3,11.74,2.5
2,2023-01-13 21:42:20,2023-01-13 21:49:45,1,1.28,1,N,103,89,1,7.51,0.0,0.5,1.23,4.48,0.3,16.52,2.5
2,2023-01-23 16:46:14,2023-01-23 17:00:14,1,1.82,1,N,186,101,1,11.07,0.5,0.5,0.0,0.0,0.3,11.87,0.0
1,2023-01-27 09:16:40,2023-01-27 09:36:34,5,5.3,1,N,232,161,1,21.32,1.0,0.5,0.0,0.0,0.3,24.62,2.5
2,2023-01-31 10:15:37,2023-01-31 10:54:35,3,5.67,1,N,87,162,1,26.86,1.0,0.5,6.13,0.0,0.3,33.79,0.0
2,2023-01-17 14:17:37,2023-01-17 14:24:58,2,1.35,3,N,116,79,1,8.49,0.5,0.5,1.31,6.79,0.3,19.89,2.5
1,2023-01-09 11:16:30,2023-01-09 11:57:48,1,3.3,1,N,132,67,1,21.29,0.5,0.5,3.9,0.0,0.3,28.49,2.5
2,2023-01-19 01:59:19,2023-01-19 02:13:47,1,2.33,1,N,7,163,2,12.42,1.0,0.5,0.0,0.0,0.3,15.72,2.5
2,2023-01-16 18:39:15,2023-01-16 18:48:48,1,1.1,1,N,36,162,1,7.64,0.5,0.5,1.06,0.0,0.3,12.0,2.5
2,2023-01-07 17:23:07,2023-01-07 17:38:38,1,1.87,1,N,100,261,1,11.7,0.5,0.5,1.42,10.06,0.3,23.98,0.0
2,2023-01-23 21:27:11,2023-01-23 21:29:15,3,0.91,2,N,202,167,1,5.83,0.0,0.5,0.8,0.0,0.3,9.93,2.5
1,2023-01-03 14:30:34,2023-01-03 14:59:42,2,5.6,1,N,246,158,2,23.69,0.5,0.5,3.87,0.0,0.3,30.86,2.5
2,2023-01-13 12:33:24,2023-01-13 13:00:19,1,7.5,1,N,186,114,1,28.41,0.5,0.5,5.58,0.0,0.3,37.29,2.5
2,2023-01-22 15:23:44,2023-01-22 15:30:50,6,1.72,1,N,237,100,1,9.06,0.5,0.5,2.5,0.0,0.3,14.86,2.5
1,2023-01-29 08:58:48,2023-01-29 09:04:28,1,1.44,1,N,45,224,4,8.16,0.0,0.5,0.0,0.0,0.3,11.46,2.5
1,2023-01-20 17:17:33,2023-01-20 17:49:23,1,5.16,1,N,186,163,2,24.02,0.5,0.5,5.49,0.0,0.3,32.81,2.5
2,2023-01-31 19:25:06,2023-01-31 19:43:11,1,5.82,1,Y,236,250,1,21.71,0.5,0.5,4.99,0.0,0.3,30.0,2.5
2,2023-01-26 08:00:00,2023-01-26 08:04:11,6,1.01,1,N,36,162,1,6.95,0.0,0.5,1.05,0.0,0.3,11.3,2.5
2,2023-01-08 11:29:13,2023-01-08 11:40:59,1,2.09,1,N,163,79,1,11.43,0.5,0.5,3.05,0.0,0.3,15.28,0.0
1,2023-01-27 20:51:16,2023-01-27 21:02:51,1,2.24,5,N,246,96,2,11.14,0.0,0.5,2.2,0.0,0.3,16.64,2.5
2,2023-01-11 15:59:04,2023-01-11 16:06:57,1,1.31,1,N,117,116,2,7.68,1.0,0.5,0.99,13.89,0.3,23.36,0.0
2,2023-01-20 15:28:46,2023-01-20 15:46:19,6,3.13,1,N,7,117,1,14.89,0.5,0.5,0.0,0.0,0.3,18.19,2.5
2,2023-01-07 18:08:22,2023-01-07 18:16:23,1,1.38,1,N,73,186,1,7.72,0.5,0.5,1.48,0.0,0.3,10.0,0.0
1,2023-01-17 16:43:44,2023-01-17 16:51:27,2,1.56,1,N,170,237,1,8.93,1.0,0.5,1.14,0.0,0.3,13.37,2.5
1,2023-01-22 06:38:12,2023-01-22 06:44:36,3,2.17,1,N,101,110,2,10.62,0.5,0.5,0.0,0.0,0.3,13.92,2.5
1,2023-01-29 20:57:00,2023-01-29 21:03:57,2,0.77,1,N,234,114,1,7.38,0.5,0.5,1.05,0.0,0.3,9.23,0.0
1,2023-01-30 21:30:08,2023-01-30 21:31:59,1,0.5,1,N,202,89,1,4.17,0.0,0.5,0.56,0.59,0.3,6.12,0.0
2,2023-01-25 05:00:28,2023-01-25 05:31:08,1,4.66,1,N,100,223,1,22.71,1.0,0.5,3.36,0.0,0.3,29.37,2.5
1,2023-01-18 07:54:28,2023-01-18 07:59:11,1,1.34,1,N,128,236,2,7.58,0.5,0.5,0.0,0.0,0.3,8.38,0.0
2,2023-01-28 18:40:26,2023-01-28 19:55:46,2,11.6,2,N,114,87,1,49.64,0.5,0.5,7.58,4.78,0.3,65.3,2.5
2,2023-01-04 17:48:57,2023-01-04 18:39:11,3,10.27,1,N,234,247,1,41.07,0.5,0.5,4.41,0.0,0.3,48.78,2.5
1,2023-01-31 12:07:39,2023-01-31 12:17:22,1,1.6,1,N,7,162,3,9.21,0.5,0.5,1.56,0.0,0.3,11.57,0.0
2,2023-01-07 16:27:43,2023-01-07 18:57:02,1,13.52,1,N,45,17,1,74.74,0.5,0.5,0.0,0.0,0.3,75.54,0.0
2,2023-01-13 18:27:07,2023-01-13 18:41:05,1,4.73,1,N,237,161,1,17.88,0.5,0.5,0.0,6.55,0.3,27.73,2.5
2,2023-01-29 15:16:27,2023-01-29 15:28:14,1,1.44,1,N,186,132,1,9.83,0.5,0.5,1.8,0.0,0.3,12.43,0.0
2,2023-01-23 08:50:37,2023-01-23 08:52:30,1,0.34,1,N,170,232,2,4.27,0.5,0.5,0.49,0.0,0.3,5.56,0.0
2,2023-01-27 07:11:35,2023-01-27 07:45:02,6,3.92,1,N,87,87,1,20.44,0.5,0.5,2.95,0.0,0.3,26.69,2.5
2,2023-01-22 13:04:56,2023-01-22 13:27:45,1,2.4,1,N,202,232,1,14.43,0.5,0.5,2.17,0.0,0.3,19.9,2.5
1,2023-01-19 21:14:28,2023-01-19 21:34:26,1,3.23,1,N,234,89,1,16.84,1.0,0.5,3.15,0.0,0.3,23.29,2.5
1,2023-01-06 16:59:22,2023-01-06 17:13:29,1,1.97,2,N,7,72,1,11.37,0.5,0.5,2.82,0.0,0.3,17.49,2.5
2,2023-01-31 12:06:56,2023-01-31 12:15:45,4,0.99,1,N,59,102,1,8.14,0.5,0.5,1.13,0.0,0.3,12.57,2.5
2,2023-01-20 21:34:20,2023-01-20 21:44:11,1,1.7,1,N,247,117,1,10.14,0.5,0.5,0.0,3.09,0.3,14.03,0.0
2,2023-01-21 12:10:34,2023-01-21 12:50:27,3,3.97,1,N,25,129,1,22.67,0.5,0.5,2.27,0.0,0.3,28.24,2.5
1,2023-01-14 15:23:01,2023-01-14 15:32:46,1,1.79,1,N,132,102,3,9.27,0.5,0.5,1.94,0.0,0.3,14.51,2.5
2,2023-01-30 07:33:09,2023-01-30 07:43:54,2,1.79,1,N,1,116,1,9.59,0.5,0.5,1.52,0.0,0.3,14.41,2.5
2,2023-01-14 19:01:03,2023-01-14 19:12:03,1,0.75,1,N,67,87,1,8.35,0.5,0.5,1.84,0.0,0.3,13.49,2.5
2,2023-01-06 18:14:25,2023-01-06 18:31:56,3,2.51,1,N,86,224,1,13.73,0.5,0.5,3.08,0.0,0.3,17.61,0.0
1,2023-01-06 19:35:55,2023-01-06 19:40:48,2,1.02,1,N,102,29,2,5.9,0.5,0.5,0.64,0.0,0.3,7.34,0.0
1,2023-01-22 11:00:04,2023-01-22 11:40:00,1,4.66,2,N,121,87,1,25.05,0.5,0.5,4.39,0.0,0.3,32.74,2.5
2,2023-01-24 13:29:58,2023-01-24 13:36:19,2,1.35,1,N,128,7,2,7.07,0.0,0.5,1.94,0.0,0.3,12.31,2.5
2,2023-01-07 08:36:52,2023-01-07 08:45:56,1,1.87,1,N,163,73,1,9.53,0.5,0.5,0.0,0.0,0.3,12.83,2.5
1,2023-01-22 22:12:00,2023-01-22 23:51:54,1,11.86,1,N,161,29,1,57.67,0.5,0.5,11.26,0.0,0.3,72.23,2.5
1,2023-01-31 07:09:00,2023-01-31 07:19:41,1,1.86,1,N,246,102,3,11.58,0.5,0.5,2.28,12.89,0.3,27.55,0.0
1,2023-01-17 17:29:54,2023-01-17 17:36:55,2,1.68,1,N,247,223,2,9.36,0.5,0.5,1.37,0.0,0.3,11.53,0.0
1,2023-01-31 18:43:35,2023-01-31 19:12:33,3,3.63,2,N,113,25,2,19.08,0.0,0.5,4.58,0.0,0.3,24.46,0.0
2,2023-01-05 08:00:10,2023-01-05 08:03:56,2,0.61,1,N,17,33,2,5.48,0.0,0.5,0.0,9.33,0.3,18.11,2.5
1,2023-01-13 12:20:57,2023-01-13 12:43:03,1,5.98,1,N,236,163,1,23.94,0.5,0.5,3.37,0.0,0.3,28.11,0.0
2,2023-01-18 05:59:33,2023-01-18 06:38:37,1,4.93,1,N,129,202,1,25.81,0.0,0.5,5.33,0.0,0.3,34.44,2.5
1,2023-01-12 16:20:38,2023-01-12 16:37:18,5,3.47,1,N,224,36,1,15.72,0.0,0.5,4.17,0.0,0.3,23.19,2.5
2,2023-01-04 23:19:40,2023-01-04 23:21:18,1,0.19,1,N,261,250,2,3.78,1.0,0.5,0.38,0.0,0.3,7.46,2.5
2,2023-01-15 13:44:12,2023-01-15 13:55:56,1,1.93,1,N,121,120,3,10.35,0.0,0.5,2.15,0.0,0.3,13.3,0.0
2,2023-01-11 23:28:21,2023-01-11 23:32:41,3,0.9,2,N,129,161,1,6.67,0.5,0.5,0.0,0.0,0.3,7.47,0.0
1,2023-01-07 07:23:07,2023-01-07 08:40:44,3,5.44,1,N,1,161,1,36.52,0.5,0.5,7.75,0.0,0.3,45.07,0.0
1,2023-01-12 13:47:31,2023-01-12 14:23:37,1,5.15,1,N,132,202,1,23.93,0.0,0.5,4.17,0.0,0.3,31.4,2.5
1,2023-01-13 21:01:59,2023-01-13 21:17:11,1,3.13,1,N,86,54,2,14.43,0.0,0.5,2.57,0.0,0.3,17.8,0.0
2,2023-01-28 21:42:37,2023-01-28 21:47:36,2,0.95,1,N,45,202,2,6.02,0.0,0.5,0.0,0.0,0.3,9.32,2.5
1,2023-01-16 11:22:41,2023-01-16 12:12:47,1,7.18,1,N,113,53,2,33.55,0.0,0.5,7.48,0.0,0.3,41.83,0.0
1,2023-01-13 18:53:11,2023-01-13 19:09:54,6,1.92,1,N,237,232,1,11.36,0.5,0.5,1.54,0.0,0.3,16.2,2.5
1,2023-01-13 21:43:32,2023-01-13 22:24:21,1,9.06,1,N,67,158,2,35.2,0.5,0.5,9.84,0.0,0.3,45.84,0.0
1,2023-01-19 19:56:59,2023-01-19 20:15:25,1,2.85,1,Y,78,162,1,15.3,0.5,0.5,2.24,0.0,0.3,20.84,2.5
1,2023-01-09 17:07:05,2023-01-09 17:22:59,1,3.42,1,N,79,186,1,15.44,0.5,0.5,3.45,0.0,0.3,22.19,2.5
1,2023-01-28 08:11:12,2023-01-28 08:19:25,1,1.66,1,N,236,163,1,9.18,0.0,0.5,2.04,0.0,0.3,14.52,2.5
1,2023-01-13 06:54:43,2023-01-13 07:40:17,1,6.72,1,N,87,29,1,31.41,1.0,0.5,7.95,0.0,0.3,42.66,2.5
1,2023-01-14 17:23:00,2023-01-14 17:37:02,1,3.69,1,N,100,87,1,16.22,0.5,0.5,0.0,0.0,0.3,19.52,2.5
1,2023-01-02 15:48:12,2023-01-02 16:37:41,4,6.9,1,N,232,202,1,32.41,0.0,0.5,7.3,0.0,0.3,43.01,2.5
1,2023-01-28 09:41:56,2023-01-28 09:51:39,1,2.67,1,N,162,102,2,11.91,0.5,0.5,0.0,0.0,0.3,15.21,2.5
2,2023-01-15 10:29:01,2023-01-15 10:36:50,1,2.26,6,N,110,102,1,10.41,1.0,0.5,1.86,0.0,0.3,13.07,0.0
1,2023-01-05 13:02:25,2023-01-05 13:16:28,1,3.66,1,N,113,73,1,16.2,0.5,0.5,4.29,0.0,0.3,23.79,2.5
1,2023-01-06 15:04:19,2023-01-06 15:46:36,1,6.9,1,N,101,67,2,30.79,0.0,0.5,0.0,0.0,0.3,31.59,0.0
2,2023-01-12 13:43:23,2023-01-12 13:54:17,2,5.02,1,N,89,158,1,18.13,0.0,0.5,2.54,0.0,0.3,21.47,0.0
1,2023-01-25 12:05:15,2023-01-25 12:19:17,1,2.6,1,N,232,87,1,13.21,0.5,0.5,2.82,0.0,0.3,16.83,0.0
2,2023-01-03 07:00:16,2023-01-03 07:03:17,1,0.58,1,N,100,36,1,6.12,1.0,0.5,0.0,0.0,0.3,9.42,2.5
1,2023-01-04 20:13:45,2023-01-04 20:38:33,2,4.3,1,N,73,113,1,19.99,0.0,0.5,4.99,0.0,0.3,28.28,2.5
1,2023-01-18 17:54:01,2023-01-18 18:01:02,1,0.8,1,N,237,97,2,6.62,0.0,0.5,0.0,0.0,0.3,9.92,2.5
1,2023-01-16 08:37:07,2023-01-16 08:45:30,3,2.4,5,N,102,1,2,12.07,0.0,0.5,2.12,0.0,0.3,14.99,0.0
1,2023-01-30 13:43:15,2023-01-30 13:58:32,2,2.15,2,N,186,163,2,12.86,0.0,0.5,2.87,5.44,0.3,24.47,2.5
2,2023-01-24 13:39:49,2023-01-24 13:43:05,1,0.81,1,N,89,76,1,6.43,0.0,0.5,1.67,0.0,0.3,11.4,2.5
1,2023-01-21 17:33:23,2023-01-21 17:44:45,1,3.09,1,Y,73,54,1,13.32,0.5,0.5,2.99,0.0,0.3,17.11,0.0
1,2023-01-11 17:15:02,2023-01-11 18:08:35,1,11.77,1,N,234,237,2,45.51,0.0,0.5,5.32,0.0,0.3,51.63,0.0
2,2023-01-20 17:25:31,2023-01-20 17:39:17,4,1.85,5,N,237,1,2,10.15,0.5,0.5,0.0,2.27,0.3,15.72,2.5
2,2023-01-19 18:32:37,2023-01-19 18:59:42,3,4.16,3,N,96,224,1,20.66,0.5,0.5,0.0,0.0,0.3,23.96,2.5
1,2023-01-09 07:59:27,2023-01-09 10:59:27,5,13.69,1,N,237,163,1,82.26,0.5,0.5,21.67,0.0,0.3,107.23,2.5
1,2023-01-12 11:53:05,2023-01-12 12:19:49,2,4.47,1,N,158,45,1,19.96,1.0,0.5,4.27,0.0,0.3,25.03,0.0
2,2023-01-29 01:44:52,2023-01-29 01:50:56,4,1.44,3,N,158,79,1,8.72,0.5,0.5,1.81,0.0,0.3,11.33,0.0
1,2023-01-17 14:48:51,2023-01-17 15:06:19,1,2.79,1,N,234,87,1,14.17,0.0,0.5,2.38,0.0,0.3,19.85,2.5
1,2023-01-15 13:48:54,2023-01-15 14:12:57,2,3.36,6,N,117,72,2,17.31,0.5,0.5,3.22,0.0,0.3,21.33,0.0
2,2023-01-25 19:40:57,2023-01-25 20:24:54,1,6.86,1,N,117,29,1,30.38,0.5,0.5,5.4,0.0,0.3,39.08,2.5
2,2023-01-09 08:49:19,2023-01-09 09:10:18,3,5.82,1,N,114,113,2,23.04,0.5,0.5,2.53,0.0,0.3,28.87,2.5
1,2023-01-07 17:04:25,2023-01-07 17:06:06,6,0.29,1,N,129,113,1,4.4,0.5,0.5,0.0,0.0,0.3,7.7,2.5
2,2023-01-31 11:01:57,2023-01-31 11:05:25,2,1.23,1,N,261,73,1,6.92,0.5,0.5,0.0,0.0,0.3,10.22,2.5
2,2023-01-25 12:26:26,2023-01-25 12:42:12,2,2.22,2,N,161,87,1,12.29,0.5,0.5,2.36,0.0,0.3,17.95,2.5
1,2023-01-14 18:03:51,2023-01-14 18:09:35,3,1.09,1,N,17,63,1,8.47,1.0,0.5,1.22,0.0,0.3,12.99,2.5
1,2023-01-30 06:20:38,2023-01-30 06:21:38,1,0.15,1,N,1,33,3,3.03,0.5,0.5,0.79,0.0,0.3,7.12,2.5
2,2023-01-12 12:11:55,2023-01-12 12:15:27,1,1.36,2,N,162,129,1,6.92,0.5,0.5,0.95,0.0,0.3,11.17,2.5
2,2023-01-21 13:57:00,2023-01-21 14:09:27,2,2.33,1,N,261,45,2,12.29,1.0,0.5,2.78,0.0,0.3,15.87,0.0
2,2023-01-02 18:39:42,2023-01-02 18:43:43,2,1.58,1,N,116,170,1,7.45,0.5,0.5,1.8,0.0,0.3,10.05,0.0
1,2023-01-22 08:02:48,2023-01-22 08:10:15,1,1.11,1,N,73,224,1,7.09,0.0,0.5,0.0,9.36,0.3,17.25,0.0
1,2023-01-06 22:37:11,2023-01-06 22:44:54,1,2.41,1,N,163,120,1,11.52,0.5,0.5,2.89,0.0,0.3,15.21,0.0
1,2023-01-08 23:43:44,2023-01-09 00:00:18,1,3.03,1,N,114,158,1,15.02,0.5,0.5,3.65,0.0,0.3,19.47,0.0
2,2023-01-26 20:19:11,2023-01-26 20:26:03,4,1.65,1,N,7,162,1,9.08,1.0,0.5,1.66,0.0,0.3,14.04,2.5
1,2023-01-07 11:52:54,2023-01-07 12:52:28,2,6.55,1,N,202,72,1,34.36,1.0,0.5,7.29,0.0,0.3,42.45,0.0
1,2023-01-15 18:58:54,2023-01-15 19:11:07,2,2.44,1,N,232,102,2,11.81,0.5,0.5,3.0,0.0,0.3,18.11,2.5
2,2023-01-29 06:58:00,2023-01-29 07:08:28,1,1.22,2,N,232,162,1,8.54,0.5,0.5,1.5,0.0,0.3,13.34,2.5
2,2023-01-30 20:05:30,2023-01-30 20:10:44,1,1.01,1,N,113,129,1,6.8,0.0,0.5,1.5,0.0,0.3,9.1,0.0
1,2023-01-14 15:26:22,2023-01-14 15:46:38,1,1.99,1,N,246,120,1,13.47,0.5,0.5,1.73,0.0,0.3,18.5,2.5
1,2023-01-03 08:46:53,2023-01-03 09:18:50,1,5.39,1,N,132,36,4,24.68,0.5,0.5,4.98,0.0,0.3,32.96,2.5
2,2023-01-09 11:26:19,2023-01-09 11:31:04,1,1.26,1,N,25,132,1,6.87,1.0,0.5,0.86,0.0,0.3,8.53,0.0
2,2023-01-20 19:28:43,2023-01-20 19:45:43,1,3.66,1,N,63,17,1,16.8,0.0,0.5,0.0,0.0,0.3,20.1,2.5
2,2023-01-11 20:19:07,2023-01-11 20:42:04,1,2.51,1,N,250,224,1,14.17,0.5,0.5,0.0,0.0,0.3,17.47,2.5
2,2023-01-23 15:25:12,2023-01-23 17:27:58,1,10.43,1,N,113,161,1,59.61,0.5,0.5,8.41,0.0,0.3,68.82,0.0
1,2023-01-31 14:41:59,2023-01-31 14:56:51,2,3.14,1,N,113,247,1,14.0,0.5,0.5,0.0,0.0,0.3,14.8,0.0
2,2023-01-20 19:01:23,2023-01-20 19:05:44,2,1.39,1,N,53,116,3,7.14,0.5,0.5,1.62,0.0,0.3,9.56,0.0
2,2023-01-20 20:47:45,2023-01-20 21:21:15,1,4.06,1,N,234,17,1,22.49,0.0,0.5,5.92,0.0,0.3,31.71,2.5
1,2023-01-17 19:43:58,2023-01-17 19:54:43,6,4.17,1,N,33,202,1,15.38,0.5,0.5,1.57,0.0,0.3,17.75,0.0
1,2023-01-06 12:08:57,2023-01-06 12:18:55,1,1.74,1,N,7,161,1,9.44,0.5,0.5,1.23,0.0,0.3,11.47,0.0
1,2023-01-18 17:46:01,2023-01-18 17:57:49,3,0.98,1,N,224,53,1,8.66,0.5,0.5,1.97,0.0,0.3,11.43,0.0
2,2023-01-29 20:31:13,2023-01-29 21:07:27,1,3.5,1,N,128,45,2,20.58,0.0,0.5,0.0,0.0,0.3,23.88,2.5
2,2023-01-22 08:19:42,2023-01-22 08:30:09,1,2.45,1,N,232,36,1,11.82,0.5,0.5,1.86,0.0,0.3,16.98,2.5
2,2023-01-24 12:27:55,2023-01-24 12:32:00,1,0.75,1,N,232,63,2,6.61,0.5,0.5,1.44,1.8,0.3,13.15,2.5
2,2023-01-27 06:31:58,2023-01-27 06:41:11,6,2.83,1,N,128,25,2,12.71,0.0,0.5,3.25,0.0,0.3,16.76,0.0
2,2023-01-13 13:12:43,2023-01-13 13:25:47,4,1.45,1,N,87,121,1,9.66,0.5,0.5,0.0,0.0,0.3,12.96,2.5
2,2023-01-11 19:36:06,2023-01-11 19:40:12,1,0.75,1,N,121,114,3,5.83,1.0,0.5,1.09,0.0,0.3,10.22,2.5
2,2023-01-31 08:37:44,2023-01-31 08:48:00,3,1.8,1,N,102,45,4,10.33,0.0,0.5,0.0,0.0,0.3,13.63,2.5
2,2023-01-15 16:22:16,2023-01-15 16:59:14,1,6.12,1,N,73,36,2,27.86,0.0,0.5,7.53,0.0,0.3,38.69,2.5
1,2023-01-23 04:27:48,2023-01-23 05:06:06,2,5.79,1,N,237,97,1,27.06,0.5,0.5,0.0,0.0,0.3,30.36,2.5
2,2023-01-20 21:36:32,2023-01-20 22:07:47,1,4.76,1,N,237,163,2,22.9,0.5,0.5,4.37,0.0,0.3,28.07,0.0
2,2023-01-04 20:30:11,2023-01-04 20:45:29,2,2.86,1,N,234,116,1,14.16,0.5,0.5,3.94,1.85,0.3,23.25,2.5
2,2023-01-10 15:26:50,2023-01-10 15:45:30,1,3.66,1,N,186,162,2,16.77,0.5,0.5,2.34,5.59,0.3,28.0,2.5
2,2023-01-11 18:57:59,2023-01-11 19:11:05,2,2.52,1,N,78,261,1,12.27,0.5,0.5,2.87,0.0,0.3,18.44,2.5
2,2023-01-06 07:52:30,2023-01-06 07:56:11,1,1.02,1,N,113,67,2,6.84,1.0,0.5,1.63,0.0,0.3,11.77,2.5
1,2023-01-25 20:22:48,2023-01-25 20:33:32,2,1.19,1,N,261,59,2,8.81,0.5,0.5,2.2,0.0,0.3,14.31,2.5
1,2023-01-30 18:43:03,2023-01-30 18:59:54,1,1.48,5,N,129,117,3,9.87,0.5,0.5,2.2,0.0,0.3,15.37,2.5
1,2023-01-30 07:48:16,2023-01-30 08:14:16,1,6.69,1,N,113,186,2,25.81,1.0,0.5,3.47,6.72,0.3,39.3,2.5
2,2023-01-07 23:06:07,2023-01-07 23:49:06,1,5.25,5,N,162,236,2,26.63,0.0,0.5,3.1,0.0,0.3,33.03,2.5
1,2023-01-14 02:35:17,2023-01-14 02:42:09,1,1.04,1,N,100,113,2,7.22,0.0,0.5,0.96,0.0,0.3,8.98,0.0
1,2023-01-08 17:47:22,2023-01-08 18:04:59,1,2.44,1,N,25,86,1,14.11,1.0,0.5,0.0,8.41,0.3,25.82,2.5
2,2023-01-02 08:03:25,2023-01-02 08:16:00,1,1.73,1,N,117,76,1,12.07,0.5,0.5,0.0,0.0,0.3,15.37,2.5
2,2023-01-20 18:20:19,2023-01-20 18:41:01,1,2.08,1,N,261,59,3,12.15,0.5,0.5,2.41,14.65,0.3,32.51,2.5
1,2023-01-27 06:47:32,2023-01-27 06:58:41,1,1.57,5,N,53,186,1,9.87,0.0,0.5,1.03,0.0,0.3,14.2,2.5
1,2023-01-03 06:56:13,2023-01-03 07:26:13,1,6.71,1,N,129,170,2,27.31,0.5,0.5,0.0,0.0,0.3,30.61,2.5
2,2023-01-20 14:59:20,2023-01-20 15:12:34,1,2.31,1,N,129,223,1,11.99,0.5,0.5,0.0,0.0,0.3,15.29,2.5
2,2023-01-02 23:36:50,2023-01-02 23:49:49,1,2.75,1,N,261,202,1,13.39,0.5,0.5,0.0,0.0,0.3,16.69,2.5
1,2023-01-27 10:02:33,2023-01-27 10:21:41,1,2.77,1,N,162,162,1,14.78,0.0,0.5,2.48,0.0,0.3,18.06,0.0
2,2023-01-02 17:01:01,2023-01-02 17:05:24,2,1.08,2,N,132,120,4,6.62,0.0,0.5,0.75,0.0,0.3,10.67,2.5
2,2023-01-14 15:48:19,2023-01-14 16:05:56,3,2.54,1,N,87,1,1,13.77,1.0,0.5,0.0,0.0,0.3,14.57,0.0
2,2023-01-04 20:44:49,2023-01-04 21:50:59,1,5.19,1,N,29,100,1,32.8,0.5,0.5,8.89,9.3,0.3,54.29,2.5
1,2023-01-13 10:11:10,2023-01-13 10:46:59,1,7.06,1,N,7,59,1,29.84,0.5,0.5,6.23,2.29,0.3,39.16,0.0
1,2023-01-14 16:07:55,2023-01-14 16:12:08,2,0.99,1,N,186,113,1,6.63,0.0,0.5,0.0,0.0,0.3,7.43,0.0
2,2023-01-17 22:08:17,2023-01-17 22:13:35,1,0.75,1,N,117,151,1,5.91,0.5,0.5,0.0,0.0,0.3,9.21,2.5
2,2023-01-26 11:52:37,2023-01-26 12:01:30,1,2.45,1,N,78,116,1,12.76,1.0,0.5,2.54,0.0,0.3,18.6,2.5
2,2023-01-31 13:45:28,2023-01-31 14:28:00,1,5.38,1,N,33,237,2,27.26,0.5,0.5,5.75,1.56,0.3,37.87,2.5
1,2023-01-11 21:56:37,2023-01-11 22:10:11,5,3.06,1,N,170,96,2,14.42,0.5,0.5,0.0,0.0,0.3,17.72,2.5
2,2023-01-29 11:06:47,2023-01-29 11:18:16,1,3.9,1,N,132,102,2,15.37,0.0,0.5,2.02,0.0,0.3,18.19,0.0
1,2023-01-14 12:41:08,2023-01-14 12:45:52,1,0.84,1,N,116,250,2,6.38,0.5,0.5,1.0,0.0,0.3,10.68,2.5
2,2023-01-04 11:55:21,2023-01-04 12:04:49,1,1.52,1,N,72,97,1,9.26,0.5,0.5,2.4,0.0,0.3,12.46,0.0
2,2023-01-19 20:31:34,2023-01-19 20:34:14,1,0.45,1,N,101,76,1,3.84,0.0,0.5,0.69,12.54,0.3,17.87,0.0
2,2023-01-23 22:46:15,2023-01-23 22:52:43,1,2.1,1,N,7,102,2,9.51,0.0,0.5,0.0,0.0,0.3,10.31,0.0
1,2023-01-10 17:36:22,2023-01-10 17:38:37,5,0.46,1,N,87,45,2,4.35,0.0,0.5,0.0,11.93,0.3,19.58,2.5
2,2023-01-19 17:00:53,2023-01-19 17:16:59,1,6.36,4,N,224,103,2,22.63,1.0,0.5,2.62,0.0,0.3,26.05,0.0
1,2023-01-14 13:25:13,2023-01-14 14:03:51,2,7.51,1,N,234,101,1,30.9,1.0,0.5,6.65,0.0,0.3,40.85,2.5
2,2023-01-05 00:15:11,2023-01-05 00:34:15,3,2.6,1,N,120,247,2,14.29,0.0,0.5,3.23,0.0,0.3,18.32,0.0
2,2023-01-12 08:05:34,2023-01-12 08:10:55,1,0.75,1,N,120,89,2,6.91,1.0,0.5,1.07,0.0,0.3,11.28,2.5
1,2023-01-14 08:35:05,2023-01-14 08:52:24,1,3.1,1,N,17,25,1,15.15,0.5,0.5,0.0,0.0,0.3,18.45,2.5
2,2023-01-11 07:55:00,2023-01-11 09:52:12,1,9.43,2,N,114,45,1,55.29,1.0,0.5,9.99,0.0,0.3,68.58,2.5
2,2023-01-29 18:03:52,2023-01-29 18:26:45,2,3.34,1,N,121,161,2,16.56,0.5,0.5,0.0,0.0,0.3,19.86,2.5
1,2023-01-13 08:19:16,2023-01-13 08:57:56,1,5.69,1,N,102,158,2,26.7,0.0,0.5,0.0,0.0,0.3,30.0,2.5
1,2023-01-20 07:40:07,2023-01-20 07:48:37,1,1.63,3,N,234,1,2,8.5,1.0,0.5,2.1,0.0,0.3,11.4,0.0
2,2023-01-01 12:18:39,2023-01-01 12:21:59,1,1.22,1,N,72,53,1,7.04,1.0,0.5,0.84,13.01,0.3,24.19,2.5
1,2023-01-10 09:06:28,2023-01-10 09:18:54,1,2.22,1,N,89,234,1,12.34,0.5,0.5,0.0,0.0,0.3,13.14,0.0
2,2023-01-28 08:11:27,2023-01-28 08:17:59,1,0.55,1,N,116,120,2,5.72,0.5,0.5,1.21,0.0,0.3,7.73,0.0
1,2023-01-28 08:01:26,2023-01-28 09:44:55,1,12.78,1,N,232,45,1,60.86,0.5,0.5,0.0,0.0,0.3,61.66,0.0
1,2023-01-31 10:59:08,2023-01-31 11:12:35,2,2.6,1,N,121,101,1,12.65,0.0,0.5,1.28,0.0,0.3,14.73,0.0
1,2023-01-02 15:29:51,2023-01-02 15:54:35,5,4.48,1,N,96,224,1,20.07,1.0,0.5,2.52,0.0,0.3,23.39,0.0
2,2023-01-27 19:56:00,2023-01-27 20:01:07,4,1.66,2,N,54,163,1,8.53,1.0,0.5,1.0,14.58,0.3,27.41,2.5
2,2023-01-09 20:41:28,2023-01-09 20:44:24,1,0.74,1,N,53,129,1,5.25,0.0,0.5,0.85,0.0,0.3,9.4,2.5
2,2023-01-01 19:20:16,2023-01-01 19:47:40,1,6.82,1,N,1,116,1,26.5,0.0,0.5,5.9,0.0,0.3,35.7,2.5
2,2023-01-03 17:56:38,2023-01-03 18:02:54,1,1.01,5,Y,79,236,1,6.28,0.0,0.5,1.69,3.32,0.3,14.59,2.5
1,2023-01-24 21:15:32,2023-01-24 21:26:59,1,3.04,1,N,25,25,4,13.5,1.0,0.5,1.57,11.06,0.3,26.93,0.0
2,2023-01-19 15:10:23,2023-01-19 15:36:36,4,3.26,1,N,128,158,1,18.24,0.5,0.5,3.49,0.0,0.3,25.03,2.5
1,2023-01-18 17:48:32,2023-01-18 17:58:18,2,2.47,1,N,1,120,3,11.97,0.5,0.5,2.0,4.24,0.3,19.01,0.0
2,2023-01-28 13:33:13,2023-01-28 13:41:29,1,1.3,1,N,224,100,1,9.07,1.0,0.5,0.0,0.0,0.3,12.37,2.5
1,2023-01-03 11:25:07,2023-01-03 11:45:51,2,2.09,1,N,113,128,2,13.07,1.0,0.5,0.0,0.0,0.3,13.87,0.0
1,2023-01-03 11:35:54,2023-01-03 11:41:09,1,1.15,1,N,132,202,1,7.61,1.0,0.5,1.16,7.36,0.3,19.43,2.5
2,2023-01-29 08:58:36,2023-01-29 09:13:02,2,4.29,1,N,87,76,1,16.78,0.5,0.5,0.0,0.0,0.3,20.08,2.5
2,2023-01-19 19:16:39,2023-01-19 19:40:37,1,3.59,1,N,121,25,1,18.32,1.0,0.5,4.2,0.0,0.3,23.32,0.0
2,2023-01-25 05:54:59,2023-01-25 06:02:15,3,2.3,1,N,114,117,1,11.39,0.0,0.5,2.45,0.0,0.3,17.14,2.5
2,2023-01-17 18:54:54,2023-01-17 19:11:19,6,1.53,1,N,223,158,3,11.18,0.0,0.5,2.4,0.0,0.3,14.38,0.0
1,2023-01-05 20:45:35,2023-01-05 22:28:01,1,11.36,1,N,132,72,1,57.84,0.5,0.5,0.0,0.0,0.3,61.14,2.5
1,2023-01-17 15:09:47,2023-01-17 15:15:06,2,0.88,1,N,87,237,1,6.23,0.0,0.5,1.01,0.0,0.3,8.04,0.0
1,2023-01-30 06:05:31,2023-01-30 06:10:19,1,0.73,1,N,117,162,1,5.96,0.0,0.5,0.0,0.0,0.3,6.76,0.0
1,2023-01-04 13:07:14,2023-01-04 13:23:27,3,2.2,1,N,79,151,1,12.1,0.0,0.5,1.23,0.0,0.3,14.13,0.0
2,2023-01-04 12:42:37,2023-01-04 12:53:06,1,1.93,1,N,67,101,2,10.47,0.5,0.5,1.33,0.0,0.3,15.1,2.5
2,2023-01-11 23:23:54,2023-01-12 00:01:11,6,5.33,1,N,76,117,2,25.78,0.5,0.5,3.6,0.0,0.3,30.18,0.0
1,2023-01-15 18:59:52,2023-01-15 19:24:47,3,3.8,1,N,101,170,1,18.74,1.0,0.5,5.16,0.0,0.3,27.2,2.5
1,2023-01-20 18:00:30,2023-01-20 18:12:48,1,2.39,1,N,161,232,1,11.81,0.5,0.5,3.24,0.0,0.3,18.35,2.5
1,2023-01-05 15:22:56,2023-01-05 15:48:04,1,3.41,1,N,261,132,1,17.57,0.5,0.5,0.0,0.0,0.3,18.37,0.0
2,2023-01-29 18:15:11,2023-01-29 18:35:12,2,3.36,1,N,36,162,2,16.58,1.0,0.5,3.48,0.0,0.3,23.36,2.5
2,2023-01-05 18:52:02,2023-01-05 20:14:53,1,11.33,1,N,236,113,1,51.96,1.0,0.5,11.45,0.0,0.3,64.21,0.0
1,2023-01-07 06:07:24,2023-01-07 06:33:00,1,2.83,1,N,247,129,2,15.9,0.5,0.5,3.31,0.0,0.3,22.51,2.5
1,2023-01-31 09:24:12,2023-01-31 09:30:11,1,1.4,1,N,162,114,2,7.05,0.5,0.5,1.53,0.0,0.3,11.88,2.5
2,2023-01-12 00:52:57,2023-01-12 01:01:05,1,2.72,1,N,79,151,1,11.54,1.0,0.5,0.0,0.0,0.3,12.34,0.0
2,2023-01-18 15:58:06,2023-01-18 15:59:21,1,0.33,1,N,132,237,1,3.45,1.0,0.5,0.95,0.0,0.3,7.7,2.5
1,2023-01-14 21:54:32,2023-01-14 22:06:02,1,2.28,1,N,161,97,2,11.16,0.5,0.5,2.64,0.0,0.3,14.6,0.0
1,2023-01-09 17:39:46,2023-01-09 18:18:32,1,5.31,1,N,113,186,1,25.76,0.5,0.5,3.66,5.87,0.3,36.09,0.0
2,2023-01-16 15:09:06,2023-01-16 15:32:34,1,3.68,1,N,110,76,1,18.0,0.5,0.5,3.46,0.0,0.3,24.76,2.5
1,2023-01-25 21:05:02,2023-01-25 21:16:15,2,2.93,1,N,162,151,1,12.8,0.0,0.5,3.1,0.0,0.3,16.7,0.0
2,2023-01-01 08:24:33,2023-01-01 09:16:25,1,3.81,1,N,7,79,1,26.59,0.5,0.5,7.02,0.0,0.3,36.91,2.5
1,2023-01-28 06:28:54,2023-01-28 07:04:02,1,5.35,1,N,234,234,1,24.53,0.0,0.5,4.15,2.05,0.3,34.03,2.5
2,2023-01-06 21:30:00,2023-01-06 21:59:28,5,6.81,4,N,132,170,2,28.0,0.0,0.5,5.24,0.0,0.3,34.04,0.0
2,2023-01-29 21:02:01,2023-01-29 21:30:51,4,3.27,1,N,7,86,1,18.3,0.0,0.5,2.85,0.0,0.3,24.45,2.5
1,2023-01-30 18:40:55,2023-01-30 18:49:55,1,1.85,1,N,132,128,1,9.55,0.0,0.5,1.6,0.0,0.3,11.95,0.0
2,2023-01-29 09:23:36,2023-01-29 09:25:37,2,0.41,1,N,261,170,1,4.83,0.0,0.5,0.68,11.35,0.3,20.16,2.5
2,2023-01-21 22:06:42,2023-01-21 22:55:07,1,4.87,1,N,116,163,3,27.06,1.0,0.5,2.85,0.0,0.3,33.21,2.5
1,2023-01-29 19:54:16,2023-01-29 20:13:18,2,3.44,1,N,117,170,1,15.96,0.0,0.5,2.79,0.0,0.3,19.55,0.0
2,2023-01-27 18:21:18,2023-01-27 18:40:15,1,2.62,1,N,234,120,1,15.18,0.0,0.5,2.8,0.0,0.3,21.28,2.5
2,2023-01-20 09:13:28,2023-01-20 09:20:18,1,1.4,1,N,261,128,1,7.11,0.5,0.5,1.71,0.0,0.3,12.12,2.5
1,2023-01-28 15:29:12,2023-01-28 15:50:37,4,4.83,1,N,161,96,2,20.31,0.5,0.5,3.94,0.0,0.3,27.55,2.5
2,2023-01-11 20:57:26,2023-01-11 21:06:55,2,1.93,4,N,103,102,1,10.29,0.5,0.5,0.0,0.0,0.3,11.09,0.0
2,2023-01-26 20:49:57,2023-01-26 21:02:38,1,2.28,1,N,36,121,4,12.58,1.0,0.5,2.31,0.0,0.3,18.19,2.5
2,2023-01-29 16:05:44,2023-01-29 16:17:13,3,2.24,1,N,29,17,1,11.27,0.5,0.5,2.74,7.94,0.3,25.25,2.5
2,2023-01-20 15:41:52,2023-01-20 16:11:12,1,3.28,1,N,72,151,1,19.87,0.5,0.5,3.71,0.0,0.3,26.88,2.5
2,2023-01-04 18:39:29,2023-01-04 18:45:12,1,0.99,1,N,151,25,1,7.29,0.5,0.5,1.46,4.02,0.3,13.57,0.0
1,2023-01-07 15:53:47,2023-01-07 16:21:25,1,3.57,1,N,246,73,1,17.65,0.5,0.5,0.0,0.0,0.3,18.45,0.0
2,2023-01-06 13:57:25,2023-01-06 14:02:40,2,1.36,1,N,170,73,3,6.99,0.5,0.5,0.71,0.0,0.3,8.5,0.0
1,2023-01-17 07:44:37,2023-01-17 07:50:47,2,1.4,1,N,25,129,1,8.16,0.5,0.5,2.18,0.0,0.3,13.64,2.5
1,2023-01-14 07:39:43,2023-01-14 07:59:46,1,4.54,1,N,232,237,2,18.79,0.0,0.5,2.79,0.0,0.3,24.88,2.5
2,2023-01-26 19:21:49,2023-01-26 19:25:07,1,1.11,1,N,86,102,2,6.88,0.5,0.5,1.12,0.0,0.3,8.8,0.0
2,2023-01-09 02:53:55,2023-01-09 03:23:21,1,4.54,1,N,73,129,1,21.49,0.5,0.5,2.59,0.0,0.3,27.38,2.5
2,2023-01-06 05:56:06,2023-01-06 06:13:51,1,2.52,1,N,79,7,1,13.14,0.0,0.5,2.53,0.0,0.3,18.97,2.5
2,2023-01-20 21:59:47,2023-01-20 22:04:14,1,0.68,1,N,17,102,2,5.33,0.5,0.5,1.24,0.0,0.3,7.37,0.0
1,2023-01-05 18:57:42,2023-01-05 20:06:10,1,6.51,1,N,186,224,1,36.82,1.0,0.5,8.23,0.0,0.3,48.35,2.5
2,2023-01-29 00:38:44,2023-01-29 01:08:51,2,2.95,1,N,167,237,1,16.89,0.0,0.5,4.29,6.1,0.3,30.58,2.5
2,2023-01-03 11:57:00,2023-01-03 12:11:11,3,3.14,1,N,102,79,2,14.92,0.5,0.5,2.26,0.0,0.3,20.48,2.5
2,2023-01-16 19:46:29,2023-01-16 20:34:54,1,4.98,1,N,53,246,1,28.09,0.5,0.5,4.4,15.22,0.3,51.01,2.5
2,2023-01-30 13:14:57,2023-01-30 14:16:56,1,7.2,1,N,79,79,4,36.33,0.5,0.5,9.95,0.0,0.3,47.08,0.0
2,2023-01-18 14:01:54,2023-01-18 14:18:04,2,2.72,1,N,100,78,2,13.14,0.0,0.5,0.0,0.0,0.3,16.44,2.5
1,2023-01-26 14:58:13,2023-01-26 15:23:06,1,3.72,1,N,261,117,1,18.8,1.0,0.5,4.7,3.07,0.3,29.87,2.5
2,2023-01-14 08:25:29,2023-01-14 08:38:06,2,3.09,1,N,163,237,1,13.64,0.0,0.5,2.87,5.11,0.3,24.92,2.5
1,2023-01-24 18:52:51,2023-01-24 19:02:58,1,1.81,1,N,224,29,2,9.3,1.0,0.5,1.23,0.0,0.3,13.83,2.5
2,2023-01-22 07:17:55,2023-01-22 07:23:25,1,0.71,3,N,163,161,4,7.11,0.0,0.5,1.94,0.0,0.3,9.85,0.0
2,2023-01-16 15:21:19,2023-01-16 15:32:11,1,2.75,1,N,1,236,1,12.15,0.5,0.5,1.92,0.0,0.3,14.87,0.0
2,2023-01-04 08:49:48,2023-01-04 09:18:20,4,6.58,1,N,163,114,1,25.85,0.0,0.5,5.57,0.0,0.3,34.72,2.5
2,2023-01-31 05:31:50,2023-01-31 06:07:14,1,3.62,1,N,186,223,1,21.05,0.5,0.5,3.07,4.94,0.3,32.36,2.5
2,2023-01-02 08:40:09,2023-01-02 08:45:36,1,1.05,1,N,101,79,1,6.96,1.0,0.5,1.42,0.0,0.3,11.68,2.5
2,2023-01-12 20:19:01,2023-01-12 20:59:02,1,5.33,1,N,17,162,1,27.07,1.0,0.5,5.34,0.0,0.3,35.71,2.5
2,2023-01-20 08:36:02,2023-01-20 08:50:08,2,1.86,1,N,117,224,1,10.99,1.0,0.5,1.62,0.0,0.3,13.41,0.0
2,2023-01-24 10:29:08,2023-01-24 10:30:30,2,0.49,1,N,29,163,1,4.38,0.5,0.5,1.22,0.0,0.3,6.4,0.0
1,2023-01-17 08:55:44,2023-01-17 09:23:08,1,5.02,1,N,132,110,1,22.57,0.5,0.5,2.83,0.0,0.3,28.7,2.5
1,2023-01-13 19:29:23,2023-01-13 19:36:31,1,1.15,1,N,25,63,2,7.76,1.0,0.5,0.0,0.0,0.3,8.56,0.0
2,2023-01-13 14:05:41,2023-01-13 14:54:59,1,8.9,1,N,116,158,1,37.69,1.0,0.5,3.98,2.11,0.3,44.58,0.0
1,2023-01-31 22:44:05,2023-01-31 23:06:46,1,5.53,1,N,36,232,2,22.64,0.5,0.5,5.05,0.0,0.3,28.49,0.0
2,2023-01-11 18:57:36,2023-01-11 19:12:19,1,1.97,3,N,170,132,1,11.69,0.5,0.5,0.0,0.0,0.3,12.49,0.0
2,2023-01-27 15:52:44,2023-01-27 16:15:50,1,3.3,1,N,79,232,1,16.82,0.0,0.5,3.38,0.0,0.3,21.0,0.0
1,2023-01-02 18:06:58,2023-01-02 19:11:12,2,14.41,1,N,128,96,2,55.5,0.5,0.5,12.53,0.0,0.3,71.33,2.5
1,2023-01-21 05:59:19,2023-01-21 06:49:42,2,4.95,1,Y,100,7,1,27.79,0.5,0.5,6.6,0.0,0.3,37.69,2.5
2,2023-01-22 22:20:32,2023-01-22 22:31:31,6,2.8,1,N,121,63,2,13.15,1.0,0.5,3.6,0.0,0.3,17.55,0.0
2,2023-01-21 22:50:28,2023-01-22 01:50:28,1,20.43,1,N,234,129,1,99.77,0.5,0.5,25.49,0.0,0.3,128.56,2.5
1,2023-01-14 10:37:20,2023-01-14 10:53:24,2,2.56,1,Y,186,261,1,13.08,0.5,0.5,2.07,0.0,0.3,15.95,0.0
2,2023-01-22 17:58:38,2023-01-22 18:36:39,5,3.62,2,N,234,161,1,22.76,0.0,0.5,5.26,0.0,0.3,31.32,2.5
1,2023-01-14 08:20:33,2023-01-14 08:30:27,1,1.16,1,N,129,161,1,8.02,0.0,0.5,0.91,0.0,0.3,12.23,2.5
1,2023-01-19 16:36:49,2023-01-19 16:39:09,1,0.67,1,N,79,63,1,4.91,1.0,0.5,0.61,0.0,0.3,6.32,0.0
1,2023-01-28 19:40:01,2023-01-28 19:47:17,2,1.89,1,N,63,103,2,9.81,0.0,0.5,1.79,0.0,0.3,14.9,2.5
1,2023-01-21 22:09:13,2023-01-21 22:18:07,2,2.41,1,N,129,151,1,11.47,1.0,0.5,2.1,0.0,0.3,16.87,2.5
1,2023-01-23 11:46:34,2023-01-23 12:16:20,3,3.0,1,N,163,76,2,17.98,0.0,0.5,3.43,0.0,0.3,24.71,2.5
1,2023-01-31 18:08:34,2023-01-31 18:15:28,2,0.81,2,N,7,54,1,7.16,1.0,0.5,1.33,0.0,0.3,9.29,0.0
2,2023-01-07 18:49:54,2023-01-07 19:09:12,4,3.84,1,N,45,247,1,17.55,0.0,0.5,0.0,3.36,0.3,24.21,2.5
1,2023-01-19 09:07:40,2023-01-19 09:13:09,1,1.26,1,N,261,100,1,8.56,0.5,0.5,0.0,0.0,0.3,9.36,0.0
2,2023-01-21 17:10:00,2023-01-21 17:38:36,3,3.69,4,N,63,72,2,19.35,0.5,0.5,2.54,0.0,0.3,25.19,2.5
1,2023-01-22 18:29:29,2023-01-22 19:03:08,1,4.72,2,N,102,29,2,22.79,0.0,0.5,3.75,0.0,0.3,27.34,0.0
1,2023-01-05 19:10:50,2023-01-05 19:26:08,1,1.74,1,N,87,33,2,10.9,0.5,0.5,1.24,0.0,0.3,15.44,2.5
1,2023-01-24 23:04:52,2023-01-24 23:08:20,1,1.14,1,N,17,234,1,6.95,0.5,0.5,0.95,0.0,0.3,8.7,0.0
1,2023-01-07 05:03:48,2023-01-07 05:54:51,2,7.45,1,N,87,132,3,34.63,0.0,0.5,9.62,0.0,0.3,47.55,2.5
1,2023-01-13 09:17:28,2023-01-13 09:42:54,1,4.5,1,N,236,128,1,20.71,0.5,0.5,2.22,0.0,0.3,26.23,2.5
1,2023-01-23 08:29:06,2023-01-23 08:43:37,1,2.62,1,N,29,96,4,12.76,0.5,0.5,0.0,0.0,0.3,16.06,2.5
2,2023-01-09 08:02:12,2023-01-09 08:28:39,2,7.04,1,N,67,232,1,27.77,0.5,0.5,4.91,0.0,0.3,33.48,0.0
2,2023-01-04 14:08:50,2023-01-04 14:29:17,1,2.49,1,N,29,73,1,15.31,0.5,0.5,2.34,7.68,0.3,26.13,0.0
1,2023-01-21 21:36:20,2023-01-21 21:41:43,1,1.47,1,N,186,202,1,8.04,0.5,0.5,1.59,0.0,0.3,12.93,2.5
2,2023-01-09 14:19:45,2023-01-09 14:29:58,1,1.1,1,N,63,246,1,9.21,1.0,0.5,2.56,0.0,0.3,15.07,2.5
1,2023-01-26 18:45:02,2023-01-26 18:52:58,3,2.16,2,N,89,36,1,10.82,0.5,0.5,2.45,0.0,0.3,14.07,0.0
2,2023-01-28 12:50:29,2023-01-28 13:36:16,2,4.17,1,N,89,121,1,25.98,0.0,0.5,4.5,0.0,0.3,31.28,0.0
1,2023-01-11 11:01:57,2023-01-11 11:41:25,1,6.63,5,N,163,117,1,29.68,0.0,0.5,0.0,0.0,0.3,30.48,0.0
1,2023-01-23 20:56:14,2023-01-23 21:03:34,3,2.38,1,N,170,79,1,10.85,0.5,0.5,2.79,0.0,0.3,16.94,2.5
1,2023-01-07 18:41:01,2023-01-07 19:06:31,3,5.81,1,N,113,110,2,24.32,0.5,0.5,0.0,0.0,0.3,27.62,2.5
1,2023-01-29 12:49:17,2023-01-29 12:58:59,1,1.99,1,N,163,161,3,10.18,0.5,0.5,2.33,0.0,0.3,15.81,2.5
2,2023-01-08 21:28:03,2023-01-08 21:39:07,1,1.3,5,N,261,186,3,9.22,0.5,0.5,1.94,0.0,0.3,14.46,2.5
2,2023-01-28 15:00:36,2023-01-28 15:07:15,1,0.88,1,N,170,121,1,7.53,1.0,0.5,0.0,0.0,0.3,8.33,0.0
2,2023-01-25 08:53:11,2023-01-25 08:58:40,2,1.6,1,N,72,36,1,8.78,1.0,0.5,1.01,0.0,0.3,13.09,2.5
2,2023-01-10 14:34:14,2023-01-10 14:38:32,4,0.9,1,N,234,76,2,6.31,0.0,0.5,0.0,0.0,0.3,9.61,2.5
2,2023-01-26 18:02:35,2023-01-26 18:45:39,1,10.56,1,N,101,236,2,40.27,0.5,0.5,0.0,0.0,0.3,43.57,2.5
2,2023-01-20 12:09:19,2023-01-20 12:27:23,1,3.25,1,N,151,45,2,16.02,0.5,0.5,3.58,0.0,0.3,22.9,2.5
1,2023-01-21 20:12:39,2023-01-21 20:26:32,1,2.18,1,N,7,236,2,12.28,0.0,0.5,1.66,0.0,0.3,14.74,0.0
1,2023-01-12 15:22:55,2023-01-12 15:59:18,1,8.51,1,N,128,76,1,33.75,0.0,0.5,4.36,0.0,0.3,38.91,0.0
2,2023-01-08 14:26:55,2023-01-08 14:31:28,3,0.88,1,N,247,167,2,6.51,1.0,0.5,1.52,0.0,0.3,8.83,0.0
1,2023-01-22 20:25:43,2023-01-22 20:38:35,2,2.11,1,N,29,128,2,11.08,0.5,0.5,0.0,0.0,0.3,14.38,2.5
1,2023-01-02 14:52:58,2023-01-02 16:35:35,5,10.48,1,N,59,247,1,54.53,1.0,0.5,15.11,0.0,0.3,70.44,0.0
1,2023-01-11 13:56:44,2023-01-11 14:05:05,1,2.1,1,N,247,17,1,10.57,0.5,0.5,1.92,0.0,0.3,13.29,0.0
2,2023-01-05 07:40:04,2023-01-05 08:51:02,2,14.66,1,N,116,63,1,57.81,0.5,0.5,8.17,0.0,0.3,66.78,0.0
1,2023-01-01 12:38:57,2023-01-01 13:09:21,3,4.22,1,N,67,33,1,21.5,0.5,0.5,5.13,0.0,0.3,29.93,2.5
2,2023-01-01 13:51:34,2023-01-01 14:14:20,2,6.23,1,N,72,1,1,23.93,0.5,0.5,0.0,0.0,0.3,27.23,2.5
2,2023-01-03 08:16:00,2023-01-03 08:49:13,5,6.37,1,N,163,232,1,27.16,0.0,0.5,5.27,0.0,0.3,33.23,0.0
1,2023-01-30 17:33:37,2023-01-30 17:45:43,1,2.34,1,Y,120,121,3,11.29,0.0,0.5,2.65,0.0,0.3,14.74,0.0
1,2023-01-24 08:38:14,2023-01-24 08:44:51,1,1.62,1,N,246,186,3,8.01,0.5,0.5,1.25,0.0,0.3,12.56,2.5
1,2023-01-31 09:17:32,2023-01-31 09:27:04,1,2.15,1,N,53,1,1,10.8,0.0,0.5,1.5,0.0,0.3,13.1,0.0
2,2023-01-03 16:57:39,2023-01-03 17:03:22,3,1.12,1,Y,247,128,1,7.91,1.0,0.5,0.97,0.0,0.3,9.68,0.0
1,2023-01-31 10:14:01,2023-01-31 10:27:43,1,2.23,1,N,128,167,1,12.05,0.5,0.5,1.84,0.0,0.3,14.69,0.0
2,2023-01-19 17:03:26,2023-01-19 17:09:42,3,2.33,1,N,96,63,3,11.35,1.0,0.5,2.47,0.0,0.3,17.12,2.5
2,2023-01-25 18:19:03,2023-01-25 19:21:53,1,8.31,1,N,170,116,1,39.4,0.5,0.5,0.0,0.0,0.3,40.2,0.0
2,2023-01-27 11:48:06,2023-01-27 12:03:49,2,3.65,1,N,100,89,1,16.07,0.5,0.5,4.16,0.0,0.3,21.03,0.0
2,2023-01-09 07:22:12,2023-01-09 08:43:29,2,13.76,1,N,261,67,1,57.23,0.0,0.5,8.3,0.0,0.3,68.83,2.5
2,2023-01-23 14:13:46,2023-01-23 14:15:58,1,0.46,1,N,224,151,1,4.53,0.0,0.5,1.01,14.52,0.3,20.86,0.0
1,2023-01-21 07:52:24,2023-01-21 07:55:45,1,0.94,1,N,161,237,1,5.6,0.5,0.5,1.09,0.0,0.3,9.99,2.5
1,2023-01-13 15:09:02,2023-01-13 15:20:33,2,1.79,1,N,158,54,2,9.58,0.0,0.5,1.32,0.0,0.3,14.2,2.5
1,2023-01-16 19:09:44,2023-01-16 19:42:22,5,7.17,1,N,117,72,2,28.5,1.0,0.5,5.7,0.0,0.3,35.0,0.0
2,2023-01-07 17:53:32,2023-01-07 18:04:42,1,2.16,1,N,33,45,1,11.24,0.0,0.5,3.06,0.0,0.3,17.6,2.5
1,2023-01-06 14:19:08,2023-01-06 14:24:49,1,0.78,1,N,161,67,1,6.01,1.0,0.5,0.0,0.0,0.3,9.31,2.5
2,2023-01-29 22:00:33,2023-01-29 22:07:28,3,1.95,1,N,17,237,1,9.35,0.5,0.5,1.43,0.0,0.3,11.58,0.0
2,2023-01-23 07:26:14,2023-01-23 07:30:22,1,0.95,1,N,186,163,1,6.62,0.5,0.5,0.0,0.0,0.3,7.42,0.0
1,2023-01-18 21:44:38,2023-01-18 21:50:10,1,0.82,1,N,78,97,1,5.66,1.0,0.5,0.0,0.0,0.3,6.46,0.0
1,2023-01-22 19:45:56,2023-01-22 20:25:21,3,10.48,1,N,100,224,1,39.1,0.5,0.5,0.0,0.0,0.3,42.4,2.5
1,2023-01-13 13:05:18,2023-01-13 13:19:25,2,1.8,1,N,29,237,1,11.46,0.0,0.5,1.81,0.0,0.3,16.57,2.5
1,2023-01-08 08:16:44,2023-01-08 08:32:07,1,2.66,3,N,45,120,1,13.96,0.5,0.5,3.73,0.0,0.3,20.99,2.5
1,2023-01-30 08:37:01,2023-01-30 08:51:42,5,2.18,1,N,25,163,1,12.38,0.0,0.5,0.0,0.0,0.3,15.68,2.5
1,2023-01-31 21:39:24,2023-01-31 21:47:44,2,1.94,1,N,113,261,1,9.91,0.5,0.5,0.0,0.0,0.3,13.21,2.5
1,2023-01-07 09:37:53,2023-01-07 09:46:27,1,1.25,2,N,7,100,1,7.96,0.5,0.5,0.0,0.0,0.3,11.26,2.5
1,2023-01-25 21:20:04,2023-01-25 21:28:00,1,1.85,1,N,261,151,2,9.57,1.0,0.5,0.0,15.73,0.3,28.6,2.5
2,2023-01-14 15:51:55,2023-01-14 16:05:39,3,3.01,1,N,102,250,1,14.79,0.0,0.5,1.84,0.0,0.3,19.93,2.5
1,2023-01-22 14:04:05,2023-01-22 14:48:49,2,6.78,1,N,247,73,1,31.27,0.0,0.5,7.63,6.86,0.3,46.56,0.0
1,2023-01-04 17:49:28,2023-01-04 18:03:03,2,4.76,1,N,7,246,1,18.24,0.0,0.5,0.0,14.07,0.3,33.11,0.0
1,2023-01-15 09:56:10,2023-01-15 10:03:18,1,0.94,1,N,129,237,2,7.42,1.0,0.5,1.28,0.0,0.3,12.0,2.5
1,2023-01-04 13:41:01,2023-01-04 14:29:00,1,4.91,2,N,1,162,2,27.3,1.0,0.5,0.0,9.33,0.3,37.43,0.0
2,2023-01-26 22:25:20,2023-01-26 22:39:08,2,3.34,1,N,261,232,2,14.91,0.5,0.5,0.0,0.0,0.3,18.21,2.5
2,2023-01-13 09:22:34,2023-01-13 09:41:28,1,1.46,1,N,87,234,2,11.25,0.5,0.5,1.46,0.0,0.3,16.01,2.5
1,2023-01-09 21:26:43,2023-01-09 21:35:24,3,2.68,1,N,234,129,2,11.67,1.0,0.5,2.85,0.0,0.3,17.82,2.5
2,2023-01-22 23:09:18,2023-01-22 23:29:03,1,3.59,1,N,237,72,2,17.41,0.5,0.5,2.6,0.0,0.3,20.81,0.0
1,2023-01-30 05:13:29,2023-01-30 05:37:17,1,2.42,1,N,17,67,2,14.03,1.0,0.5,0.0,0.0,0.3,17.33,2.5
1,2023-01-11 15:38:10,2023-01-11 16:05:39,1,3.35,1,N,1,186,1,18.49,1.0,0.5,5.07,0.0,0.3,26.86,2.5
2,2023-01-23 08:33:43,2023-01-23 08:46:42,3,1.22,1,N,1,186,2,9.06,0.5,0.5,2.53,0.0,0.3,14.89,2.5
2,2023-01-22 17:29:10,2023-01-22 18:20:46,1,10.43,1,N,116,117,1,41.02,0.5,0.5,9.94,0.0,0.3,54.26,2.5
1,2023-01-16 23:28:51,2023-01-16 23:34:03,1,0.55,1,N,25,116,3,5.19,0.0,0.5,0.0,0.0,0.3,8.49,2.5
2,2023-01-25 21:04:10,2023-01-25 21:21:14,1,3.61,2,N,129,128,1,16.27,0.0,0.5,4.39,0.0,0.3,23.96,2.5
2,2023-01-04 21:52:39,2023-01-04 22:12:26,2,3.08,1,N,59,161,1,15.7,1.0,0.5,3.82,0.0,0.3,20.32,0.0
1,2023-01-28 09:57:19,2023-01-28 10:23:17,3,3.79,1,Y,232,232,1,19.34,0.0,0.5,3.5,11.6,0.3,35.24,0.0
2,2023-01-13 16:14:59,2023-01-13 16:21:29,1,1.38,1,N,116,97,2,8.48,0.0,0.5,0.94,0.0,0.3,12.72,2.5
2,2023-01-02 09:18:16,2023-01-02 09:43:38,1,5.62,2,N,101,63,1,22.62,1.0,0.5,0.0,0.0,0.3,23.42,0.0
2,2023-01-31 21:37:56,2023-01-31 21:45:55,3,2.16,1,N,87,162,2,10.59,0.0,0.5,1.91,0.0,0.3,15.8,2.5
1,2023-01-24 08:00:50,2023-01-24 08:07:49,1,0.96,1,N,170,162,1,7.51,0.5,0.5,1.11,0.0,0.3,9.42,0.0
2,2023-01-26 08:06:28,2023-01-26 08:12:25,2,1.03,5,N,1,261,1,7.17,0.5,0.5,1.14,14.31,0.3,25.92,2.5
2,2023-01-05 00:54:29,2023-01-05 01:13:12,1,2.57,1,N,1,163,2,14.36,0.0,0.5,1.59,15.8,0.3,35.05,2.5
1,2023-01-24 08:10:21,2023-01-24 08:14:10,3,0.71,1,N,102,151,1,4.76,0.0,0.5,0.95,0.0,0.3,6.51,0.0
2,2023-01-22 08:34:25,2023-01-22 09:43:52,4,9.03,1,N,121,224,1,42.44,0.0,0.5,0.0,0.0,0.3,43.24,0.0
1,2023-01-28 06:52:27,2023-01-28 07:27:00,1,5.14,1,N,237,25,2,25.17,0.0,0.5,3.69,0.0,0.3,32.16,2.5
1,2023-01-12 20:43:08,2023-01-12 21:44:55,1,9.21,1,N,45,129,1,41.33,0.0,0.5,8.67,0.0,0.3,53.3,2.5
1,2023-01-29 19:16:19,2023-01-29 19:59:52,1,8.51,2,N,151,167,1,36.28,1.0,0.5,5.44,0.0,0.3,42.52,0.0
2,2023-01-22 10:09:52,2023-01-22 10:20:09,1,1.8,1,N,236,110,1,9.43,1.0,0.5,0.0,0.0,0.3,12.73,2.5
2,2023-01-08 19:43:58,2023-01-08 19:49:43,1,1.22,1,N,120,237,1,8.27,0.0,0.5,1.19,0.0,0.3,10.26,0.0
1,2023-01-07 13:24:03,2023-01-07 13:25:53,1,0.31,1,N,29,161,2,3.93,0.5,0.5,0.87,0.0,0.3,8.1,2.5
1,2023-01-29 19:58:43,2023-01-29 20:11:03,2,1.73,1,N,113,45,1,10.84,0.5,0.5,2.75,0.0,0.3,16.89,2.5
2,2023-01-20 11:38:14,2023-01-20 12:25:03,1,8.8,1,N,7,36,1,36.56,0.5,0.5,0.0,0.0,0.3,39.86,2.5
1,2023-01-04 16:00:39,2023-01-04 16:10:51,1,1.26,1,N,79,63,2,8.76,1.0,0.5,2.17,0.0,0.3,14.23,2.5
2,2023-01-04 12:15:37,2023-01-04 12:24:50,5,2.0,1,N,79,86,2,10.6,0.0,0.5,2.69,0.0,0.3,14.09,0.0
2,2023-01-26 08:44:52,2023-01-26 08:54:41,1,1.54,1,N,186,87,1,9.0,1.0,0.5,2.46,15.86,0.3,28.12,0.0
1,2023-01-06 16:42:42,2023-01-06 16:59:06,4,3.1,1,N,232,63,1,15.25,0.5,0.5,3.8,0.0,0.3,22.35,2.5
1,2023-01-07 19:44:49,2023-01-07 20:17:07,2,6.14,1,N,129,36,1,26.3,0.5,0.5,0.0,0.0,0.3,29.6,2.5
2,2023-01-20 19:14:48,2023-01-20 19:17:06,1,0.74,1,N,170,170,1,5.52,1.0,0.5,0.62,0.0,0.3,9.44,2.5
1,2023-01-27 12:14:38,2023-01-27 12:18:50,2,0.85,5,N,261,151,1,4.85,0.5,0.5,0.55,0.0,0.3,8.7,2.5
2,2023-01-11 15:12:24,2023-01-11 15:52:04,6,7.13,1,N,7,102,1,30.58,0.5,0.5,0.0,0.0,0.3,33.88,2.5
2,2023-01-21 19:41:20,2023-01-21 20:11:28,3,4.05,3,N,236,224,2,21.29,0.0,0.5,3.84,0.0,0.3,28.43,2.5
1,2023-01-22 05:00:20,2023-01-22 05:08:28,1,1.93,1,N,161,186,1,10.21,0.5,0.5,2.78,9.46,0.3,23.25,0.0
2,2023-01-19 06:48:21,2023-01-19 07:41:44,1,8.42,1,N,45,72,1,37.84,0.5,0.5,4.98,6.35,0.3,49.97,0.0
2,2023-01-22 12:16:17,2023-01-22 12:24:51,1,0.84,1,N,100,76,1,7.27,0.5,0.5,1.43,12.86,0.3,22.36,0.0
1,2023-01-08 09:29:18,2023-01-08 09:58:15,1,4.7,1,N,76,17,2,22.83,0.0,0.5,0.0,0.0,0.3,26.13,2.5
1,2023-01-20 12:14:34,2023-01-20 12:26:22,1,2.22,1,N,237,163,1,11.65,0.5,0.5,0.0,0.0,0.3,14.95,2.5
2,2023-01-01 07:25:16,2023-01-01 07:54:05,4,3.69,1,N,163,45,2,19.1,0.5,0.5,2.07,0.0,0.3,24.47,2.5
2,2023-01-23 17:45:20,2023-01-23 17:47:40,2,0.39,1,N,162,76,1,4.99,0.0,0.5,0.0,0.0,0.3,5.79,0.0
2,2023-01-25 18:11:42,2023-01-25 18:22:59,2,1.92,1,N,17,202,1,11.08,0.5,0.5,1.56,0.0,0.3,15.94,2.5
1,2023-01-25 19:34:19,2023-01-25 19:58:06,1,4.07,1,N,161,29,2,19.44,0.0,0.5,3.69,0.0,0.3,26.43,2.5
2,2023-01-01 18:03:06,2023-01-01 18:11:04,1,2.23,1,N,129,110,1,10.37,0.5,0.5,1.82,0.0,0.3,15.49,2.5
1,2023-01-29 13:10:01,2023-01-29 14:06:31,1,6.0,1,N,100,1,1,32.27,1.0,0.5,0.0,0.0,0.3,35.57,2.5
2,2023-01-14 22:41:45,2023-01-14 22:57:12,2,5.85,1,N,67,128,1,22.19,0.5,0.5,2.81,0.0,0.3,28.3,2.5
2,2023-01-03 19:34:56,2023-01-03 19:41:32,1,1.14,1,N,170,232,2,7.74,0.5,0.5,1.73,0.0,0.3,10.27,0.0
2,2023-01-17 15:36:40,2023-01-17 15:56:35,1,4.34,1,N,170,53,1,18.09,1.0,0.5,2.51,0.0,0.3,23.9,2.5
2,2023-01-18 09:13:03,2023-01-18 09:19:06,1,1.11,1,N,163,101,1,6.97,0.5,0.5,1.26,0.0,0.3,9.03,0.0
1,2023-01-13 17:12:33,2023-01-13 17:39:27,1,2.44,1,N,73,170,1,15.49,1.0,0.5,1.64,0.0,0.3,17.93,0.0
2,2023-01-24 17:25:16,2023-01-24 17:58:00,1,3.83,1,N,86,202,2,20.38,0.0,0.5,4.96,0.0,0.3,28.64,2.5
1,2023-01-17 18:07:19,2023-01-17 18:16:02,1,1.25,1,N,161,1,2,7.25,0.5,0.5,0.0,0.0,0.3,10.55,2.5
1,2023-01-07 19:53:55,2023-01-07 20:10:28,3,4.22,1,N,100,186,2,18.63,0.5,0.5,0.0,0.0,0.3,19.43,0.0
2,2023-01-20 21:16:49,2023-01-20 21:32:18,2,1.6,1,N,102,113,1,10.44,0.5,0.5,2.17,0.0,0.3,15.91,2.5
2,2023-01-09 22:43:44,2023-01-09 22:55:41,3,1.51,1,N,236,101,1,9.36,0.0,0.5,0.0,0.0,0.3,12.66,2.5
2,2023-01-04 17:09:30,2023-01-04 17:30:50,3,3.97,1,N,186,86,2,17.29,0.5,0.5,0.0,0.0,0.3,20.59,2.5
1,2023-01-09 22:39:34,2023-01-09 22:45:32,2,1.25,1,N,232,261,1,8.05,0.5,0.5,0.0,0.0,0.3,11.35,2.5
2,2023-01-29 21:12:54,2023-01-29 21:18:42,1,1.2,1,N,76,224,1,7.41,0.5,0.5,0.91,0.0,0.3,9.12,0.0
2,2023-01-18 00:16:39,2023-01-18 00:59:08,1,5.11,1,N,33,236,2,26.22,0.5,0.5,0.0,0.0,0.3,27.02,0.0
1,2023-01-10 17:24:34,2023-01-10 17:51:14,1,2.54,1,N,97,232,2,15.87,1.0,0.5,2.32,0.0,0.3,21.49,2.5
1,2023-01-12 08:07:05,2023-01-12 08:10:45,3,0.79,1,N,110,158,4,6.19,0.5,0.5,1.45,0.0,0.3,10.94,2.5
2,2023-01-27 11:07:59,2023-01-27 11:22:43,3,4.44,1,N,247,25,1,17.54,1.0,0.5,0.0,0.0,0.3,20.84,2.5
2,2023-01-21 11:45:48,2023-01-21 11:57:01,1,1.72,1,N,87,114,1,9.11,0.0,0.5,1.8,0.0,0.3,14.21,2.5
2,2023-01-24 14:20:21,2023-01-24 14:27:35,1,0.82,1,N,246,73,1,6.22,1.0,0.5,0.0,0.0,0.3,7.02,0.0
2,2023-01-19 00:34:15,2023-01-19 00:36:40,1,0.36,1,N,202,17,2,3.83,1.0,0.5,0.65,0.0,0.3,7.78,2.5
1,2023-01-31 09:38:58,2023-01-31 10:01:40,1,4.61,1,N,261,129,2,20.34,1.0,0.5,5.1,0.0,0.3,26.24,0.0
2,2023-01-21 03:37:57,2023-01-21 03:45:38,1,1.23,1,N,162,232,1,8.46,1.0,0.5,1.07,0.0,0.3,12.83,2.5
2,2023-01-13 18:37:25,2023-01-13 18:40:30,4,0.92,1,N,79,232,1,6.8,1.0,0.5,0.0,0.0,0.3,10.1,2.5
1,2023-01-08 21:58:13,2023-01-08 22:13:26,1,3.78,1,N,36,170,2,15.44,0.0,0.5,3.74,0.0,0.3,19.98,0.0
1,2023-01-02 23:37:47,2023-01-03 00:00:37,4,4.28,1,N,161,54,1,19.72,1.0,0.5,0.0,0.0,0.3,23.02,2.5
2,2023-01-24 14:20:37,2023-01-24 14:36:14,1,1.3,1,N,170,63,1,9.85,0.0,0.5,1.22,0.0,0.3,14.37,2.5
1,2023-01-29 10:17:54,2023-01-29 10:52:26,1,4.64,1,N,25,89,3,24.7,1.0,0.5,4.78,0.0,0.3,30.28,0.0
2,2023-01-21 20:48:32,2023-01-21 22:05:33,1,10.93,1,N,67,236,1,50.27,0.5,0.5,11.09,0.0,0.3,62.16,0.0
1,2023-01-16 07:25:33,2023-01-16 08:14:20,1,6.42,1,N,117,186,2,32.1,0.0,0.5,0.0,0.0,0.3,35.4,2.5
2,2023-01-05 23:33:08,2023-01-06 00:03:34,1,5.72,1,N,73,100,3,25.31,0.5,0.5,0.0,0.0,0.3,26.11,0.0
1,2023-01-20 18:48:36,2023-01-20 19:04:13,2,2.96,1,N,36,29,2,14.5,0.0,0.5,3.44,0.0,0.3,21.24,2.5
1,2023-01-07 15:14:21,2023-01-07 15:32:30,1,1.68,1,N,224,87,1,11.54,0.5,0.5,3.13,0.0,0.3,17.97,2.5
1,2023-01-20 07:13:12,2023-01-20 07:22:38,1,2.24,1,N,128,261,1,10.66,0.5,0.5,1.64,0.0,0.3,15.6,2.5
2,2023-01-10 01:03:46,2023-01-10 01:22:18,1,3.26,1,N,67,87,1,15.39,0.5,0.5,0.0,0.0,0.3,18.69,2.5
1,2023-01-27 16:04:20,2023-01-27 16:08:52,1,0.91,1,N,234,261,2,6.72,0.5,0.5,0.96,2.6,0.3,13.58,2.5
2,2023-01-30 13:36:12,2023-01-30 13:41:50,2,1.31,1,N,162,29,1,8.47,0.0,0.5,1.26,0.0,0.3,10.53,0.0
1,2023-01-08 20:30:57,2023-01-08 20:37:04,2,0.8,1,N,261,78,2,6.35,0.5,0.5,0.8,0.0,0.3,10.45,2.5
2,2023-01-11 17:17:57,2023-01-11 17:27:50,1,2.79,1,N,170,202,2,12.09,0.5,0.5,0.0,0.0,0.3,15.39,2.5
1,2023-01-29 13:12:29,2023-01-29 13:27:31,2,2.49,1,N,113,63,1,12.24,0.5,0.5,2.7,0.0,0.3,15.74,0.0
1,2023-01-01 09:41:17,2023-01-01 09:45:53,1,1.43,1,N,100,100,2,7.85,0.0,0.5,0.0,0.0,0.3,11.15,2.5
1,2023-01-17 14:05:09,2023-01-17 14:39:56,2,4.33,1,N,101,97,1,23.14,0.5,0.5,2.87,5.72,0.3,32.53,0.0
1,2023-01-05 08:42:37,2023-01-05 08:46:09,1,1.07,1,N,53,1,1,7.2,1.0,0.5,1.41,0.0,0.3,9.41,0.0
1,2023-01-14 18:54:36,2023-01-14 19:05:48,2,1.39,1,N,232,59,1,9.97,1.0,0.5,2.26,0.0,0.3,15.53,2.5
2,2023-01-01 17:27:37,2023-01-01 17:36:44,1,4.2,1,N,59,128,1,15.99,0.0,0.5,0.0,0.0,0.3,19.29,2.5
1,2023-01-05 20:29:46,2023-01-05 21:08:22,2,4.7,1,N,161,7,1,24.45,1.0,0.5,5.0,0.0,0.3,32.75,2.5
1,2023-01-13 14:32:28,2023-01-13 14:37:24,2,1.29,1,N,53,33,1,8.1,0.0,0.5,1.1,0.0,0.3,10.0,0.0
1,2023-01-02 10:05:40,2023-01-02 10:23:55,1,2.78,1,N,110,76,1,13.96,0.0,0.5,2.84,0.0,0.3,20.1,2.5
2,2023-01-25 20:37:39,2023-01-25 20:43:19,1,1.3,1,N,161,232,1,7.45,0.0,0.5,1.58,0.0,0.3,12.33,2.5
2,2023-01-18 18:21:47,2023-01-18 18:33:31,2,2.02,1,N,7,132,1,11.84,0.5,0.5,1.73,0.0,0.3,16.87,2.5
1,2023-01-14 18:28:44,2023-01-14 18:51:20,1,2.61,1,N,167,121,2,14.64,1.0,0.5,0.0,0.0,0.3,17.94,2.5
1,2023-01-15 15:01:02,2023-01-15 15:59:59,2,3.56,1,N,102,129,1,26.62,1.0,0.5,7.1,0.0,0.3,37.02,2.5
2,2023-01-27 21:52:37,2023-01-27 21:59:10,1,2.97,1,N,167,89,2,12.38,0.5,0.5,0.0,6.93,0.3,22.61,2.5
1,2023-01-27 09:20:58,2023-01-27 09:36:56,1,2.87,1,N,236,224,2,14.21,0.5,0.5,2.13,0.0,0.3,19.64,2.5
2,2023-01-02 13:04:33,2023-01-02 13:22:45,2,1.04,1,N,163,234,2,10.73,0.0,0.5,0.0,0.0,0.3,11.53,0.0
2,2023-01-22 19:46:31,2023-01-22 20:02:28,1,3.13,5,N,129,224,2,15.58,1.0,0.5,0.0,0.0,0.3,18.88,2.5
1,2023-01-15 07:58:36,2023-01-15 08:14:11,1,3.54,1,N,67,261,2,15.99,0.0,0.5,3.04,14.44,0.3,36.77,2.5
1,2023-01-25 20:31:33,2023-01-25 21:00:59,1,3.92,1,N,67,186,1,20.85,0.0,0.5,5.68,14.39,0.3,41.72,0.0
2,2023-01-25 12:02:24,2023-01-25 12:12:35,3,1.36,1,N,158,234,1,8.48,1.0,0.5,0.0,0.0,0.3,11.78,2.5
2,2023-01-22 07:59:59,2023-01-22 08:26:47,1,4.65,1,N,17,63,1,21.25,0.0,0.5,0.0,12.19,0.3,36.74,2.5
1,2023-01-21 06:12:04,2023-01-21 06:15:13,1,0.87,1,N,186,36,3,7.17,0.0,0.5,0.95,0.0,0.3,11.42,2.5
1,2023-01-07 20:14:48,2023-01-07 20:24:06,2,1.69,1,N,72,100,2,10.52,1.0,0.5,0.0,0.0,0.3,13.82,2.5
1,2023-01-27 19:42:09,2023-01-27 19:48:23,1,1.9,1,N,163,73,2,8.67,0.0,0.5,0.0,0.0,0.3,11.97,2.5
2,2023-01-22 10:19:12,2023-01-22 10:22:35,1,0.91,1,N,33,120,1,6.12,0.0,0.5,1.7,0.0,0.3,8.62,0.0
2,2023-01-09 07:05:36,2023-01-09 07:17:20,1,1.88,1,N,129,129,1,10.7,0.5,0.5,2.76,0.0,0.3,16.76,2.5
2,2023-01-08 09:40:38,2023-01-08 10:09:19,1,2.76,1,N,128,163,1,17.28,0.0,0.5,4.68,0.0,0.3,25.26,2.5
1,2023-01-16 09:15:55,2023-01-16 09:19:35,4,0.59,1,N,120,162,1,6.03,1.0,0.5,1.3,0.0,0.3,10.63,2.5
2,2023-01-11 19:51:17,2023-01-11 19:59:26,2,1.74,1,N,45,25,1,10.31,0.5,0.5,0.0,8.04,0.3,19.15,0.0
1,2023-01-21 09:09:01,2023-01-21 09:12:32,3,0.63,1,N,167,186,2,5.47,0.5,0.5,0.0,0.0,0.3,8.77,2.5
1,2023-01-13 09:54:15,2023-01-13 10:42:54,3,10.82,1,N,33,116,1,42.77,0.0,0.5,7.81,0.0,0.3,51.38,0.0
2,2023-01-06 04:43:32,2023-01-06 04:54:49,1,2.74,1,N,202,53,1,13.0,0.0,0.5,1.66,0.0,0.3,17.96,2.5
2,2023-01-13 17:14:21,2023-01-13 17:26:22,2,2.57,2,N,100,117,1,12.42,1.0,0.5,1.93,0.0,0.3,15.15,0.0
1,2023-01-26 18:34:15,2023-01-26 18:51:54,1,2.78,1,N,261,86,2,13.52,0.0,0.5,1.57,0.0,0.3,15.89,0.0
1,2023-01-26 18:56:54,2023-01-26 19:14:10,2,3.68,1,N,128,129,2,17.03,0.0,0.5,1.97,0.0,0.3,22.3,2.5
2,2023-01-10 16:03:33,2023-01-10 16:15:28,5,4.87,1,N,78,103,2,18.46,0.0,0.5,2.88,0.0,0.3,22.14,0.0
1,2023-01-25 22:49:40,2023-01-25 22:56:55,1,0.72,1,N,33,89,1,6.81,0.5,0.5,1.5,0.0,0.3,9.11,0.0
2,2023-01-03 14:27:44,2023-01-03 14:57:27,2,6.25,1,N,261,128,1,25.56,1.0,0.5,5.38,0.0,0.3,34.24,2.5
2,2023-01-31 20:56:24,2023-01-31 21:13:24,1,5.96,1,N,129,116,1,23.13,0.0,0.5,0.0,0.0,0.3,26.43,2.5
2,2023-01-24 17:12:44,2023-01-24 17:32:40,3,2.23,1,N,114,86,1,13.64,0.0,0.5,3.2,0.0,0.3,17.64,0.0
1,2023-01-02 06:43:57,2023-01-02 06:52:19,1,2.14,1,N,129,53,1,9.87,1.0,0.5,1.74,0.0,0.3,12.41,0.0
2,2023-01-22 20:58:43,2023-01-22 20:59:43,1,0.23,1,N,234,167,1,3.17,0.0,0.5,0.0,0.0,0.3,3.97,0.0
2,2023-01-16 16:20:17,2023-01-16 16:29:30,3,0.92,1,N,29,117,2,7.95,0.5,0.5,0.0,0.0,0.3,8.75,0.0
2,2023-01-28 18:06:46,2023-01-28 18:21:49,1,3.45,1,N,53,232,1,15.74,0.5,0.5,1.76,0.0,0.3,20.8,2.5
2,2023-01-08 08:23:14,2023-01-08 08:59:46,1,5.76,1,N,234,110,1,26.3,0.5,0.5,5.38,0.0,0.3,32.48,0.0
1,2023-01-28 13:35:04,2023-01-28 13:58:43,2,4.04,1,N,63,110,1,19.24,0.0,0.5,4.52,0.0,0.3,27.06,2.5
2,2023-01-27 21:37:26,2023-01-27 21:51:44,2,2.21,1,N,1,120,1,12.44,1.0,0.5,1.83,0.0,0.3,15.07,0.0
2,2023-01-09 09:28:30,2023-01-09 10:02:58,1,9.92,4,N,186,129,2,36.49,0.0,0.5,9.26,13.59,0.3,62.64,2.5
1,2023-01-14 00:55:28,2023-01-14 01:25:08,1,4.97,5,N,163,236,2,22.49,0.5,0.5,3.33,0.0,0.3,26.62,0.0
2,2023-01-20 10:34:15,2023-01-20 10:46:07,1,1.74,1,N,89,17,1,10.8,0.5,0.5,2.08,0.0,0.3,13.68,0.0
2,2023-01-08 14:38:16,2023-01-08 15:59:45,1,12.02,1,N,79,162,1,53.84,1.0,0.5,13.86,0.0,0.3,71.0,2.5
2,2023-01-31 20:57:55,2023-01-31 21:04:37,4,1.03,1,N,163,132,1,7.54,0.5,0.5,0.0,0.0,0.3,8.34,0.0
1,2023-01-06 17:56:17,2023-01-06 18:03:00,2,0.78,1,N,246,162,2,6.21,0.5,0.5,0.0,6.53,0.3,13.54,0.0
2,2023-01-08 21:20:46,2023-01-08 21:32:28,2,1.71,1,N,7,79,2,9.54,0.0,0.5,2.02,0.0,0.3,14.86,2.5
2,2023-01-16 14:17:15,2023-01-16 14:24:28,1,1.32,1,N,87,186,1,8.14,0.5,0.5,0.97,0.0,0.3,12.41,2.5
2,2023-01-15 13:44:06,2023-01-15 13:52:50,4,1.78,1,N,79,246,2,10.1,0.5,0.5,2.28,0.0,0.3,15.68,2.5
1,2023-01-02 09:31:03,2023-01-02 09:46:28,1,4.26,2,N,129,261,1,18.03,0.5,0.5,3.79,0.0,0.3,25.12,2.5
1,2023-01-29 09:26:14,2023-01-29 09:38:08,4,2.28,5,N,116,110,2,11.97,0.5,0.5,1.38,0.0,0.3,14.15,0.0
2,2023-01-08 19:41:50,2023-01-08 19:57:48,4,2.33,1,N,129,236,2,12.59,0.5,0.5,0.0,4.64,0.3,20.53,2.5
2,2023-01-04 06:39:27,2023-01-04 07:00:02,5,2.45,1,N,170,73,1,13.87,0.0,0.5,0.0,0.0,0.3,14.67,0.0
1,2023-01-17 09:54:41,2023-01-17 09:56:46,1,0.41,2,N,110,45,2,4.54,1.0,0.5,0.0,0.0,0.3,7.84,2.5
1,2023-01-29 21:21:57,2023-01-29 21:26:26,1,0.75,1,N,25,161,1,5.99,0.5,0.5,1.56,0.0,0.3,10.85,2.5
2,2023-01-01 16:45:02,2023-01-01 16:55:22,2,1.75,1,N,224,117,3,10.51,0.5,0.5,0.0,0.0,0.3,13.81,2.5
2,2023-01-16 05:13:06,2023-01-16 05:19:31,1,1.24,3,N,132,36,1,7.47,0.5,0.5,1.28,0.0,0.3,12.05,2.5
2,2023-01-29 18:56:55,2023-01-29 19:06:10,1,1.97,1,N,247,97,1,10.04,0.5,0.5,2.01,13.97,0.3,26.82,0.0
2,2023-01-28 15:05:34,2023-01-28 15:40:13,2,6.71,1,N,186,163,1,29.47,0.5,0.5,6.27,0.0,0.3,39.04,2.5
2,2023-01-06 20:45:37,2023-01-06 20:59:06,2,2.21,1,N,186,121,1,12.67,0.5,0.5,2.4,0.0,0.3,15.87,0.0
2,2023-01-20 18:06:20,2023-01-20 18:13:05,1,0.87,1,N,63,97,2,6.42,0.5,0.5,1.04,0.0,0.3,8.26,0.0
1,2023-01-26 00:52:49,2023-01-26 01:02:08,1,1.29,1,N,162,96,2,9.29,0.5,0.5,0.0,0.0,0.3,12.59,2.5
1,2023-01-21 09:57:38,2023-01-21 10:32:37,2,8.44,1,N,87,54,1,32.29,0.5,0.5,7.3,3.65,0.3,44.04,0.0
1,2023-01-21 10:49:15,2023-01-21 11:38:51,1,7.38,1,N,186,89,2,33.63,0.0,0.5,0.0,0.0,0.3,36.93,2.5
1,2023-01-24 18:47:38,2023-01-24 19:22:33,2,3.66,1,N,170,116,2,20.72,1.0,0.5,4.11,0.0,0.3,25.63,0.0
2,2023-01-15 15:28:00,2023-01-15 15:30:39,2,0.72,1,N,113,161,2,5.42,0.0,0.5,0.91,0.0,0.3,9.63,2.5
1,2023-01-03 19:14:14,2023-01-03 19:38:18,3,2.94,1,N,116,234,1,16.68,0.5,0.5,2.66,0.0,0.3,20.14,0.0
2,2023-01-20 15:59:12,2023-01-20 16:16:48,2,3.12,1,N,237,7,2,15.26,0.5,0.5,2.35,0.0,0.3,20.91,2.5
2,2023-01-20 11:31:47,2023-01-20 11:43:05,1,2.38,1,N,161,36,1,12.08,1.0,0.5,0.0,0.0,0.3,15.38,2.5
2,2023-01-27 07:48:44,2023-01-27 07:57:28,3,1.53,5,N,67,79,1,8.81,0.5,0.5,2.09,0.0,0.3,14.2,2.5
2,2023-01-29 09:42:05,2023-01-29 10:08:12,1,1.78,1,N,202,29,3,14.17,0.0,0.5,3.93,11.88,0.3,33.28,2.5
1,2023-01-11 13:42:54,2023-01-11 13:50:03,2,1.45,1,N,25,17,1,8.45,0.0,0.5,0.89,0.0,0.3,12.64,2.5
1,2023-01-30 16:21:49,2023-01-30 16:25:14,1,0.99,1,N,224,73,1,5.64,0.5,0.5,0.0,12.59,0.3,21.53,2.5
1,2023-01-01 22:25:26,2023-01-01 22:53:06,2,6.52,4,N,161,186,2,26.46,0.5,0.5,7.24,1.7,0.3,38.7,2.5
2,2023-01-31 09:26:12,2023-01-31 10:24:18,1,4.53,2,N,234,113,1,28.9,0.5,0.5,4.67,0.0,0.3,36.87,2.5
2,2023-01-05 18:36:25,2023-01-05 18:41:14,1,1.89,1,N,128,234,1,8.57,1.0,0.5,0.0,0.0,0.3,11.87,2.5
2,2023-01-21 08:43:35,2023-01-21 09:12:28,1,3.05,1,N,114,246,1,17.63,0.5,0.5,3.87,0.0,0.3,22.3,0.0
2,2023-01-22 18:11:37,2023-01-22 18:38:35,1,3.13,1,N,73,114,2,17.37,0.5,0.5,2.84,2.83,0.3,23.84,0.0
2,2023-01-20 00:13:20,2023-01-20 01:10:58,1,13.56,1,N,114,33,1,51.19,0.0,0.5,9.66,0.0,0.3,64.15,2.5
1,2023-01-31 18:02:06,2023-01-31 18:23:46,2,4.5,1,N,116,96,1,20.55,1.0,0.5,5.39,0.0,0.3,29.24,2.5
1,2023-01-18 08:31:36,2023-01-18 08:55:54,2,4.38,1,N,97,97,2,21.07,0.0,0.5,4.25,0.0,0.3,28.62,2.5
2,2023-01-05 08:40:42,2023-01-05 08:57:49,2,2.41,2,N,161,97,2,11.94,1.0,0.5,2.63,0.0,0.3,15.37,0.0
1,2023-01-19 16:12:16,2023-01-19 16:18:05,2,1.69,1,N,120,100,1,8.93,0.0,0.5,1.24,0.0,0.3,10.97,0.0
1,2023-01-10 12:42:38,2023-01-10 13:20:58,1,6.6,1,N,79,236,1,29.56,0.5,0.5,4.35,0.0,0.3,37.21,2.5
1,2023-01-19 14:00:34,2023-01-19 14:40:11,6,3.82,1,N,158,45,2,22.35,0.5,0.5,5.82,0.0,0.3,31.47,2.5
1,2023-01-12 11:51:30,2023-01-12 11:56:00,1,1.26,1,N,224,161,1,7.74,0.5,0.5,2.05,0.0,0.3,13.09,2.5
1,2023-01-02 22:41:00,2023-01-02 22:58:19,1,3.29,1,N,117,132,2,16.38,1.0,0.5,4.02,0.0,0.3,23.7,2.5
2,2023-01-20 10:40:18,2023-01-20 10:56:42,1,4.38,1,N,78,67,1,17.37,0.5,0.5,0.0,0.0,0.3,20.67,2.5
1,2023-01-03 16:42:22,2023-01-03 16:44:37,2,0.49,1,N,161,247,2,4.86,0.0,0.5,0.0,0.0,0.3,5.66,0.0
2,2023-01-11 20:21:50,2023-01-11 20:24:31,1,1.17,1,N,67,25,2,7.58,0.5,0.5,0.0,0.0,0.3,10.88,2.5
2,2023-01-20 18:59:49,2023-01-20 19:19:34,1,3.07,1,N,7,73,1,15.0,0.0,0.5,3.11,0.0,0.3,21.41,2.5
2,2023-01-28 11:44:52,2023-01-28 11:47:59,2,0.55,1,N,87,100,1,5.1,0.5,0.5,1.13,0.0,0.3,7.03,0.0
2,2023-01-10 16:10:27,2023-01-10 16:13:08,3,0.62,1,N,121,113,1,5.0,0.0,0.5,0.88,0.0,0.3,6.68,0.0
1,2023-01-10 06:55:19,2023-01-10 07:07:35,3,1.91,1,N,29,129,1,11.37,0.5,0.5,0.0,0.0,0.3,14.67,2.5
1,2023-01-10 16:44:29,2023-01-10 16:58:44,1,3.38,1,N,59,128,1,15.61,1.0,0.5,3.65,0.0,0.3,20.06,0.0
2,2023-01-18 13:18:47,2023-01-18 14:20:09,1,3.5,1,N,250,59,1,27.18,0.0,0.5,0.0,0.0,0.3,30.48,2.5
2,2023-01-06 19:56:37,2023-01-06 20:41:44,2,7.67,1,N,162,170,1,33.47,1.0,0.5,4.49,0.0,0.3,41.26,2.5
1,2023-01-17 20:14:36,2023-01-17 20:29:25,3,2.49,1,N,170,54,1,12.07,1.0,0.5,1.51,0.0,0.3,16.88,2.5
2,2023-01-25 08:38:26,2023-01-25 08:49:06,1,1.77,1,N,151,1,1,10.81,0.5,0.5,0.0,9.86,0.3,23.97,2.5
1,2023-01-03 06:40:41,2023-01-03 06:47:42,2,0.88,1,N,186,236,2,6.78,0.5,0.5,0.96,0.0,0.3,11.04,2.5
1,2023-01-30 13:57:52,2023-01-30 14:04:57,1,1.75,1,N,79,79,1,9.08,0.5,0.5,0.0,2.98,0.3,12.86,0.0
2,2023-01-17 15:34:40,2023-01-17 16:02:15,1,3.98,3,N,1,114,1,20.33,0.5,0.5,2.78,2.61,0.3,26.52,0.0
1,2023-01-20 12:59:24,2023-01-20 13:21:11,1,4.11,1,N,161,7,1,18.82,1.0,0.5,2.55,0.0,0.3,24.67,2.5
2,2023-01-20 17:17:50,2023-01-20 17:34:22,2,2.85,1,N,170,102,1,14.76,0.5,0.5,2.74,0.0,0.3,20.8,2.5
1,2023-01-30 15:48:56,2023-01-30 16:05:38,2,3.53,1,N,129,36,1,16.3,0.0,0.5,4.46,0.0,0.3,24.06,2.5
2,2023-01-21 22:14:47,2023-01-21 22:35:00,1,6.09,6,N,45,237,1,23.38,0.5,0.5,0.0,0.0,0.3,26.68,2.5
1,2023-01-28 13:59:52,2023-01-28 14:13:02,2,2.48,1,N,246,97,1,12.65,0.5,0.5,2.5,0.0,0.3,15.95,0.0
2,2023-01-09 06:45:15,2023-01-09 07:12:20,1,6.52,1,N,223,17,1,25.51,0.0,0.5,2.92,9.69,0.3,41.42,2.5
2,2023-01-07 11:37:25,2023-01-07 11:44:46,1,1.36,1,N,128,87,1,8.17,0.0,0.5,1.81,0.0,0.3,13.28,2.5
2,2023-01-20 17:03:14,2023-01-20 17:18:33,3,2.21,1,N,186,36,1,12.9,0.5,0.5,0.0,2.94,0.3,19.14,2.5
1,2023-01-05 10:29:21,2023-01-05 10:39:11,1,1.63,1,N,162,132,2,9.09,0.0,0.5,0.0,0.0,0.3,9.89,0.0
2,2023-01-04 10:08:44,2023-01-04 10:35:45,4,4.24,1,N,110,25,2,20.0,0.0,0.5,3.78,0.0,0.3,27.08,2.5
1,2023-01-07 11:55:40,2023-01-07 12:00:41,2,1.09,1,N,237,261,1,6.54,0.0,0.5,0.0,6.36,0.3,16.2,2.5
2,2023-01-09 19:22:00,2023-01-09 19:32:06,2,1.84,1,N,120,151,1,10.2,0.5,0.5,0.0,10.31,0.3,23.81,2.5
1,2023-01-03 22:49:45,2023-01-03 22:54:14,2,0.58,1,N,163,7,2,6.27,0.0,0.5,1.57,0.0,0.3,8.64,0.0
1,2023-01-23 12:54:11,2023-01-23 13:16:54,3,3.65,1,N,158,110,1,18.08,0.5,0.5,0.0,0.0,0.3,21.38,2.5
1,2023-01-19 08:06:11,2023-01-19 09:07:05,1,5.96,1,N,59,100,1,32.04,1.0,0.5,5.36,0.0,0.3,40.7,2.5
2,2023-01-07 13:45:32,2023-01-07 14:13:57,2,4.63,1,N,120,186,2,22.0,0.5,0.5,0.0,0.0,0.3,25.3,2.5
2,2023-01-09 12:18:14,2023-01-09 12:42:49,1,4.3,5,N,167,113,1,19.68,0.0,0.5,2.54,7.82,0.3,33.34,2.5
2,2023-01-29 23:06:57,2023-01-29 23:19:35,2,4.39,1,N,234,186,1,17.39,0.5,0.5,0.0,0.0,0.3,20.69,2.5
2,2023-01-29 14:15:08,2023-01-29 14:28:40,2,3.95,1,N,120,250,2,16.19,0.0,0.5,3.84,0.0,0.3,23.33,2.5
1,2023-01-04 18:32:09,2023-01-04 19:03:35,1,3.71,1,N,129,158,3,19.71,1.0,0.5,4.1,0.0,0.3,24.61,0.0
2,2023-01-20 21:51:45,2023-01-20 22:12:21,1,3.89,1,N,170,151,2,17.84,0.0,0.5,0.0,0.0,0.3,18.64,0.0
1,2023-01-11 17:41:17,2023-01-11 17:48:48,2,1.43,2,N,237,261,3,8.24,0.0,0.5,1.06,0.0,0.3,12.6,2.5
2,2023-01-12 09:13:42,2023-01-12 09:26:15,4,2.01,1,N,129,170,1,11.32,0.0,0.5,1.4,0.0,0.3,16.02,2.5
2,2023-01-19 17:17:40,2023-01-19 17:32:43,2,2.47,1,N,114,167,1,12.5,1.0,0.5,1.63,0.0,0.3,17.43,2.5
1,2023-01-31 13:18:11,2023-01-31 13:30:05,1,1.82,2,N,116,247,1,9.97,0.0,0.5,1.83,0.0,0.3,12.6,0.0
1,2023-01-19 13:44:34,2023-01-19 13:46:35,4,0.72,1,N,223,161,1,5.67,0.0,0.5,0.62,12.59,0.3,22.18,2.5
1,2023-01-30 23:31:32,2023-01-30 23:37:46,3,0.93,4,N,232,234,2,7.44,0.0,0.5,1.44,0.0,0.3,12.18,2.5
1,2023-01-26 10:01:05,2023-01-26 10:15:03,2,2.78,1,N,87,223,1,13.73,1.0,0.5,2.87,10.53,0.3,27.93,0.0
2,2023-01-25 14:04:45,2023-01-25 15:13:51,1,4.62,1,N,161,76,1,31.5,0.5,0.5,7.27,0.0,0.3,42.07,2.5
1,2023-01-25 08:04:51,2023-01-25 08:14:43,1,2.36,1,N,114,261,2,11.0,1.0,0.5,0.0,0.0,0.3,14.3,2.5
2,2023-01-25 08:57:56,2023-01-25 10:05:49,1,18.61,1,N,232,67,1,66.16,1.0,0.5,7.6,0.0,0.3,77.06,2.5
1,2023-01-08 17:30:05,2023-01-08 17:40:04,3,1.17,1,N,89,163,1,8.87,0.5,0.5,0.94,0.0,0.3,13.11,2.5
2,2023-01-31 19:29:10,2023-01-31 19:51:53,1,3.27,1,Y,100,17,2,16.44,0.0,0.5,2.06,0.0,0.3,21.8,2.5
2,2023-01-29 17:45:49,2023-01-29 18:15:30,2,6.16,1,N,89,246,1,26.26,1.0,0.5,0.0,0.0,0.3,27.06,0.0
2,2023-01-19 11:11:18,2023-01-19 11:40:50,3,5.2,1,N,237,101,2,23.7,0.5,0.5,4.61,0.0,0.3,31.61,2.5
1,2023-01-23 06:01:37,2023-01-23 06:19:55,2,3.82,1,N,202,247,1,17.75,0.5,0.5,1.79,0.0,0.3,20.34,0.0
2,2023-01-28 14:16:20,2023-01-28 14:49:38,1,5.22,1,N,79,100,1,24.91,0.5,0.5,0.0,0.0,0.3,28.21,2.5
2,2023-01-05 15:12:13,2023-01-05 15:19:05,1,2.44,1,N,54,100,1,11.09,0.5,0.5,3.02,0.0,0.3,14.91,0.0
2,2023-01-03 19:47:37,2023-01-03 20:47:41,2,8.14,1,N,128,224,1,37.64,1.0,0.5,0.0,4.53,0.3,42.97,0.0
2,2023-01-31 17:49:12,2023-01-31 18:01:47,1,6.12,1,N,202,79,1,21.75,1.0,0.5,2.21,0.0,0.3,24.76,0.0
2,2023-01-18 20:38:08,2023-01-18 20:42:31,1,1.23,1,N,129,97,2,7.23,0.5,0.5,0.0,0.0,0.3,8.03,0.0
1,2023-01-23 19:54:31,2023-01-23 20:06:56,1,2.98,1,N,17,237,1,13.37,0.0,0.5,3.19,0.0,0.3,19.86,2.5
2,2023-01-16 12:27:11,2023-01-16 12:33:23,2,0.73,1,N,261,1,1,7.06,1.0,0.5,0.76,13.73,0.3,22.35,0.0
2,2023-01-17 17:14:11,2023-01-17 17:43:52,2,7.33,1,N,86,128,1,28.67,0.0,0.5,6.05,0.0,0.3,35.52,0.0
1,2023-01-02 19:19:46,2023-01-02 19:32:21,1,2.77,1,N,79,129,2,12.81,0.5,0.5,1.84,0.0,0.3,17.95,2.5
2,2023-01-09 22:08:31,2023-01-09 23:30:50,2,6.43,1,N,162,250,1,40.22,0.0,0.5,0.0,0.0,0.3,43.52,2.5
1,2023-01-03 13:54:32,2023-01-03 14:15:36,1,2.16,1,N,247,116,1,13.47,0.5,0.5,3.11,14.56,0.3,31.94,0.0
1,2023-01-14 17:36:08,2023-01-14 17:39:01,1,0.58,1,N,224,162,3,4.88,0.5,0.5,0.68,0.0,0.3,6.36,0.0
2,2023-01-01 13:46:09,2023-01-01 15:27:56,3,16.91,1,N,234,121,2,70.16,0.5,0.5,10.31,0.0,0.3,83.77,2.5
1,2023-01-25 19:16:23,2023-01-25 19:34:20,1,2.58,1,N,7,232,1,13.53,1.0,0.5,0.0,0.0,0.3,14.33,0.0
1,2023-01-10 21:43:23,2023-01-10 21:47:33,1,1.1,1,N,186,100,1,6.43,1.0,0.5,0.0,0.0,0.3,7.23,0.0
1,2023-01-23 21:19:27,2023-01-23 22:03:43,1,5.53,1,N,73,7,1,28.2,0.5,0.5,7.32,5.98,0.3,44.8,2.5
1,2023-01-02 08:26:08,2023-01-02 09:39:23,1,10.77,1,N,59,33,1,47.73,0.5,0.5,9.16,0.0,0.3,60.19,2.5
2,2023-01-02 09:39:53,2023-01-02 09:54:35,2,2.01,1,N,67,170,2,10.77,0.5,0.5,0.0,0.0,0.3,14.07,2.5
2,2023-01-14 19:58:21,2023-01-14 20:08:34,2,2.17,1,N,36,161,1,11.13,0.5,0.5,0.0,0.0,0.3,14.43,2.5
2,2023-01-25 17:33:48,2023-01-25 18:04:35,2,2.8,1,N,54,234,1,17.38,0.5,0.5,3.82,0.0,0.3,24.5,2.5
2,2023-01-26 21:42:24,2023-01-26 21:49:27,4,1.02,5,Y,1,129,1,7.3,1.0,0.5,0.98,0.0,0.3,9.08,0.0
2,2023-01-17 11:35:28,2023-01-17 11:50:46,2,1.39,1,N,79,67,1,10.94,0.5,0.5,0.0,0.0,0.3,11.74,0.0
2,2023-01-20 20:25:06,2023-01-20 21:22:27,1,8.9,1,N,100,59,1,39.62,0.0,0.5,8.0,11.34,0.3,59.76,0.0
2,2023-01-22 18:55:40,2023-01-22 19:04:52,2,2.12,3,Y,116,87,1,11.36,0.5,0.5,0.0,0.0,0.3,14.66,2.5
1,2023-01-21 08:57:03,2023-01-21 09:02:26,2,1.25,1,N,151,234,2,7.44,0.0,0.5,0.0,0.0,0.3,10.74,2.5
2,2023-01-23 07:18:44,2023-01-23 07:31:19,2,1.67,1,N,100,72,1,10.83,0.0,0.5,0.0,0.0,0.3,14.13,2.5
1,2023-01-01 18:53:52,2023-01-01 19:18:18,1,5.23,6,N,67,161,1,21.91,0.5,0.5,0.0,10.53,0.3,33.24,0.0
1,2023-01-14 08:27:21,2023-01-14 08:30:36,4,0.53,1,N,161,186,1,5.19,0.0,0.5,0.0,0.0,0.3,8.49,2.5
2,2023-01-27 19:44:53,2023-01-27 19:54:32,1,2.83,1,N,59,120,2,12.02,0.5,0.5,3.01,0.0,0.3,18.33,2.5
2,2023-01-14 16:31:41,2023-01-14 18:00:50,2,14.83,1,N,237,17,1,61.96,1.0,0.5,0.0,14.14,0.3,76.9,0.0
1,2023-01-05 14:46:00,2023-01-05 17:46:00,1,10.73,1,N,162,101,1,74.71,0.5,0.5,16.9,0.0,0.3,94.91,2.5
1,2023-01-21 10:52:12,2023-01-21 11:06:51,2,3.6,1,N,224,113,1,15.0,0.5,0.5,2.89,0.0,0.3,21.19,2.5
1,2023-01-10 23:25:38,2023-01-11 00:08:25,1,6.28,1,N,234,33,2,29.48,0.5,0.5,5.49,5.45,0.3,43.72,2.5
2,2023-01-16 18:42:42,2023-01-16 19:22:15,1,6.23,1,N,237,114,1,28.31,0.5,0.5,6.63,0.0,0.3,35.74,0.0
2,2023-01-17 19:30:05,2023-01-17 19:40:48,1,2.13,1,N,161,17,1,11.12,1.0,0.5,2.85,0.0,0.3,17.27,2.5
1,2023-01-22 19:47:41,2023-01-22 20:33:42,1,4.68,1,N,237,36,1,25.55,1.0,0.5,6.37,0.0,0.3,35.22,2.5
2,2023-01-29 16:11:48,2023-01-29 17:01:34,1,8.95,1,N,232,232,2,38.17,0.0,0.5,7.2,0.0,0.3,46.17,0.0
1,2023-01-22 22:43:05,2023-01-22 22:47:20,2,0.91,1,N,114,110,3,7.19,0.5,0.5,1.72,0.58,0.3,10.29,0.0
1,2023-01-31 16:35:52,2023-01-31 16:53:51,3,3.61,1,N,114,202,1,17.27,0.0,0.5,3.21,0.0,0.3,23.78,2.5
1,2023-01-01 15:27:31,2023-01-01 15:49:34,3,3.07,1,N,79,158,1,17.14,0.0,0.5,2.9,0.0,0.3,20.84,0.0
1,2023-01-25 10:22:36,2023-01-25 10:32:31,1,2.53,1,N,45,63,1,11.83,0.5,0.5,1.82,0.0,0.3,14.45,0.0
1,2023-01-13 10:42:03,2023-01-13 11:01:51,1,2.37,1,N,163,113,1,13.7,0.5,0.5,1.5,10.6,0.3,29.1,2.5
1,2023-01-23 19:20:36,2023-01-23 19:40:46,3,2.78,5,N,161,63,1,15.24,0.5,0.5,0.0,3.01,0.3,19.05,0.0
2,2023-01-03 11:01:27,2023-01-03 11:19:17,6,2.96,1,N,232,25,1,14.74,0.5,0.5,3.41,0.0,0.3,21.45,2.5
1,2023-01-17 19:56:22,2023-01-17 20:24:02,1,5.41,1,N,7,102,2,22.57,0.5,0.5,2.95,0.0,0.3,26.32,0.0
2,2023-01-01 22:26:46,2023-01-01 22:48:23,1,3.34,1,N,1,121,1,17.16,1.0,0.5,4.5,0.0,0.3,24.96,2.5
2,2023-01-21 13:09:14,2023-01-21 13:16:35,1,2.05,1,N,59,101,1,9.85,1.0,0.5,1.12,0.0,0.3,11.77,0.0
2,2023-01-07 07:13:03,2023-01-07 07:19:26,1,1.25,1,N,120,113,1,6.99,0.5,0.5,0.76,0.0,0.3,8.55,0.0
1,2023-01-05 18:49:29,2023-01-05 18:58:36,2,1.64,2,N,151,158,2,9.13,0.5,0.5,0.0,0.0,0.3,12.43,2.5
2,2023-01-03 00:19:44,2023-01-03 00:34:30,1,2.85,1,N,45,236,3,13.71,0.0,0.5,1.92,0.0,0.3,16.43,0.0
1,2023-01-09 19:16:08,2023-01-09 19:22:06,2,1.38,1,N,117,162,2,7.95,0.0,0.5,0.0,0.0,0.3,11.25,2.5
1,2023-01-30 15:29:59,2023-01-30 15:54:50,1,4.76,1,N,7,117,2,21.13,0.0,0.5,2.34,15.5,0.3,42.27,2.5
2,2023-01-31 14:01:40,2023-01-31 14:38:25,1,3.23,1,N,129,100,2,20.95,1.0,0.5,0.0,0.0,0.3,21.75,0.0
2,2023-01-03 16:33:56,2023-01-03 16:54:48,2,5.52,1,N,86,237,2,21.38,0.5,0.5,3.14,0.0,0.3,25.32,0.0
1,2023-01-31 15:02:28,2023-01-31 15:10:23,2,1.45,1,N,158,234,1,8.53,0.5,0.5,0.0,0.0,0.3,9.33,0.0
1,2023-01-19 11:50:07,2023-01-19 11:55:37,1,1.25,1,N,117,237,1,7.06,0.5,0.5,0.0,0.0,0.3,7.86,0.0
2,2023-01-11 10:25:10,2023-01-11 11:01:49,1,5.49,1,N,73,103,2,26.52,0.5,0.5,2.77,0.0,0.3,32.59,2.5
2,2023-01-30 13:13:30,2023-01-30 13:43:03,1,2.58,1,N,45,67,1,16.56,1.0,0.5,1.74,0.0,0.3,21.6,2.5
2,2023-01-08 21:27:35,2023-01-08 21:54:55,4,2.01,1,N,59,170,1,14.69,0.0,0.5,1.77,0.0,0.3,17.26,0.0
1,2023-01-06 07:10:44,2023-01-06 07:43:05,3,3.95,1,N,224,120,2,21.49,1.0,0.5,5.23,0.0,0.3,27.52,0.0
2,2023-01-08 11:19:47,2023-01-08 11:37:50,1,3.84,1,N,1,232,1,17.78,0.5,0.5,3.21,13.32,0.3,37.61,2.5
2,2023-01-05 08:07:45,2023-01-05 08:10:55,5,0.91,5,N,117,25,2,6.81,0.0,0.5,0.0,0.0,0.3,10.11,2.5
1,2023-01-16 13:40:35,2023-01-16 14:14:18,2,6.61,1,N,224,224,2,27.13,0.5,0.5,6.99,9.66,0.3,44.58,0.0
1,2023-01-05 07:58:01,2023-01-05 08:12:41,1,1.72,1,N,76,117,1,11.21,0.5,0.5,1.55,0.0,0.3,16.06,2.5
1,2023-01-07 19:29:31,2023-01-07 20:34:02,1,8.37,1,N,162,116,2,40.19,0.0,0.5,10.32,0.0,0.3,51.31,0.0
2,2023-01-12 07:05:49,2023-01-12 07:08:45,3,0.86,1,N,117,17,1,5.86,0.0,0.5,1.37,0.0,0.3,10.53,2.5
2,2023-01-21 18:04:50,2023-01-21 18:32:47,2,2.97,1,N,121,132,2,17.45,0.5,0.5,0.0,0.0,0.3,20.75,2.5
1,2023-01-27 10:49:50,2023-01-27 10:55:05,5,2.04,2,N,67,29,1,10.06,0.5,0.5,2.58,0.0,0.3,15.94,2.5
2,2023-01-03 14:20:00,2023-01-03 14:21:29,1,0.53,1,N,129,223,1,5.22,0.5,0.5,0.64,0.0,0.3,6.66,0.0
2,2023-01-20 08:17:26,2023-01-20 08:27:10,4,3.83,1,N,224,132,1,15.46,0.5,0.5,3.05,0.0,0.3,19.31,0.0
1,2023-01-04 19:06:37,2023-01-04 19:09:20,2,0.55,2,N,237,261,2,5.16,0.5,0.5,0.0,0.0,0.3,8.46,2.5
2,2023-01-31 22:39:14,2023-01-31 22:51:28,3,1.88,1,N,113,234,2,11.9,1.0,0.5,2.61,0.0,0.3,15.31,0.0
2,2023-01-09 09:03:24,2023-01-09 09:30:11,6,5.36,1,N,162,79,1,22.9,1.0,0.5,3.27,0.0,0.3,29.47,2.5
2,2023-01-27 22:54:05,2023-01-27 23:00:26,1,1.57,1,N,170,120,2,7.71,0.0,0.5,0.95,0.0,0.3,11.96,2.5
1,2023-01-25 11:12:11,2023-01-25 11:20:54,2,1.19,1,N,237,29,1,8.02,0.0,0.5,0.0,0.0,0.3,8.82,0.0
2,2023-01-11 16:04:00,2023-01-11 16:41:02,1,4.26,1,N,114,261,2,22.94,0.5,0.5,4.22,0.0,0.3,30.46,2.5
1,2023-01-11 18:42:58,2023-01-11 18:55:19,3,1.94,1,N,158,261,1,11.59,0.0,0.5,0.0,0.0,0.3,14.89,2.5
1,2023-01-10 08:21:51,2023-01-10 08:35:07,2,1.73,1,N,132,114,4,10.39,1.0,0.5,0.0,0.0,0.3,11.19,0.0
2,2023-01-15 14:41:24,2023-01-15 15:03:08,1,6.09,1,N,237,261,2,23.91,0.0,0.5,4.95,0.0,0.3,32.16,2.5
2,2023-01-14 06:02:00,2023-01-14 06:09:00,1,0.97,1,N,86,63,2,6.44,0.0,0.5,0.82,0.0,0.3,8.06,0.0
1,2023-01-21 18:51:20,2023-01-21 19:00:29,1,1.66,1,N,158,223,1,9.98,1.0,0.5,0.0,0.0,0.3,13.28,2.5
1,2023-01-15 13:18:26,2023-01-15 13:36:04,1,4.48,1,N,45,232,2,18.65,0.0,0.5,5.06,0.0,0.3,27.01,2.5
1,2023-01-25 21:45:10,2023-01-25 21:48:26,1,0.93,1,N,120,114,1,6.0,0.0,0.5,0.0,0.0,0.3,9.3,2.5
1,2023-01-15 10:56:39,2023-01-15 11:43:29,5,8.86,1,N,158,29,1,37.92,1.0,0.5,0.0,0.0,0.3,41.22,2.5
2,2023-01-10 21:32:59,2023-01-10 21:42:49,2,1.99,1,N,234,63,1,10.97,0.0,0.5,2.42,0.0,0.3,14.19,0.0
2,2023-01-11 08:20:50,2023-01-11 08:58:48,6,4.51,1,N,120,76,2,23.25,0.5,0.5,3.23,0.0,0.3,29.78,2.5
2,2023-01-23 17:18:51,2023-01-23 17:36:18,1,4.5,1,N,186,151,3,18.56,0.5,0.5,2.46,0.0,0.3,21.82,0.0
1,2023-01-05 11:41:49,2023-01-05 11:49:12,1,2.09,6,N,79,163,1,11.44,0.0,0.5,2.29,0.0,0.3,17.03,2.5
2,2023-01-09 08:00:04,2023-01-09 08:19:03,4,1.63,1,N,236,86,2,12.81,0.0,0.5,2.89,12.55,0.3,31.55,2.5
1,2023-01-10 07:08:33,2023-01-10 07:15:11,2,2.27,1,N,113,29,1,10.8,0.0,0.5,0.0,0.0,0.3,11.6,0.0
2,2023-01-20 18:38:33,2023-01-20 19:08:20,1,3.99,1,N,101,17,1,19.5,0.5,0.5,4.69,0.0,0.3,27.49,2.5
1,2023-01-05 09:01:06,2023-01-05 09:06:12,3,1.12,1,N,234,151,2,7.74,1.0,0.5,0.0,0.0,0.3,11.04,2.5
2,2023-01-14 16:17:08,2023-01-14 16:22:24,1,0.95,1,N,167,114,1,6.38,0.5,0.5,1.35,0.0,0.3,11.03,2.5
1,2023-01-21 23:38:33,2023-01-22 00:20:14,1,7.12,1,N,117,72,2,31.88,0.5,0.5,6.5,0.0,0.3,41.68,2.5
2,2023-01-29 11:15:42,2023-01-29 11:24:03,2,1.35,1,N,167,7,1,8.1,0.5,0.5,2.0,0.0,0.3,13.4,2.5
1,2023-01-14 04:55:12,2023-01-14 05:20:38,2,3.05,1,N,129,120,1,17.23,0.5,0.5,1.77,6.55,0.3,26.35,0.0
2,2023-01-31 08:58:29,2023-01-31 09:07:54,2,2.01,1,N,186,100,2,10.06,0.5,0.5,1.93,0.0,0.3,15.29,2.5
1,2023-01-19 07:02:04,2023-01-19 07:15:20,1,2.08,1,N,116,113,1,11.34,1.0,0.5,0.0,0.0,0.3,14.64,2.5
2,2023-01-24 14:10:06,2023-01-24 15:14:28,1,6.84,1,N,100,234,2,36.5,0.5,0.5,5.11,0.0,0.3,44.91,2.5
2,2023-01-08 19:54:34,2023-01-08 20:13:08,1,2.19,1,N,73,202,2,12.46,0.5,0.5,3.37,0.0,0.3,16.63,0.0
2,2023-01-29 11:01:33,2023-01-29 11:18:17,1,1.79,1,N,97,113,1,12.85,0.0,0.5,1.29,0.0,0.3,17.44,2.5
1,2023-01-09 08:29:45,2023-01-09 08:43:05,1,1.91,1,N,237,232,2,10.6,0.5,0.5,1.65,0.0,0.3,15.55,2.5
2,2023-01-05 17:56:54,2023-01-05 18:04:30,2,1.6,1,N,59,121,1,8.36,0.5,0.5,1.07,0.0,0.3,12.73,2.5
1,2023-01-03 11:35:11,2023-01-03 11:45:49,3,1.42,1,N,224,76,2,9.52,0.5,0.5,1.93,0.0,0.3,12.25,0.0
1,2023-01-21 16:18:20,2023-01-21 16:24:41,6,1.61,1,N,236,72,1,9.26,1.0,0.5,2.33,0.0,0.3,14.89,2.5
1,2023-01-20 22:00:51,2023-01-20 22:49:38,2,8.15,1,N,54,224,1,35.41,0.0,0.5,6.03,0.0,0.3,42.24,0.0
1,2023-01-07 10:23:03,2023-01-07 10:48:32,1,3.99,1,N,162,163,1,18.81,0.5,0.5,4.72,0.0,0.3,26.83,2.5
1,2023-01-28 15:32:49,2023-01-28 15:43:06,1,1.81,2,N,97,78,2,9.64,1.0,0.5,1.73,0.0,0.3,12.17,0.0
2,2023-01-09 20:04:56,2023-01-09 20:21:24,4,4.89,1,N,73,250,1,18.83,0.0,0.5,4.96,0.0,0.3,24.59,0.0
2,2023-01-19 18:31:05,2023-01-19 18:37:55,1,0.71,1,N,163,29,4,6.64,0.5,0.5,0.0,0.0,0.3,7.44,0.0
2,2023-01-17 19:24:08,2023-01-17 19:44:10,1,6.57,1,N,120,261,1,24.4,0.5,0.5,3.23,0.0,0.3,28.43,0.0
1,2023-01-19 19:19:41,2023-01-19 19:44:14,1,6.18,1,N,234,120,1,24.8,0.5,0.5,6.43,0.0,0.3,34.53,2.5
1,2023-01-24 16:58:28,2023-01-24 18:10:41,2,12.52,1,N,76,232,2,52.54,1.0,0.5,0.0,0.0,0.3,53.34,0.0
2,2023-01-29 15:53:59,2023-01-29 16:12:14,5,5.0,1,N,224,161,2,20.47,0.5,0.5,3.85,0.0,0.3,27.62,2.5
2,2023-01-23 18:41:32,2023-01-23 19:02:33,1,3.25,1,N,59,250,1,16.18,0.5,0.5,0.0,0.0,0.3,16.98,0.0
1,2023-01-29 18:35:39,2023-01-29 19:07:16,2,6.16,1,N,86,234,1,25.94,0.5,0.5,0.0,0.0,0.3,29.24,2.5
2,2023-01-27 18:28:14,2023-01-27 18:38:29,2,1.46,1,N,232,97,2,9.29,0.0,0.5,2.58,0.0,0.3,12.67,0.0
2,2023-01-12 12:04:19,2023-01-12 12:11:12,3,1.74,2,N,45,87,2,9.05,0.0,0.5,0.0,0.0,0.3,12.35,2.5
2,2023-01-18 20:18:10,2023-01-18 20:34:51,1,2.23,1,N,97,202,2,12.88,0.5,0.5,2.57,0.0,0.3,16.25,0.0
1,2023-01-07 09:00:08,2023-01-07 09:38:14,2,6.53,1,N,54,113,2,28.49,1.0,0.5,0.0,0.0,0.3,31.79,2.5
1,2023-01-29 08:21:06,2023-01-29 08:26:32,4,1.23,1,N,170,102,1,7.76,0.5,0.5,1.28,0.0,0.3,12.34,2.5
1,2023-01-30 12:28:53,2023-01-30 12:33:15,4,1.14,1,N,100,25,1,6.36,0.5,0.5,0.83,10.46,0.3,20.95,2.5
1,2023-01-28 10:36:04,2023-01-28 10:57:52,1,2.79,2,N,224,96,2,15.21,0.0,0.5,3.79,0.0,0.3,19.8,0.0
1,2023-01-24 18:21:30,2023-01-24 18:38:44,1,4.01,1,N,1,158,1,17.9,0.0,0.5,1.83,0.0,0.3,23.03,2.5
1,2023-01-27 09:15:30,2023-01-27 09:26:58,4,1.38,1,N,170,167,1,8.75,0.0,0.5,2.14,0.0,0.3,11.69,0.0
1,2023-01-25 18:42:03,2023-01-25 19:32:11,4,3.87,1,N,132,132,1,25.73,1.0,0.5,2.67,0.0,0.3,29.2,0.0
1,2023-01-08 15:09:50,2023-01-08 15:59:29,1,6.53,1,N,246,128,2,31.03,0.5,0.5,4.69,0.0,0.3,36.52,0.0
1,2023-01-09 08:07:30,2023-01-09 08:31:30,1,5.76,1,N,53,234,1,22.61,1.0,0.5,3.71,0.0,0.3,27.12,0.0
1,2023-01-17 10:41:07,2023-01-17 10:58:39,1,3.05,1,N,163,163,2,14.26,0.0,0.5,2.24,0.0,0.3,19.8,2.5
1,2023-01-14 15:35:07,2023-01-14 15:50:28,2,2.19,5,N,224,129,1,12.37,0.5,0.5,1.78,0.0,0.3,14.95,0.0
2,2023-01-23 19:52:42,2023-01-23 20:40:53,1,8.6,1,N,59,17,2,36.91,0.0,0.5,4.41,5.15,0.3,49.77,2.5
2,2023-01-23 13:44:37,2023-01-23 13:58:03,1,2.37,1,N,110,113,2,12.93,1.0,0.5,1.3,0.0,0.3,17.53,2.5
1,2023-01-31 09:54:24,2023-01-31 10:15:48,2,4.74,1,N,45,73,1,20.81,0.0,0.5,4.98,0.0,0.3,29.09,2.5
1,2023-01-25 11:39:24,2023-01-25 13:26:39,1,10.16,1,N,202,45,1,55.65,0.0,0.5,10.14,0.0,0.3,69.09,2.5
1,2023-01-01 07:50:02,2023-01-01 08:16:05,5,4.38,1,N,170,117,1,20.05,0.0,0.5,0.0,2.43,0.3,25.78,2.5
1,2023-01-11 02:10:01,2023-01-11 02:16:04,1,1.11,1,N,158,45,1,6.87,0.0,0.5,0.79,7.71,0.3,18.67,2.5
2,2023-01-11 23:31:32,2023-01-11 23:40:22,1,0.92,1,N,232,53,2,7.91,0.5,0.5,1.19,0.0,0.3,9.9,0.0
1,2023-01-20 07:56:21,2023-01-20 08:14:25,4,1.87,1,N,86,237,2,12.9,1.0,0.5,0.0,0.0,0.3,16.2,2.5
1,2023-01-11 07:47:15,2023-01-11 08:13:24,1,3.98,1,N,234,186,2,18.97,1.0,0.5,3.47,0.0,0.3,23.24,0.0
2,2023-01-31 20:24:22,2023-01-31 20:43:01,1,3.27,1,N,36,63,1,16.48,0.5,0.5,1.95,0.0,0.3,19.23,0.0
2,2023-01-09 18:55:36,2023-01-09 20:05:22,1,12.25,3,N,163,100,1,50.11,1.0,0.5,13.85,0.0,0.3,64.76,0.0
1,2023-01-14 13:18:17,2023-01-14 13:41:11,2,3.24,1,N,162,110,1,17.02,0.5,0.5,0.0,0.0,0.3,17.82,0.0
1,2023-01-26 17:01:20,2023-01-26 17:14:28,1,1.83,1,N,76,76,1,10.81,1.0,0.5,1.94,0.0,0.3,13.55,0.0
2,2023-01-12 22:47:16,2023-01-12 22:53:54,5,1.0,1,N,79,161,2,7.06,0.0,0.5,1.61,0.0,0.3,11.97,2.5
2,2023-01-02 07:24:39,2023-01-02 07:53:36,6,5.67,1,N,76,236,1,24.43,0.5,0.5,3.81,0.0,0.3,31.54,2.5
2,2023-01-11 09:02:03,2023-01-11 09:10:21,1,2.33,4,N,224,53,1,10.48,0.0,0.5,1.2,0.0,0.3,14.98,2.5
1,2023-01-12 20:12:55,2023-01-12 20:23:01,1,0.76,1,N,110,67,1,7.65,1.0,0.5,1.28,0.0,0.3,12.23,2.5
1,2023-01-19 19:04:33,2023-01-19 19:15:17,2,2.38,1,N,7,261,1,11.67,0.5,0.5,0.0,6.43,0.3,21.4,2.5
2,2023-01-23 23:59:14,2023-01-24 00:05:51,5,1.11,1,N,132,224,2,7.9,0.0,0.5,0.0,0.0,0.3,11.2,2.5
2,2023-01-18 11:50:45,2023-01-18 11:58:42,1,1.7,1,N,186,53,1,10.04,0.0,0.5,1.67,0.0,0.3,12.51,0.0
2,2023-01-13 22:55:56,2023-01-13 23:04:30,1,2.35,1,Y,45,116,1,11.08,0.5,0.5,0.0,0.0,0.3,14.38,2.5
2,2023-01-16 12:10:03,2023-01-16 12:19:07,1,1.19,1,N,202,76,1,7.83,0.5,0.5,0.0,0.0,0.3,8.63,0.0
2,2023-01-05 18:48:12,2023-01-05 18:54:40,5,1.62,1,N,151,202,1,8.1,0.5,0.5,0.0,0.0,0.3,11.4,2.5
1,2023-01-06 21:33:08,2023-01-06 21:45:28,1,1.34,1,N,87,162,1,10.29,1.0,0.5,0.0,0.0,0.3,11.09,0.0
1,2023-01-19 08:17:04,2023-01-19 08:24:32,2,1.37,3,N,162,103,2,9.08,0.5,0.5,0.0,13.8,0.3,26.18,2.5
2,2023-01-27 09:40:44,2023-01-27 09:47:38,1,1.1,1,N,202,1,2,7.92,0.5,0.5,1.1,0.0,0.3,9.82,0.0
2,2023-01-17 16:57:11,2023-01-17 17:06:20,2,1.63,2,N,234,202,4,9.4,0.5,0.5,1.49,0.0,0.3,11.69,0.0
1,2023-01-02 20:27:23,2023-01-02 20:37:22,1,1.2,1,N,114,78,1,8.91,1.0,0.5,1.73,0.0,0.3,13.94,2.5
1,2023-01-31 06:01:48,2023-01-31 06:19:23,2,3.63,1,N,232,100,1,17.13,0.5,0.5,4.67,0.0,0.3,22.6,0.0
1,2023-01-11 20:50:36,2023-01-11 20:59:07,1,2.72,1,N,237,186,1,11.62,0.5,0.5,0.0,0.0,0.3,14.92,2.5
1,2023-01-24 12:11:40,2023-01-24 12:59:06,1,5.73,1,N,29,163,2,29.2,0.5,0.5,0.0,0.0,0.3,30.0,0.0
1,2023-01-28 13:10:05,2023-01-28 14:01:21,1,9.63,1,N,114,114,1,39.34,0.5,0.5,0.0,13.42,0.3,56.06,2.5
1,2023-01-31 12:37:58,2023-01-31 12:54:02,3,3.89,1,N,79,237,1,16.68,1.0,0.5,0.0,0.0,0.3,19.98,2.5
2,2023-01-04 21:47:04,2023-01-04 22:08:04,2,3.28,1,N,151,114,1,17.22,0.5,0.5,3.78,0.0,0.3,24.3,2.5
2,2023-01-06 07:47:42,2023-01-06 08:01:37,1,4.08,1,N,117,186,2,17.22,0.5,0.5,2.99,0.0,0.3,21.01,0.0
2,2023-01-21 16:52:38,2023-01-21 17:15:00,1,3.32,1,N,114,33,1,16.96,0.5,0.5,2.98,0.0,0.3,20.74,0.0
2,2023-01-24 08:53:24,2023-01-24 09:07:55,1,2.43,4,N,97,161,1,11.36,0.5,0.5,3.08,0.0,0.3,15.24,0.0
2,2023-01-26 21:07:50,2023-01-26 21:26:56,1,2.29,1,N,96,232,1,13.18,0.0,0.5,0.0,6.81,0.3,23.29,2.5
2,2023-01-18 19:18:53,2023-01-18 19:24:49,3,1.09,6,N,116,223,1,7.26,1.0,0.5,1.72,0.0,0.3,12.28,2.5
1,2023-01-05 09:43:04,2023-01-05 10:08:09,1,4.39,1,N,102,117,2,20.14,0.0,0.5,4.19,0.0,0.3,27.63,2.5
1,2023-01-23 11:23:57,2023-01-23 11:34:14,2,2.29,1,N,121,234,1,11.31,0.0,0.5,3.1,1.95,0.3,19.66,2.5
1,2023-01-21 12:42:14,2023-01-21 13:32:48,2,6.94,1,N,162,7,2,33.11,0.5,0.5,6.64,0.0,0.3,43.05,2.5
1,2023-01-15 13:27:47,2023-01-15 14:02:15,4,4.65,1,N,158,236,2,22.98,0.0,0.5,0.0,1.44,0.3,27.72,2.5
2,2023-01-20 20:27:49,2023-01-20 20:34:49,2,1.46,1,N,63,103,1,8.4,0.0,0.5,0.0,0.0,0.3,11.7,2.5
2,2023-01-07 16:01:33,2023-01-07 16:21:36,1,5.96,1,N,1,163,2,22.84,1.0,0.5,6.34,0.0,0.3,29.98,0.0
2,2023-01-26 13:36:51,2023-01-26 13:38:22,1,0.34,1,N,128,101,1,3.88,0.5,0.5,0.0,0.0,0.3,7.18,2.5
1,2023-01-02 18:51:49,2023-01-02 19:20:01,1,9.95,1,N,224,100,2,35.85,1.0,0.5,5.49,0.0,0.3,42.14,0.0
1,2023-01-27 14:49:31,2023-01-27 14:53:30,1,0.86,1,N,236,76,1,5.91,0.0,0.5,0.96,0.0,0.3,7.67,0.0
1,2023-01-26 07:20:10,2023-01-26 07:36:05,1,3.39,4,N,186,96,1,14.33,0.0,0.5,3.38,0.0,0.3,18.51,0.0
1,2023-01-22 07:40:26,2023-01-22 07:54:40,5,3.22,2,N,7,59,2,15.5,0.0,0.5,0.0,14.66,0.3,30.96,0.0
2,2023-01-26 11:11:54,2023-01-26 11:29:33,1,5.43,1,N,120,59,3,20.56,0.0,0.5,0.0,0.0,0.3,23.86,2.5
1,2023-01-29 17:38:12,2023-01-29 17:44:44,2,1.83,1,N,33,170,2,9.66,0.5,0.5,1.21,0.0,0.3,11.67,0.0
1,2023-01-06 07:24:59,2023-01-06 07:29:02,1,0.47,1,N,132,79,1,4.85,1.0,0.5,0.0,0.0,0.3,8.15,2.5
1,2023-01-17 16:55:10,2023-01-17 17:02:53,1,1.83,1,N,29,114,1,9.79,0.5,0.5,0.0,0.0,0.3,13.09,2.5
2,2023-01-21 10:42:39,2023-01-21 10:52:56,1,1.99,1,N,67,45,2,10.52,0.5,0.5,0.0,12.85,0.3,24.17,0.0
1,2023-01-30 18:04:38,2023-01-30 18:07:42,1,0.5,2,N,7,170,1,5.52,0.5,0.5,1.51,0.0,0.3,7.83,0.0
1,2023-01-23 03:52:11,2023-01-23 04:19:20,1,2.42,1,N,129,101,1,15.73,0.0,0.5,3.49,0.0,0.3,22.52,2.5
1,2023-01-19 14:43:28,2023-01-19 14:54:09,5,1.04,1,N,132,237,4,7.94,0.0,0.5,0.87,0.0,0.3,9.61,0.0
2,2023-01-18 05:12:08,2023-01-18 05:37:10,2,3.81,1,N,162,117,1,18.91,0.5,0.5,0.0,0.0,0.3,19.71,0.0
2,2023-01-05 11:16:21,2023-01-05 11:35:49,1,1.95,1,N,236,158,1,12.55,0.0,0.5,2.24,0.0,0.3,18.09,2.5
2,2023-01-10 01:10:57,2023-01-10 02:17:19,1,10.18,1,N,261,247,1,44.08,0.5,0.5,10.39,0.0,0.3,55.27,0.0
2,2023-01-14 14:18:03,2023-01-14 14:26:28,5,1.93,1,N,129,53,1,9.63,0.5,0.5,0.0,0.0,0.3,12.93,2.5
2,2023-01-28 19:56:52,2023-01-28 20:19:54,1,3.23,1,N,25,163,1,18.27,0.5,0.5,2.04,0.0,0.3,21.11,0.0
1,2023-01-27 07:54:40,2023-01-27 08:05:41,1,1.99,1,N,158,103,2,9.82,0.5,0.5,2.71,15.36,0.3,28.69,0.0
2,2023-01-20 19:33:44,2023-01-20 19:39:39,3,0.69,1,Y,232,97,2,6.33,0.5,0.5,0.0,0.0,0.3,9.63,2.5
2,2023-01-04 16:21:16,2023-01-04 16:31:32,2,2.01,1,N,79,120,1,10.47,0.5,0.5,2.43,0.0,0.3,13.7,0.0
1,2023-01-23 15:21:56,2023-01-23 15:41:22,1,4.12,1,N,36,120,2,19.08,0.5,0.5,5.01,0.0,0.3,27.39,2.5
2,2023-01-15 17:57:15,2023-01-15 18:33:18,2,3.67,1,N,232,224,1,20.64,0.0,0.5,4.86,0.0,0.3,26.3,0.0
1,2023-01-21 11:11:30,2023-01-21 11:25:48,1,1.88,1,N,224,100,1,11.33,0.5,0.5,1.44,0.0,0.3,13.57,0.0
1,2023-01-14 18:45:02,2023-01-14 18:52:15,2,0.78,1,N,86,110,1,7.1,0.5,0.5,0.98,0.0,0.3,8.88,0.0
1,2023-01-23 19:59:53,2023-01-23 20:17:45,1,3.79,1,N,7,53,1,16.85,1.0,0.5,1.81,0.0,0.3,19.46,0.0
2,2023-01-07 19:51:42,2023-01-07 20:08:54,3,3.2,1,N,232,79,1,14.92,0.5,0.5,1.84,7.19,0.3,27.25,2.5
2,2023-01-05 10:43:09,2023-01-05 11:08:48,2,4.4,1,N,87,234,1,20.4,0.5,0.5,2.26,0.0,0.3,25.96,2.5
1,2023-01-07 18:53:39,2023-01-07 19:05:03,1,1.9,1,N,167,72,2,10.45,0.5,0.5,0.0,0.0,0.3,13.75,2.5
1,2023-01-29 08:13:10,2023-01-29 08:16:30,2,0.66,1,N,36,110,2,5.33,0.5,0.5,1.07,0.0,0.3,7.2,0.0
2,2023-01-03 15:59:26,2023-01-03 16:16:57,1,3.49,2,N,67,129,1,16.57,0.5,0.5,0.0,0.0,0.3,19.87,2.5
2,2023-01-09 00:05:30,2023-01-09 00:21:31,4,2.32,1,N,45,161,2,13.01,0.5,0.5,0.0,0.0,0.3,16.31,2.5
1,2023-01-11 08:00:55,2023-01-11 08:49:17,1,6.64,1,N,87,186,1,31.97,0.5,0.5,0.0,0.0,0.3,35.27,2.5
1,2023-01-26 17:11:19,2023-01-26 17:25:18,1,2.39,1,N,162,113,1,12.64,1.0,0.5,1.3,0.0,0.3,14.74,0.0
2,2023-01-12 21:36:00,2023-01-12 21:49:53,2,2.26,1,N,33,151,1,12.6,0.5,0.5,2.71,0.0,0.3,16.11,0.0
2,2023-01-28 05:14:25,2023-01-28 05:22:47,1,3.2,1,N,162,237,1,13.74,0.0,0.5,3.25,0.0,0.3,17.79,0.0
1,2023-01-31 16:38:55,2023-01-31 16:48:50,1,1.5,1,N,161,161,1,9.09,0.0,0.5,1.79,0.0,0.3,14.18,2.5
1,2023-01-21 17:06:47,2023-01-21 17:14:09,2,1.44,1,N,33,79,1,8.85,0.0,0.5,1.64,0.0,0.3,11.29,0.0
1,2023-01-11 22:41:03,2023-01-11 22:51:27,2,2.17,1,N,110,36,1,10.38,1.0,0.5,0.0,0.0,0.3,11.18,0.0
2,2023-01-19 18:13:03,2023-01-19 18:16:58,1,1.17,1,N,7,114,1,5.78,0.5,0.5,1.13,0.0,0.3,10.21,2.5
1,2023-01-21 07:31:45,2023-01-21 07:47:05,1,1.97,1,N,128,132,1,12.67,1.0,0.5,2.43,0.0,0.3,18.4,2.5
2,2023-01-04 08:07:43,2023-01-04 08:42:10,2,10.02,1,Y,246,128,2,36.5,0.5,0.5,0.0,0.0,0.3,37.3,0.0
1,2023-01-26 17:58:33,2023-01-26 18:29:28,3,5.11,1,N,170,7,1,23.63,1.0,0.5,0.0,0.0,0.3,24.43,0.0
1,2023-01-14 09:22:05,2023-01-14 09:28:36,2,2.95,1,N,45,224,2,11.39,0.5,0.5,0.0,0.0,0.3,14.69,2.5
1,2023-01-27 21:36:16,2023-01-27 22:13:36,2,7.49,1,N,116,234,1,30.42,1.0,0.5,5.32,0.0,0.3,36.54,0.0
2,2023-01-19 21:29:50,2023-01-19 21:41:20,3,1.26,1,N,158,76,2,8.67,0.5,0.5,2.12,0.0,0.3,11.59,0.0
1,2023-01-27 22:35:08,2023-01-28 00:08:34,1,15.15,1,N,97,202,3,64.56,0.0,0.5,12.79,0.0,0.3,80.65,2.5
2,2023-01-03 10:27:12,2023-01-03 10:32:54,1,1.66,1,N,86,167,1,8.32,0.5,0.5,1.86,0.0,0.3,13.48,2.5
2,2023-01-02 18:04:27,2023-01-02 19:02:48,2,10.52,1,N,1,86,1,43.72,0.0,0.5,4.96,0.0,0.3,49.48,0.0
1,2023-01-04 18:49:44,2023-01-04 19:51:04,1,10.48,1,N,163,45,2,44.16,0.0,0.5,0.0,12.1,0.3,59.56,2.5
2,2023-01-28 04:38:49,2023-01-28 04:41:33,1,0.63,1,N,114,161,1,5.84,0.5,0.5,1.14,0.0,0.3,7.78,0.0
2,2023-01-31 10:15:35,2023-01-31 11:01:26,1,7.03,1,N,100,45,1,32.47,0.0,0.5,0.0,0.0,0.3,35.77,2.5
2,2023-01-31 09:05:29,2023-01-31 09:17:11,2,1.89,1,N,79,232,1,10.41,0.5,0.5,1.63,0.0,0.3,15.34,2.5
1,2023-01-11 12:53:23,2023-01-11 13:05:55,2,1.53,1,N,87,151,1,10.3,0.5,0.5,2.81,8.16,0.3,24.57,2.5
1,2023-01-09 22:19:02,2023-01-09 22:29:19,3,3.47,1,N,100,53,1,14.13,1.0,0.5,0.0,0.0,0.3,14.93,0.0
2,2023-01-11 20:54:16,2023-01-11 21:04:16,1,1.1,1,N,7,170,2,8.09,0.5,0.5,1.95,0.0,0.3,13.34,2.5
2,2023-01-26 11:45:12,2023-01-26 12:03:29,3,3.41,1,N,247,87,1,16.07,0.5,0.5,4.02,0.0,0.3,23.39,2.5
2,2023-01-08 15:57:03,2023-01-08 16:02:34,1,1.16,3,N,53,158,1,7.6,0.5,0.5,1.11,2.33,0.3,14.34,2.5
1,2023-01-17 08:39:44,2023-01-17 08:55:05,2,2.67,3,N,161,162,1,13.07,0.5,0.5,2.08,0.0,0.3,18.45,2.5
2,2023-01-21 10:10:21,2023-01-21 11:09:02,2,6.37,1,N,163,151,1,33.85,0.5,0.5,4.11,0.0,0.3,38.76,0.0
2,2023-01-12 06:02:30,2023-01-12 06:28:40,1,3.13,1,N,113,161,1,18.62,1.0,0.5,0.0,0.0,0.3,21.92,2.5
2,2023-01-15 17:14:12,2023-01-15 17:22:35,4,1.79,1,N,163,78,1,9.67,0.0,0.5,1.03,0.0,0.3,14.0,2.5
1,2023-01-21 18:26:35,2023-01-21 18:53:35,1,3.51,5,N,237,132,1,18.55,0.0,0.5,0.0,0.0,0.3,21.85,2.5
2,2023-01-25 20:37:08,2023-01-25 20:47:19,1,0.81,2,N,1,261,2,7.53,0.5,0.5,0.0,0.0,0.3,10.83,2.5
2,2023-01-06 20:53:40,2023-01-06 20:59:50,1,1.25,1,N,261,63,2,7.91,0.0,0.5,0.0,0.0,0.3,11.21,2.5
1,2023-01-16 08:08:44,2023-01-16 08:22:12,1,1.69,1,N,232,76,2,9.79,0.0,0.5,0.0,0.0,0.3,13.09,2.5
1,2023-01-05 19:38:18,2023-01-05 19:57:17,2,4.22,1,N,17,121,1,19.15,0.0,0.5,4.23,0.0,0.3,24.18,0.0
1,2023-01-01 07:05:12,2023-01-01 07:24:47,1,3.17,1,N,247,246,2,16.31,0.0,0.5,3.81,0.0,0.3,23.42,2.5
2,2023-01-21 12:28:46,2023-01-21 12:50:47,1,3.5,1,Y,17,86,1,16.93,0.0,0.5,0.0,0.0,0.3,20.23,2.5
2,2023-01-15 15:04:13,2023-01-15 15:17:03,1,2.29,1,N,114,223,1,11.95,0.5,0.5,1.63,0.0,0.3,16.88,2.5
1,2023-01-09 05:22:10,2023-01-09 05:33:37,2,1.3,1,N,101,163,3,8.84,1.0,0.5,1.28,0.0,0.3,10.92,0.0
2,2023-01-02 08:36:20,2023-01-02 09:32:14,1,7.14,1,N,186,97,1,34.98,1.0,0.5,8.87,0.0,0.3,47.15,2.5
1,2023-01-30 10:44:57,2023-01-30 10:53:43,3,1.39,1,N,158,261,1,8.7,0.0,0.5,1.02,0.0,0.3,10.52,0.0
2,2023-01-26 07:48:27,2023-01-26 08:16:44,1,3.2,1,N,63,53,1,18.19,0.0,0.5,4.39,0.0,0.3,23.38,0.0
1,2023-01-29 22:31:15,2023-01-29 22:40:37,2,2.15,1,N,132,110,1,10.21,1.0,0.5,0.0,0.0,0.3,13.51,2.5
1,2023-01-04 10:15:30,2023-01-04 10:38:27,5,3.57,1,N,202,110,1,17.42,0.5,0.5,3.2,1.91,0.3,25.83,2.5
1,2023-01-01 15:54:20,2023-01-01 16:09:07,1,1.49,1,N,17,234,1,11.0,0.5,0.5,2.27,0.0,0.3,14.07,0.0
1,2023-01-07 23:56:39,2023-01-08 00:33:05,1,5.15,1,N,163,33,1,24.72,0.5,0.5,5.89,0.0,0.3,31.41,0.0
1,2023-01-04 16:58:26,2023-01-04 17:34:39,6,6.58,1,N,100,100,1,27.19,0.0,0.5,3.28,0.0,0.3,33.77,2.5
1,2023-01-15 13:47:35,2023-01-15 14:20:56,1,4.92,1,N,163,236,1,23.56,0.0,0.5,5.85,0.0,0.3,30.21,0.0
1,2023-01-21 22:46:26,2023-01-21 22:59:21,2,2.63,1,N,33,223,1,14.01,0.5,0.5,3.55,0.0,0.3,18.36,0.0
2,2023-01-07 09:04:28,2023-01-07 09:12:14,1,1.69,1,N,87,202,1,9.59,0.5,0.5,0.0,0.0,0.3,12.89,2.5
1,2023-01-13 08:34:26,2023-01-13 09:19:04,1,19.43,1,N,33,101,1,62.44,1.0,0.5,16.78,0.0,0.3,80.02,0.0
1,2023-01-17 15:24:23,2023-01-17 15:28:29,2,1.11,1,N,163,120,4,6.78,0.0,0.5,1.74,0.0,0.3,11.82,2.5
1,2023-01-10 13:15:57,2023-01-10 14:04:13,1,4.53,1,N,132,250,2,26.73,0.0,0.5,6.37,0.0,0.3,33.9,0.0
1,2023-01-15 19:04:15,2023-01-15 19:23:56,3,3.0,1,N,129,87,1,14.54,1.0,0.5,2.97,0.0,0.3,20.81,2.5
1,2023-01-19 05:12:48,2023-01-19 05:26:55,1,2.23,1,N,163,202,1,11.68,1.0,0.5,2.87,0.0,0.3,17.85,2.5
2,2023-01-30 17:54:42,2023-01-30 18:07:04,1,2.69,1,N,161,162,2,13.02,0.0,0.5,3.59,0.0,0.3,17.41,0.0
2,2023-01-10 18:54:31,2023-01-10 19:07:34,1,1.6,1,N,162,101,2,11.06,0.5,0.5,2.37,0.0,0.3,16.73,2.5
2,2023-01-03 22:44:19,2023-01-03 23:06:51,3,3.22,2,N,129,117,2,16.47,0.5,0.5,2.37,0.0,0.3,22.14,2.5
2,2023-01-27 08:06:29,2023-01-27 08:33:45,1,2.97,1,N,234,116,2,18.03,0.0,0.5,2.61,0.0,0.3,23.94,2.5
1,2023-01-18 09:41:50,2023-01-18 11:47:13,1,17.43,2,N,236,186,1,77.54,1.0,0.5,18.86,0.0,0.3,97.2,0.0
1,2023-01-15 22:07:10,2023-01-15 22:44:11,1,5.22,1,N,158,25,1,23.61,0.0,0.5,6.57,12.23,0.3,45.71,2.5
2,2023-01-23 17:40:35,2023-01-23 18:02:45,2,3.44,1,Y,121,101,1,17.51,0.0,0.5,2.41,6.49,0.3,27.21,0.0
1,2023-01-31 04:02:45,2023-01-31 04:35:05,1,3.6,1,N,247,89,1,20.35,0.5,0.5,0.0,0.0,0.3,21.15,0.0
1,2023-01-04 06:17:38,2023-01-04 06:54:16,4,9.3,1,N,247,224,2,35.78,0.5,0.5,5.31,0.0,0.3,44.39,2.5
1,2023-01-27 19:07:08,2023-01-27 19:12:32,1,1.13,1,N,1,86,1,7.52,1.0,0.5,0.0,0.0,0.3,8.32,0.0
2,2023-01-20 16:56:30,2023-01-20 17:16:44,1,2.04,1,N,186,7,2,13.26,0.5,0.5,3.49,0.0,0.3,20.05,2.5
1,2023-01-19 16:34:10,2023-01-19 16:37:20,1,0.56,1,N,101,100,2,5.06,0.0,0.5,1.38,0.76,0.3,10.5,2.5
1,2023-01-27 21:55:55,2023-01-27 22:32:50,1,3.56,1,N,162,102,2,21.02,0.5,0.5,4.25,0.0,0.3,28.57,2.5
2,2023-01-10 09:01:21,2023-01-10 09:16:32,2,4.42,1,N,246,246,2,17.62,0.0,0.5,0.0,11.35,0.3,32.27,2.5
1,2023-01-25 08:44:25,2023-01-25 08:47:51,4,1.11,1,N,132,54,1,6.43,0.0,0.5,1.62,0.0,0.3,8.85,0.0
2,2023-01-18 17:28:51,2023-01-18 18:08:56,2,6.86,2,Y,76,59,2,29.27,0.0,0.5,0.0,0.0,0.3,30.07,0.0
2,2023-01-29 21:28:25,2023-01-29 21:39:10,3,1.36,1,N,63,45,2,8.48,0.0,0.5,0.0,0.0,0.3,11.78,2.5
1,2023-01-15 10:52:11,2023-01-15 11:05:30,3,1.81,1,N,237,224,1,10.78,0.5,0.5,1.83,5.43,0.3,21.34,2.5
1,2023-01-23 18:02:53,2023-01-23 18:20:17,1,2.56,1,N,158,163,1,12.63,0.5,0.5,1.33,0.0,0.3,17.26,2.5
1,2023-01-16 08:56:38,2023-01-16 09:42:41,1,7.73,1,N,202,247,1,32.84,0.0,0.5,4.26,0.0,0.3,40.4,2.5
2,2023-01-13 08:01:36,2023-01-13 08:05:46,2,1.23,6,N,116,224,1,6.95,0.5,0.5,0.0,0.0,0.3,7.75,0.0
1,2023-01-12 21:21:04,2023-01-12 21:32:38,6,2.91,1,N,128,158,2,13.11,0.0,0.5,1.88,5.63,0.3,23.92,2.5
1,2023-01-29 07:08:26,2023-01-29 07:24:58,3,4.18,1,N,45,186,1,17.43,0.5,0.5,0.0,0.0,0.3,18.23,0.0
2,2023-01-26 02:31:27,2023-01-26 02:50:38,2,3.58,1,N,87,232,1,15.56,0.5,0.5,2.33,0.0,0.3,21.19,2.5
1,2023-01-07 19:35:15,2023-01-07 20:07:53,1,3.68,6,N,234,113,1,21.14,0.0,0.5,0.0,0.0,0.3,24.44,2.5
1,2023-01-27 12:38:33,2023-01-27 13:10:17,2,4.14,1,N,202,1,2,20.57,1.0,0.5,2.58,0.0,0.3,23.95,0.0
2,2023-01-19 13:47:14,2023-01-19 13:55:50,2,1.54,1,N,186,246,1,8.59,0.5,0.5,1.35,0.0,0.3,13.24,2.5
1,2023-01-04 19:45:28,2023-01-04 21:00:25,4,8.3,1,N,132,33,1,41.86,1.0,0.5,5.87,0.0,0.3,48.53,0.0
1,2023-01-24 08:56:48,2023-01-24 09:07:45,2,2.15,1,N,67,202,2,11.76,1.0,0.5,0.0,0.0,0.3,12.56,0.0
1,2023-01-06 18:26:44,2023-01-06 18:34:57,1,1.95,1,N,186,113,1,10.14,0.0,0.5,2.25,9.55,0.3,25.24,2.5
1,2023-01-28 11:10:16,2023-01-28 11:40:10,2,6.43,1,N,63,79,1,26.32,1.0,0.5,6.86,0.0,0.3,36.48,2.5
1,2023-01-15 07:09:12,2023-01-15 07:16:05,1,1.46,1,N,129,247,1,8.1,0.5,0.5,1.85,0.0,0.3,13.25,2.5
1,2023-01-29 18:16:00,2023-01-29 18:50:32,1,2.97,1,N,234,223,2,19.15,0.5,0.5,4.27,0.0,0.3,24.22,0.0
2,2023-01-15 11:36:20,2023-01-15 11:41:01,2,1.36,1,N,186,117,1,6.95,1.0,0.5,1.92,0.0,0.3,9.67,0.0
1,2023-01-03 20:03:01,2023-01-03 22:43:42,3,15.48,1,N,161,45,1,82.06,0.5,0.5,0.0,0.0,0.3,85.36,2.5
1,2023-01-24 21:57:07,2023-01-24 23:17:17,2,13.22,1,N,162,100,2,55.82,0.5,0.5,6.06,0.0,0.3,62.68,0.0
2,2023-01-23 20:59:58,2023-01-23 21:09:41,1,2.15,1,N,7,170,1,11.07,0.5,0.5,0.0,0.0,0.3,11.87,0.0
2,2023-01-10 11:09:51,2023-01-10 11:27:07,1,3.46,1,N,1,167,1,16.21,1.0,0.5,0.0,0.0,0.3,17.01,0.0
1,2023-01-07 09:46:33,2023-01-07 10:08:24,1,2.35,1,N,162,17,1,14.04,1.0,0.5,0.0,0.0,0.3,17.34,2.5
2,2023-01-27 21:35:46,2023-01-27 21:51:24,2,1.8,1,N,7,158,1,10.38,0.0,0.5,2.59,0.0,0.3,13.77,0.0
2,2023-01-25 14:28:29,2023-01-25 14:41:37,2,2.56,1,N,163,161,2,12.56,0.5,0.5,1.62,0.0,0.3,14.98,0.0
2,2023-01-10 18:44:36,2023-01-10 18:55:17,1,2.27,1,N,97,76,2,10.62,0.0,0.5,2.94,0.0,0.3,16.86,2.5
1,2023-01-22 20:34:55,2023-01-22 20:41:27,1,0.75,1,N,7,158,1,6.55,1.0,0.5,1.26,0.0,0.3,11.11,2.5
2,2023-01-08 10:19:04,2023-01-08 10:33:06,2,2.85,1,N,202,116,1,13.51,0.0,0.5,3.59,0.0,0.3,20.4,2.5
1,2023-01-06 07:33:21,2023-01-06 07:56:27,1,2.27,1,N,161,36,4,14.16,0.0,0.5,0.0,0.0,0.3,17.46,2.5
1,2023-01-21 17:08:07,2023-01-21 17:21:28,2,2.96,1,N,97,162,1,13.09,0.5,0.5,1.75,0.0,0.3,15.64,0.0
2,2023-01-26 17:15:47,2023-01-26 17:33:28,3,2.21,1,N,1,151,2,13.54,0.5,0.5,2.21,0.0,0.3,16.55,0.0
2,2023-01-29 10:58:49,2023-01-29 11:08:45,1,1.79,1,N,234,151,1,9.73,0.5,0.5,1.36,0.0,0.3,11.89,0.0
1,2023-01-15 16:11:43,2023-01-15 16:38:23,1,4.51,1,Y,232,7,1,22.12,0.5,0.5,0.0,0.0,0.3,25.42,2.5
1,2023-01-05 19:35:36,2023-01-05 19:48:26,2,3.49,1,N,224,163,1,14.95,0.5,0.5,3.89,0.0,0.3,19.64,0.0
1,2023-01-17 12:17:28,2023-01-17 12:52:16,1,6.67,1,N,236,121,1,28.55,0.0,0.5,0.0,0.0,0.3,29.35,0.0
2,2023-01-22 09:27:01,2023-01-22 09:51:22,1,3.39,1,N,97,132,1,17.58,0.5,0.5,2.34,0.0,0.3,23.22,2.5
1,2023-01-31 19:14:46,2023-01-31 19:24:50,4,2.02,1,N,121,100,1,10.74,0.5,0.5,1.78,0.0,0.3,15.82,2.5
1,2023-01-04 19:34:53,2023-01-04 19:44:18,1,3.72,1,N,7,97,1,15.2,0.5,0.5,0.0,0.0,0.3,16.0,0.0
1,2023-01-21 22:33:57,2023-01-21 22:36:14,4,0.53,1,N,86,101,1,5.45,0.5,0.5,0.74,0.0,0.3,6.99,0.0
2,2023-01-16 08:37:20,2023-01-16 09:43:38,1,11.33,1,N,73,59,2,47.02,0.5,0.5,5.13,0.0,0.3,55.45,2.5
2,2023-01-19 21:18:12,2023-01-19 21:40:44,1,2.87,1,N,234,151,1,16.24,0.5,0.5,0.0,0.0,0.3,17.04,0.0
2,2023-01-03 19:34:39,2023-01-03 21:01:43,1,12.04,1,N,236,232,1,55.12,0.0,0.5,7.89,9.56,0.3,75.87,2.5
2,2023-01-01 18:43:01,2023-01-01 18:48:24,2,1.22,5,N,87,36,4,7.42,0.5,0.5,1.99,0.0,0.3,12.71,2.5
1,2023-01-19 11:43:03,2023-01-19 11:51:08,6,1.01,1,N,45,132,1,8.4,0.5,0.5,0.0,0.0,0.3,9.2,0.0
1,2023-01-07 02:34:49,2023-01-07 02:52:25,1,3.08,1,N,59,121,1,15.98,0.5,0.5,3.47,0.0,0.3,22.75,2.5
2,2023-01-20 15:17:57,2023-01-20 15:28:07,4,3.07,1,N,89,63,1,13.67,1.0,0.5,0.0,0.0,0.3,16.97,2.5
2,2023-01-01 10:31:24,2023-01-01 10:47:43,2,3.02,2,N,223,89,2,14.36,1.0,0.5,0.0,0.0,0.3,15.16,0.0
1,2023-01-25 10:32:30,2023-01-25 10:55:41,5,2.69,1,N,158,25,1,14.93,0.5,0.5,3.28,0.0,0.3,19.01,0.0
2,2023-01-11 21:57:32,2023-01-11 22:01:11,2,1.46,2,N,151,87,1,7.94,0.0,0.5,1.35,0.0,0.3,12.59,2.5
2,2023-01-14 08:22:08,2023-01-14 08:24:23,2,0.77,1,N,246,151,1,6.17,0.0,0.5,1.04,0.0,0.3,10.51,2.5
1,2023-01-11 22:19:13,2023-01-11 22:32:53,4,2.89,1,N,224,101,1,12.63,0.5,0.5,3.26,0.0,0.3,19.19,2.5
2,2023-01-13 15:44:17,2023-01-13 15:47:25,2,0.89,1,N,234,78,1,6.55,1.0,0.5,1.78,0.0,0.3,9.13,0.0
1,2023-01-17 20:38:50,2023-01-17 20:44:05,3,0.83,1,N,116,114,1,6.26,0.0,0.5,0.0,0.0,0.3,7.06,0.0
1,2023-01-21 10:25:26,2023-01-21 10:33:04,1,1.76,1,N,163,79,1,8.41,0.5,0.5,0.0,12.75,0.3,24.46,2.5
2,2023-01-22 17:00:43,2023-01-22 17:22:25,1,3.23,1,N,59,224,1,16.74,0.5,0.5,0.0,0.0,0.3,20.04,2.5
2,2023-01-31 16:42:11,2023-01-31 18:21:41,2,10.39,1,N,224,237,1,54.31,0.5,0.5,0.0,0.0,0.3,57.61,2.5
1,2023-01-06 21:44:57,2023-01-06 21:55:22,1,4.88,1,N,232,129,1,17.63,0.5,0.5,2.24,10.73,0.3,33.9,2.5
1,2023-01-28 08:55:53,2023-01-28 10:02:46,1,6.85,1,N,7,67,1,36.32,0.5,0.5,7.78,0.0,0.3,47.4,2.5
1,2023-01-19 09:30:28,2023-01-19 09:49:59,3,3.82,1,N,224,96,2,18.29,0.5,0.5,4.22,0.0,0.3,23.31,0.0
2,2023-01-10 22:30:13,2023-01-10 22:46:01,2,3.08,1,N,86,78,1,14.32,0.5,0.5,2.74,0.0,0.3,17.86,0.0
1,2023-01-29 07:12:58,2023-01-29 08:25:01,4,15.32,1,N,33,236,1,59.89,0.0,0.5,0.0,0.0,0.3,63.19,2.5
1,2023-01-22 17:27:48,2023-01-22 17:32:57,1,0.87,1,N,163,161,1,5.71,0.5,0.5,0.0,0.0,0.3,6.51,0.0
2,2023-01-06 06:00:30,2023-01-06 06:10:38,1,1.72,2,N,63,89,1,10.04,0.5,0.5,0.0,0.0,0.3,13.34,2.5
2,2023-01-06 06:30:16,2023-01-06 06:40:08,1,1.82,1,N,29,87,2,10.21,0.0,0.5,1.4,0.0,0.3,12.41,0.0
2,2023-01-21 17:42:37,2023-01-21 18:04:24,5,4.57,1,Y,7,97,2,20.31,1.0,0.5,4.21,8.0,0.3,33.32,0.0
1,2023-01-23 16:47:22,2023-01-23 16:53:46,1,1.12,1,N,101,161,1,8.15,0.5,0.5,1.3,0.0,0.3,12.75,2.5
1,2023-01-02 16:39:40,2023-01-02 17:04:02,4,4.15,1,N,54,161,2,19.06,0.5,0.5,1.91,0.0,0.3,21.77,0.0
1,2023-01-20 14:48:49,2023-01-20 15:22:56,1,3.61,1,N,97,163,1,20.82,1.0,0.5,2.17,0.0,0.3,26.29,2.5
1,2023-01-17 19:39:29,2023-01-17 19:50:57,1,4.31,1,N,45,25,2,15.96,0.5,0.5,0.0,0.0,0.3,16.76,0.0
2,2023-01-31 23:46:02,2023-02-01 00:05:52,2,4.25,1,N,63,25,1,17.9,1.0,0.5,3.48,0.0,0.3,24.68,2.5
1,2023-01-23 10:26:33,2023-01-23 11:05:46,2,7.42,1,N,103,117,1,31.07,0.5,0.5,6.76,0.0,0.3,38.63,0.0
2,2023-01-29 11:36:51,2023-01-29 11:53:10,1,2.25,1,N,97,114,2,12.91,0.5,0.5,0.0,0.0,0.3,16.21,2.5
2,2023-01-02 11:38:13,2023-01-02 12:07:22,1,3.48,1,N,76,121,1,19.83,0.0,0.5,5.44,0.0,0.3,28.57,2.5
1,2023-01-24 19:34:57,2023-01-24 19:40:31,1,1.35,1,N,170,163,2,8.7,0.5,0.5,2.18,0.74,0.3,14.92,2.5
1,2023-01-11 12:34:21,2023-01-11 12:41:13,3,1.13,1,N,7,100,1,7.37,0.5,0.5,0.0,0.0,0.3,8.17,0.0
2,2023-01-18 18:46:41,2023-01-18 19:26:24,1,8.79,1,N,1,7,1,35.06,1.0,0.5,0.0,0.0,0.3,38.36,2.5
1,2023-01-28 14:14:42,2023-01-28 14:26:50,1,1.27,1,N,100,86,1,9.68,1.0,0.5,1.34,0.0,0.3,14.32,2.5
2,2023-01-27 17:19:10,2023-01-27 17:31:10,1,3.78,2,N,232,114,1,15.84,0.0,0.5,4.35,0.0,0.3,23.49,2.5
1,2023-01-07 20:31:02,2023-01-07 20:45:10,1,3.48,1,N,151,73,1,15.15,0.5,0.5,2.98,0.0,0.3,21.43,2.5
2,2023-01-08 15:38:56,2023-01-08 16:12:16,3,5.65,1,N,246,54,1,25.5,0.0,0.5,3.7,0.0,0.3,32.5,2.5
1,2023-01-23 14:30:42,2023-01-23 14:33:54,2,0.67,1,N,17,161,1,5.42,0.5,0.5,1.25,0.0,0.3,9.97,2.5
2,2023-01-28 10:11:37,2023-01-28 10:31:18,6,4.56,1,N,162,53,2,19.22,0.5,0.5,3.61,0.0,0.3,26.13,2.5
2,2023-01-19 15:49:18,2023-01-19 16:10:36,2,2.24,1,N,113,89,1,13.76,0.5,0.5,3.84,0.0,0.3,18.4,0.0
1,2023-01-02 10:32:06,2023-01-02 10:36:36,1,1.49,1,N,17,224,1,7.79,0.5,0.5,0.88,0.0,0.3,11.97,2.5
1,2023-01-06 20:26:16,2023-01-06 20:35:30,2,1.94,1,N,97,121,1,9.96,1.0,0.5,1.6,0.0,0.3,14.86,2.5
2,2023-01-24 12:52:32,2023-01-24 13:30:35,3,5.09,1,N,76,78,1,24.67,0.5,0.5,6.65,0.0,0.3,32.12,0.0
1,2023-01-23 07:26:41,2023-01-23 08:01:50,1,4.05,1,N,54,163,1,22.35,0.0,0.5,0.0,6.28,0.3,31.93,2.5
1,2023-01-28 09:09:19,2023-01-28 09:17:41,1,2.13,1,N,25,59,1,10.68,0.5,0.5,1.67,0.0,0.3,13.15,0.0
2,2023-01-17 15:59:12,2023-01-17 16:04:28,1,1.0,1,N,121,223,1,7.76,0.5,0.5,1.62,0.0,0.3,12.68,2.5
1,2023-01-14 21:22:14,2023-01-14 21:27:14,5,1.05,1,N,29,54,1,7.06,0.5,0.5,1.55,0.0,0.3,11.91,2.5
2,2023-01-04 11:53:57,2023-01-04 12:17:17,1,4.12,1,N,151,163,1,18.93,0.0,0.5,2.21,0.0,0.3,21.94,0.0
2,2023-01-25 10:31:37,2023-01-25 10:39:09,1,0.9,1,N,67,110,2,6.82,1.0,0.5,1.0,0.0,0.3,11.12,2.5
1,2023-01-30 13:14:59,2023-01-30 13:25:04,2,2.14,1,N,224,86,1,10.9,0.0,0.5,0.0,0.0,0.3,11.7,0.0
1,2023-01-02 22:22:00,2023-01-03 00:09:49,2,17.48,1,N,237,76,4,73.93,0.0,0.5,10.66,0.0,0.3,87.89,2.5
1,2023-01-16 20:54:27,2023-01-16 21:13:29,1,3.3,1,N,116,236,1,15.89,0.5,0.5,2.68,0.0,0.3,21.87,2.5
2,2023-01-12 08:56:27,2023-01-12 09:05:54,1,4.08,1,N,132,17,1,14.83,0.5,0.5,2.38,0.0,0.3,20.51,2.5
2,2023-01-24 17:08:24,2023-01-24 17:12:45,2,1.06,1,N,89,76,2,6.37,0.5,0.5,0.0,0.0,0.3,9.67,2.5
2,2023-01-24 19:59:23,2023-01-24 20:03:07,1,0.93,1,N,163,76,2,6.27,0.0,0.5,1.3,0.0,0.3,8.37,0.0
1,2023-01-07 19:51:04,2023-01-07 19:59:42,1,4.25,1,N,97,129,2,16.16,0.5,0.5,2.86,0.0,0.3,22.32,2.5
2,2023-01-30 14:38:01,2023-01-30 14:47:21,1,1.89,1,N,261,25,1,9.32,0.5,0.5,1.27,0.0,0.3,13.89,2.5
1,2023-01-05 19:10:46,2023-01-05 19:41:36,2,5.64,1,N,33,128,1,24.94,0.5,0.5,0.0,0.0,0.3,28.24,2.5
2,2023-01-25 16:35:26,2023-01-25 16:54:41,1,2.6,3,N,101,121,1,14.43,0.0,0.5,0.0,0.0,0.3,17.73,2.5
1,2023-01-23 08:25:09,2023-01-23 11:25:09,2,33.69,1,N,97,120,1,132.0,0.5,0.5,35.82,0.0,0.3,171.12,2.5
2,2023-01-06 06:07:20,2023-01-06 06:27:45,1,1.64,1,N,97,116,1,11.91,0.5,0.5,1.56,0.0,0.3,16.77,2.5
2,2023-01-21 12:59:55,2023-01-21 13:13:10,1,3.13,1,N,79,202,1,13.77,0.5,0.5,0.0,0.0,0.3,17.07,2.5
1,2023-01-09 06:36:28,2023-01-09 06:48:24,2,1.29,1,N,170,170,1,9.28,0.0,0.5,1.96,14.64,0.3,26.68,0.0
1,2023-01-09 13:05:59,2023-01-09 13:28:11,1,5.47,1,N,132,121,1,22.79,0.5,0.5,5.61,0.0,0.3,29.2,0.0
1,2023-01-03 20:20:09,2023-01-03 20:40:33,1,3.51,1,N,33,54,2,17.48,0.5,0.5,0.0,0.0,0.3,20.78,2.5
1,2023-01-24 20:50:07,2023-01-24 20:56:49,4,1.23,1,N,116,161,2,7.19,0.0,0.5,1.76,0.0,0.3,12.25,2.5
2,2023-01-26 04:26:33,2023-01-26 04:38:07,3,1.99,1,N,202,186,2,10.77,0.5,0.5,2.22,0.0,0.3,16.29,2.5
2,2023-01-16 06:29:40,2023-01-16 06:53:31,2,7.06,1,N,162,261,2,25.52,0.5,0.5,3.78,8.24,0.3,40.84,2.5
2,2023-01-25 18:08:58,2023-01-25 18:32:16,2,6.45,1,N,186,121,1,25.01,1.0,0.5,5.47,0.0,0.3,33.78,2.5
2,2023-01-11 15:06:27,2023-01-11 15:11:28,2,0.87,1,N,232,170,1,6.73,0.0,0.5,0.68,0.0,0.3,10.71,2.5
2,2023-01-18 08:58:12,2023-01-18 09:12:31,1,1.78,1,N,202,237,2,11.82,0.5,0.5,1.99,0.0,0.3,17.11,2.5
1,2023-01-25 20:57:32,2023-01-25 21:37:22,1,9.89,1,N,110,116,1,36.79,1.0,0.5,9.36,0.0,0.3,49.45,2.5
2,2023-01-14 09:05:18,2023-01-14 09:23:41,2,2.22,1,N,120,161,1,12.61,0.5,0.5,2.58,0.0,0.3,18.49,2.5
1,2023-01-20 06:32:10,2023-01-20 07:02:01,2,2.89,1,N,234,100,2,17.76,1.0,0.5,2.61,12.26,0.3,33.43,0.0
1,2023-01-05 19:40:05,2023-01-05 20:05:53,1,5.45,1,Y,224,101,2,22.27,0.5,0.5,5.8,1.48,0.3,30.35,0.0
2,2023-01-16 17:52:43,2023-01-16 17:56:03,3,0.93,1,N,79,236,1,6.25,1.0,0.5,0.64,0.0,0.3,10.19,2.5
2,2023-01-27 13:33:38,2023-01-27 13:41:58,1,1.25,1,N,73,202,1,8.52,0.5,0.5,2.21,0.0,0.3,14.03,2.5
1,2023-01-24 18:52:09,2023-01-24 19:01:51,1,1.98,1,N,114,202,2,9.74,0.0,0.5,2.31,0.0,0.3,15.35,2.5
1,2023-01-10 21:07:33,2023-01-10 21:49:13,1,6.22,1,N,117,129,2,29.04,0.5,0.5,3.67,0.0,0.3,36.01,2.5
2,2023-01-17 04:00:53,2023-01-17 04:24:27,2,5.42,1,N,73,163,2,21.84,0.0,0.5,2.43,0.0,0.3,25.07,0.0
1,2023-01-20 17:27:49,2023-01-20 17:44:09,1,4.33,1,N,224,121,1,18.6,0.5,0.5,0.0,0.0,0.3,19.4,0.0
1,2023-01-30 09:15:27,2023-01-30 09:29:48,1,2.27,1,N,67,170,1,12.37,0.5,0.5,1.39,0.0,0.3,17.06,2.5
1,2023-01-26 14:45:03,2023-01-26 15:34:46,2,5.88,1,N,103,232,3,29.81,0.5,0.5,0.0,0.0,0.3,33.11,2.5
2,2023-01-26 13:20:38,2023-01-26 13:43:01,2,2.25,1,N,113,132,1,13.61,0.0,0.5,2.39,0.0,0.3,19.3,2.5
2,2023-01-24 13:24:30,2023-01-24 13:40:09,1,3.89,1,N,162,113,2,16.83,0.0,0.5,0.0,0.0,0.3,17.63,0.0
1,2023-01-12 08:32:55,2023-01-12 09:16:58,2,5.0,2,N,53,132,1,27.2,0.0,0.5,5.9,0.0,0.3,36.4,2.5
2,2023-01-12 19:57:33,2023-01-12 20:42:15,4,9.0,1,N,132,59,1,36.29,0.5,0.5,0.0,12.72,0.3,49.81,0.0
1,2023-01-15 12:04:44,2023-01-15 12:15:02,1,2.42,1,N,116,116,1,11.41,0.0,0.5,0.0,0.0,0.3,12.21,0.0
2,2023-01-14 21:33:31,2023-01-14 21:46:48,2,1.92,1,N,236,102,1,10.75,0.0,0.5,2.31,0.0,0.3,16.36,2.5
1,2023-01-30 12:23:32,2023-01-30 13:04:07,1,6.66,3,N,261,53,1,30.58,1.0,0.5,0.0,0.0,0.3,31.38,0.0
2,2023-01-28 20:02:19,2023-01-28 20:29:57,1,7.06,1,N,101,236,2,26.6,0.5,0.5,2.82,0.0,0.3,30.22,0.0
1,2023-01-28 16:48:24,2023-01-28 17:01:28,1,1.68,1,N,247,161,1,11.11,0.5,0.5,0.0,0.0,0.3,14.41,2.5
1,2023-01-19 12:54:17,2023-01-19 13:03:10,6,1.1,1,N,162,161,2,7.78,0.5,0.5,1.5,2.27,0.3,14.85,2.5
2,2023-01-06 18:10:27,2023-01-06 18:49:47,1,6.29,1,N,89,117,1,28.53,0.5,0.5,6.38,0.0,0.3,38.21,2.5
2,2023-01-05 19:45:57,2023-01-05 19:48:33,4,0.74,1,N,110,100,2,5.33,0.5,0.5,0.0,0.0,0.3,8.63,2.5
2,2023-01-09 14:42:20,2023-01-09 14:44:32,1,0.71,1,N,101,97,1,5.45,0.5,0.5,1.15,0.0,0.3,9.9,2.5
2,2023-01-21 13:42:27,2023-01-21 13:54:41,1,2.06,1,N,237,101,2,10.84,0.0,0.5,1.51,0.0,0.3,15.65,2.5
2,2023-01-12 16:27:56,2023-01-12 16:46:54,1,2.53,3,N,162,237,2,14.6,0.5,0.5,3.92,0.0,0.3,19.32,0.0
1,2023-01-21 16:19:09,2023-01-21 16:23:11,1,1.06,1,N,78,17,2,7.21,1.0,0.5,1.3,0.0,0.3,11.81,2.5
2,2023-01-28 13:04:15,2023-01-28 13:34:01,1,2.76,1,N,59,234,1,16.85,0.0,0.5,0.0,0.0,0.3,20.15,2.5
2,2023-01-11 19:02:29,2023-01-11 19:17:22,1,2.86,1,N,151,151,1,14.21,0.0,0.5,0.0,0.0,0.3,15.01,0.0
1,2023-01-29 13:10:24,2023-01-29 13:19:53,2,1.63,1,N,25,129,3,9.27,0.5,0.5,0.0,0.0,0.3,12.57,2.5
2,2023-01-16 14:31:20,2023-01-16 15:08:57,2,10.75,1,N,128,87,1,39.31,0.0,0.5,7.19,0.0,0.3,49.8,2.5
2,2023-01-25 17:08:46,2023-01-25 17:19:38,6,3.23,1,N,158,116,1,14.56,0.5,0.5,1.52,0.0,0.3,16.88,0.0
2,2023-01-02 23:41:29,2023-01-03 00:26:06,1,5.45,1,N,224,247,1,27.44,0.0,0.5,0.0,10.95,0.3,41.69,2.5
1,2023-01-09 10:37:21,2023-01-09 10:41:32,2,0.78,1,Y,224,103,2,6.46,0.0,0.5,1.42,0.0,0.3,11.18,2.5
1,2023-01-29 09:20:28,2023-01-29 09:26:00,1,0.78,1,N,261,114,2,6.56,0.5,0.5,1.05,0.0,0.3,10.91,2.5
2,2023-01-28 08:05:53,2023-01-28 08:26:59,1,3.3,1,N,129,151,2,16.43,1.0,0.5,0.0,0.0,0.3,17.23,0.0
2,2023-01-18 18:31:59,2023-01-18 19:14:31,1,9.4,1,N,186,59,1,37.32,0.5,0.5,0.0,15.21,0.3,53.33,0.0
2,2023-01-02 14:49:14,2023-01-02 14:56:22,4,1.1,1,N,261,100,1,7.66,1.0,0.5,0.0,0.0,0.3,8.46,0.0
2,2023-01-02 12:23:02,2023-01-02 12:36:54,1,2.61,1,N,236,236,2,12.41,0.0,0.5,1.93,0.0,0.3,17.64,2.5
1,2023-01-14 09:48:01,2023-01-14 09:51:42,1,0.93,1,N,261,224,2,5.95,0.0,0.5,1.13,0.0,0.3,7.88,0.0
1,2023-01-28 21:17:26,2023-01-28 21:21:48,1,1.36,1,N,100,29,1,6.97,0.5,0.5,0.84,0.0,0.3,11.11,2.5
2,2023-01-12 14:04:37,2023-01-12 14:18:27,1,2.7,1,N,236,202,3,13.07,0.0,0.5,1.57,0.0,0.3,15.44,0.0
2,2023-01-28 17:38:03,2023-01-28 17:46:54,1,1.62,1,N,202,167,3,9.94,0.5,0.5,1.37,0.0,0.3,14.61,2.5
2,2023-01-17 07:53:30,2023-01-17 08:01:10,2,0.88,1,N,29,250,1,7.41,1.0,0.5,1.53,0.0,0.3,12.24,2.5
2,2023-01-05 07:53:23,2023-01-05 07:56:04,2,0.86,1,N,102,186,1,5.11,0.0,0.5,1.37,0.0,0.3,7.28,0.0
1,2023-01-18 06:57:55,2023-01-18 07:00:37,1,0.57,1,N,186,224,2,4.96,1.0,0.5,0.71,0.0,0.3,6.47,0.0
1,2023-01-12 12:06:36,2023-01-12 12:24:44,1,3.34,1,N,102,101,2,16.0,0.5,0.5,3.67,0.0,0.3,22.97,2.5
2,2023-01-07 14:02:25,2023-01-07 14:22:41,1,3.66,1,N,102,63,1,17.59,0.0,0.5,2.36,0.0,0.3,20.75,0.0
1,2023-01-21 09:34:35,2023-01-21 09:52:47,1,3.65,1,N,101,53,3,16.35,0.5,0.5,3.51,0.0,0.3,23.16,2.5
1,2023-01-07 12:57:08,2023-01-07 13:02:10,1,1.18,1,N,29,158,2,6.59,0.5,0.5,0.82,0.0,0.3,10.71,2.5
1,2023-01-29 00:59:28,2023-01-29 01:19:44,1,4.98,1,N,29,25,2,20.49,0.5,0.5,0.0,0.0,0.3,23.79,2.5
1,2023-01-25 12:16:19,2023-01-25 12:28:39,1,3.98,1,N,25,151,1,16.32,0.5,0.5,3.81,2.95,0.3,26.38,2.5
2,2023-01-25 07:22:10,2023-01-25 07:34:25,1,2.35,1,N,63,232,1,12.06,0.5,0.5,0.0,0.0,0.3,15.36,2.5
1,2023-01-03 07:39:23,2023-01-03 07:45:29,2,2.08,1,Y,161,59,1,9.29,0.5,0.5,0.95,0.0,0.3,13.54,2.5
2,2023-01-30 00:54:38,2023-01-30 01:00:08,2,1.44,1,N,103,202,1,8.86,0.5,0.5,2.22,0.0,0.3,11.88,0.0
1,2023-01-16 18:10:34,2023-01-16 18:26:22,1,2.7,1,N,97,158,1,13.65,0.0,0.5,1.74,0.0,0.3,18.69,2.5
1,2023-01-23 22:58:57,2023-01-24 00:23:48,1,7.87,1,N,117,224,2,43.99,1.0,0.5,8.62,0.0,0.3,55.91,2.5
1,2023-01-06 17:49:16,2023-01-06 18:19:40,2,5.49,1,N,114,110,1,24.0,0.0,0.5,5.76,0.0,0.3,33.06,2.5
2,2023-01-24 07:04:41,2023-01-24 07:10:47,1,1.93,1,N,161,224,1,9.91,0.5,0.5,2.12,0.0,0.3,12.83,0.0
2,2023-01-10 23:50:33,2023-01-11 00:17:26,5,3.5,3,N,120,234,1,18.76,0.5,0.5,4.64,5.57,0.3,29.77,0.0
1,2023-01-22 23:38:52,2023-01-22 23:44:31,2,1.02,1,N,120,73,2,7.12,0.0,0.5,0.0,0.0,0.3,7.92,0.0
1,2023-01-09 14:58:54,2023-01-09 15:20:39,2,4.05,1,N,170,161,2,17.99,0.5,0.5,4.25,0.0,0.3,23.04,0.0
2,2023-01-29 07:12:42,2023-01-29 07:17:42,1,1.25,1,N,79,45,1,7.92,0.0,0.5,1.22,0.0,0.3,9.94,0.0
2,2023-01-22 18:59:25,2023-01-22 19:25:28,1,3.93,1,Y,234,223,1,19.72,0.0,0.5,0.0,0.0,0.3,23.02,2.5
1,2023-01-15 22:02:32,2023-01-16 00:55:14,1,21.69,1,N,116,79,1,100.91,0.5,0.5,19.2,0.0,0.3,120.91,0.0
1,2023-01-15 19:04:39,2023-01-15 19:11:41,1,1.53,5,N,202,120,2,8.61,1.0,0.5,1.77,0.0,0.3,11.18,0.0
1,2023-01-01 17:26:48,2023-01-01 20:05:48,3,20.95,1,N,167,158,2,95.09,0.5,0.5,21.35,14.67,0.3,134.41,2.5
1,2023-01-10 17:39:13,2023-01-10 18:18:04,4,3.38,1,N,100,236,2,21.07,1.0,0.5,4.21,0.0,0.3,28.58,2.5
1,2023-01-25 23:10:52,2023-01-25 23:14:38,5,1.33,6,N,45,236,2,8.41,0.5,0.5,1.92,2.07,0.3,15.7,2.5
2,2023-01-26 06:16:48,2023-01-26 06:21:59,1,1.29,1,N,87,76,2,7.25,0.5,0.5,0.0,0.0,0.3,10.55,2.5
1,2023-01-31 08:23:05,2023-01-31 09:01:39,4,13.79,1,N,151,67,1,46.53,1.0,0.5,7.96,0.0,0.3,55.29,0.0
2,2023-01-03 20:07:16,2023-01-03 20:21:10,2,3.39,1,N,247,25,1,14.77,0.5,0.5,3.91,9.64,0.3,31.62,2.5
1,2023-01-08 08:10:14,2023-01-08 08:16:59,1,1.53,1,N,25,121,1,8.25,0.5,0.5,0.0,0.0,0.3,11.55,2.5
2,2023-01-24 12:08:34,2023-01-24 12:18:33,4,2.01,2,N,110,36,1,11.15,0.5,0.5,1.4,0.0,0.3,15.85,2.5
1,2023-01-12 10:57:12,2023-01-12 11:17:02,5,3.23,1,N,87,261,1,15.36,0.5,0.5,0.0,15.71,0.3,34.37,2.5
2,2023-01-08 09:56:18,2023-01-08 10:07:13,1,2.32,1,N,63,97,1,11.25,1.0,0.5,0.0,0.0,0.3,12.05,0.0
2,2023-01-09 02:37:11,2023-01-09 02:58:34,2,3.03,1,N,161,89,1,16.02,0.5,0.5,2.92,0.0,0.3,22.24,2.5
2,2023-01-29 16:41:04,2023-01-29 17:57:05,2,8.85,1,N,237,72,1,44.77,1.0,0.5,10.21,15.82,0.3,74.1,2.5
1,2023-01-27 13:08:27,2023-01-27 13:14:56,2,1.0,1,N,128,53,2,7.48,0.5,0.5,1.4,7.38,0.3,17.06,0.0
1,2023-01-01 16:03:19,2023-01-01 16:16:35,1,3.79,2,N,161,132,1,16.6,0.5,0.5,4.35,0.0,0.3,24.25,2.5
2,2023-01-27 11:22:30,2023-01-27 11:42:47,1,2.22,1,N,29,33,1,13.8,0.5,0.5,3.56,0.0,0.3,20.66,2.5
1,2023-01-18 22:59:12,2023-01-18 23:13:49,6,1.61,1,N,89,234,1,10.58,0.0,0.5,2.02,0.0,0.3,15.9,2.5
1,2023-01-27 17:28:17,2023-01-27 17:52:11,1,5.23,1,N,7,132,1,22.48,0.5,0.5,6.14,0.0,0.3,31.92,2.5
1,2023-01-20 22:48:53,2023-01-20 22:54:06,1,0.78,1,N,120,234,3,5.57,0.5,0.5,0.85,15.41,0.3,25.13,2.5
1,2023-01-22 12:22:48,2023-01-22 12:24:42,1,0.4,1,N,67,132,1,3.62,0.5,0.5,0.0,0.0,0.3,6.92,2.5
1,2023-01-18 00:18:15,2023-01-18 00:29:07,1,2.77,1,N,113,202,2,13.13,0.5,0.5,2.9,0.0,0.3,19.33,2.5
1,2023-01-23 19:48:09,2023-01-23 19:58:16,1,2.11,1,N,162,121,2,10.91,0.5,0.5,2.22,0.0,0.3,13.93,0.0
1,2023-01-26 20:28:58,2023-01-26 20:35:09,1,0.85,1,N,224,170,2,7.15,1.0,0.5,1.04,0.0,0.3,11.49,2.5
1,2023-01-16 06:43:40,2023-01-16 06:45:57,3,0.65,1,N,76,63,1,4.77,0.0,0.5,0.8,0.0,0.3,8.87,2.5
1,2023-01-04 17:43:29,2023-01-04 18:26:25,1,9.95,1,N,1,45,1,39.25,0.0,0.5,5.57,0.0,0.3,45.62,0.0
1,2023-01-03 18:43:41,2023-01-03 19:02:25,5,3.31,2,N,161,29,1,16.3,1.0,0.5,2.33,0.0,0.3,21.93,2.5
1,2023-01-13 08:40:13,2023-01-13 08:53:53,3,2.37,1,N,236,78,2,12.33,0.0,0.5,2.05,0.0,0.3,15.18,0.0
2,2023-01-15 16:48:25,2023-01-15 17:48:40,1,12.14,1,N,7,73,3,48.52,1.0,0.5,12.92,0.0,0.3,64.74,2.5
1,2023-01-27 09:27:23,2023-01-27 09:59:51,1,5.04,1,N,101,110,2,23.89,0.5,0.5,5.98,6.48,0.3,39.65,2.5
1,2023-01-02 01:18:43,2023-01-02 02:52:31,1,8.82,3,N,151,110,1,48.07,0.5,0.5,9.24,0.0,0.3,58.11,0.0
1,2023-01-28 20:30:11,2023-01-28 20:34:21,6,0.97,1,Y,29,116,1,6.28,0.5,0.5,1.17,0.0,0.3,10.75,2.5
1,2023-01-02 15:19:29,2023-01-02 15:23:37,2,0.94,1,N,63,113,1,6.55,0.5,0.5,0.0,12.89,0.3,20.24,0.0
2,2023-01-16 19:02:50,2023-01-16 19:53:51,3,3.72,1,N,129,67,4,24.85,0.0,0.5,4.55,0.0,0.3,32.7,2.5
1,2023-01-14 18:21:11,2023-01-14 18:36:13,6,3.19,1,N,224,25,1,14.0,0.0,0.5,2.97,0.0,0.3,20.27,2.5
2,2023-01-18 23:30:07,2023-01-18 23:47:38,1,5.97,1,N,53,261,1,22.45,0.5,0.5,0.0,2.41,0.3,25.66,0.0
1,2023-01-02 13:31:49,2023-01-02 13:37:52,4,0.69,1,N,161,87,1,6.66,0.5,0.5,1.09,0.0,0.3,8.55,0.0
2,2023-01-24 13:20:52,2023-01-24 13:44:13,2,3.97,1,N,129,202,1,19.3,0.0,0.5,5.12,0.0,0.3,25.22,0.0
2,2023-01-05 10:43:25,2023-01-05 11:13:31,1,4.91,5,N,163,151,1,23.07,0.0,0.5,5.8,0.0,0.3,29.67,0.0
2,2023-01-25 17:17:02,2023-01-25 17:31:24,4,4.72,1,N,232,129,1,18.8,0.5,0.5,2.16,0.0,0.3,24.26,2.5
1,2023-01-18 14:38:32,2023-01-18 14:44:57,2,1.72,1,N,161,76,1,9.4,0.5,0.5,2.47,0.0,0.3,15.17,2.5
2,2023-01-28 19:16:17,2023-01-28 19:43:50,1,3.45,1,N,170,59,1,18.56,0.5,0.5,2.6,0.0,0.3,24.46,2.5
2,2023-01-31 12:59:35,2023-01-31 13:06:09,1,1.31,1,N,79,186,1,6.86,1.0,0.5,0.0,0.0,0.3,7.66,0.0
1,2023-01-27 07:38:08,2023-01-27 07:42:37,2,1.88,1,N,100,170,1,9.4,0.5,0.5,2.01,12.29,0.3,24.5,0.0
1,2023-01-15 20:33:48,2023-01-15 20:41:33,2,1.07,1,N,170,246,2,7.17,0.5,0.5,1.25,0.0,0.3,9.22,0.0
2,2023-01-13 20:25:41,2023-01-13 20:33:16,1,1.32,1,N,113,25,2,7.63,0.5,0.5,0.0,0.0,0.3,10.93,2.5
1,2023-01-21 12:45:38,2023-01-21 12:54:48,1,1.95,1,N,117,116,2,9.62,0.5,0.5,1.94,0.0,0.3,14.86,2.5
2,2023-01-21 18:25:30,2023-01-21 18:37:11,1,1.62,1,N,86,7,1,11.21,1.0,0.5,0.0,0.0,0.3,12.01,0.0
2,2023-01-25 15:48:13,2023-01-25 15:52:04,2,1.32,1,N,25,132,2,7.49,0.0,0.5,0.0,0.0,0.3,8.29,0.0
1,2023-01-15 19:09:56,2023-01-15 19:15:57,2,0.88,1,N,224,128,1,6.19,0.5,0.5,0.0,0.0,0.3,9.49,2.5
1,2023-01-15 13:49:15,2023-01-15 15:28:00,3,10.18,1,N,87,163,1,52.8,0.0,0.5,13.35,0.0,0.3,69.45,2.5
1,2023-01-04 15:57:21,2023-01-04 16:08:35,1,1.61,1,N,102,117,2,9.84,0.5,0.5,1.82,0.0,0.3,12.46,0.0
1,2023-01-06 06:14:55,2023-01-06 06:28:18,1,3.0,1,N,163,113,1,14.12,0.5,0.5,0.0,0.0,0.3,14.92,0.0
2,2023-01-26 08:13:02,2023-01-26 08:17:54,1,0.63,1,N,113,25,1,5.94,0.0,0.5,0.85,0.0,0.3,7.59,0.0
2,2023-01-31 19:57:07,2023-01-31 20:30:10,4,6.48,1,N,78,158,1,27.0,0.5,0.5,6.72,0.0,0.3,34.52,0.0
2,2023-01-19 12:24:45,2023-01-19 12:36:59,1,2.65,1,N,110,113,2,12.84,0.5,0.5,2.72,0.0,0.3,16.36,0.0
2,2023-01-11 04:41:22,2023-01-11 04:56:35,1,1.68,1,N,113,151,2,10.7,1.0,0.5,1.9,0.0,0.3,15.9,2.5
2,2023-01-02 08:11:34,2023-01-02 08:23:32,1,1.69,1,N,76,162,1,10.74,1.0,0.5,0.0,0.0,0.3,11.54,0.0
2,2023-01-02 13:25:34,2023-01-02 13:48:04,1,4.49,1,N,128,45,1,19.88,0.5,0.5,0.0,0.0,0.3,23.18,2.5
1,2023-01-21 18:42:49,2023-01-21 18:43:57,2,0.26,1,N,7,63,1,3.56,0.0,0.5,0.48,0.0,0.3,7.34,2.5
2,2023-01-20 12:53:37,2023-01-20 13:02:27,1,1.26,1,N,161,76,1,8.71,1.0,0.5,1.49,0.0,0.3,13.5,2.5
1,2023-01-09 19:26:25,2023-01-09 19:37:58,2,2.14,1,N,186,158,1,11.43,0.5,0.5,1.93,0.0,0.3,14.16,0.0
2,2023-01-06 20:04:32,2023-01-06 20:18:02,1,2.12,1,N,67,261,1,11.44,1.0,0.5,1.3,0.0,0.3,16.04,2.5
1,2023-01-03 12:24:44,2023-01-03 13:31:12,1,15.32,2,N,261,72,2,58.29,0.5,0.5,9.33,0.0,0.3,68.42,0.0
2,2023-01-22 19:38:22,2023-01-22 19:46:54,2,1.82,1,N,76,234,3,10.0,1.0,0.5,2.37,0.0,0.3,15.67,2.5
2,2023-01-19 07:52:10,2023-01-19 08:24:36,1,4.92,1,N,79,78,1,24.01,0.5,0.5,3.5,0.0,0.3,28.31,0.0
1,2023-01-11 13:50:29,2023-01-11 14:33:53,1,9.1,1,N,132,186,1,36.96,0.0,0.5,0.0,12.56,0.3,52.82,2.5
1,2023-01-23 07:45:59,2023-01-23 08:11:53,1,3.87,1,N,101,36,2,19.04,0.5,0.5,5.18,14.36,0.3,41.88,2.5
1,2023-01-27 05:09:06,2023-01-27 05:15:52,2,1.41,1,N,247,25,1,7.38,0.0,0.5,1.04,0.0,0.3,11.72,2.5
1,2023-01-17 06:31:10,2023-01-17 06:35:25,2,0.89,1,N,117,29,1,6.38,0.5,0.5,0.0,0.0,0.3,7.18,0.0
1,2023-01-09 07:34:59,2023-01-09 07:44:29,1,4.09,1,N,237,224,1,15.77,0.0,0.5,1.95,0.0,0.3,21.02,2.5
2,2023-01-01 20:28:49,2023-01-01 21:21:01,2,8.03,1,N,247,29,1,36.15,0.5,0.5,8.12,1.23,0.3,48.8,2.5
1,2023-01-25 16:55:07,2023-01-25 17:16:22,1,3.52,1,N,232,17,1,15.61,0.5,0.5,2.92,0.0,0.3,19.33,0.0
1,2023-01-18 22:57:12,2023-01-18 23:40:22,3,5.9,1,N,129,121,1,28.88,1.0,0.5,5.95,0.0,0.3,35.63,0.0
2,2023-01-11 16:12:41,2023-01-11 18:31:12,2,16.35,1,N,101,100,2,78.05,1.0,0.5,18.74,0.0,0.3,97.59,0.0
2,2023-01-01 17:57:46,2023-01-01 18:27:34,1,4.38,1,N,102,33,1,21.75,0.0,0.5,0.0,0.0,0.3,22.55,0.0
1,2023-01-26 08:50:44,2023-01-26 08:55:15,3,1.02,1,N,132,59,2,7.53,0.5,0.5,1.45,0.0,0.3,9.78,0.0
2,2023-01-29 16:42:51,2023-01-29 16:53:21,1,2.43,1,N,103,67,1,11.58,1.0,0.5,3.0,0.0,0.3,17.88,2.5
1,2023-01-15 12:22:30,2023-01-15 12:55:56,1,6.54,1,N,261,232,1,27.93,0.5,0.5,7.48,0.0,0.3,38.71,2.5
2,2023-01-09 22:45:52,2023-01-09 22:58:17,1,1.94,1,N,59,89,1,10.97,0.0,0.5,2.34,0.0,0.3,16.61,2.5
1,2023-01-20 22:35:35,2023-01-20 23:25:33,2,7.24,1,N,17,79,2,33.86,1.0,0.5,3.62,0.0,0.3,40.78,2.5
2,2023-01-28 08:53:28,2023-01-28 09:11:32,1,2.23,1,N,158,162,1,13.15,0.5,0.5,0.0,0.0,0.3,16.45,2.5
1,2023-01-19 17:42:38,2023-01-19 18:03:54,1,3.01,1,N,236,76,1,15.59,0.5,0.5,4.06,0.0,0.3,20.45,0.0
2,2023-01-01 17:57:25,2023-01-01 18:14:15,4,1.8,1,N,79,1,1,11.26,0.0,0.5,0.0,0.0,0.3,14.56,2.5
2,2023-01-07 16:25:36,2023-01-07 16:34:37,4,2.64,1,N,87,113,4,12.65,1.0,0.5,0.0,0.0,0.3,15.95,2.5
1,2023-01-04 07:04:50,2023-01-04 07:12:38,3,2.74,1,N,234,132,3,12.02,1.0,0.5,0.0,0.0,0.3,12.82,0.0
2,2023-01-13 18:29:57,2023-01-13 18:38:18,1,0.7,1,N,163,120,2,7.25,1.0,0.5,0.0,0.0,0.3,10.55,2.5
1,2023-01-14 19:59:34,2023-01-14 20:08:10,2,1.68,1,N,247,120,1,9.55,0.0,0.5,2.33,0.0,0.3,15.18,2.5
2,2023-01-17 12:39:00,2023-01-17 12:43:47,1,0.93,1,N,132,161,1,7.01,0.0,0.5,1.81,0.0,0.3,12.12,2.5
2,2023-01-24 15:42:37,2023-01-24 15:51:42,1,1.72,1,N,29,25,1,9.12,1.0,0.5,1.1,0.0,0.3,11.02,0.0
2,2023-01-04 07:37:15,2023-01-04 07:46:29,1,1.29,1,N,116,224,1,8.58,1.0,0.5,0.88,0.0,0.3,12.76,2.5
2,2023-01-30 22:35:14,2023-01-30 22:54:37,3,5.0,1,N,158,29,2,20.6,1.0,0.5,3.45,0.0,0.3,27.35,2.5
2,2023-01-09 07:03:52,2023-01-09 07:28:32,1,5.04,1,N,128,234,1,22.41,0.5,0.5,3.82,0.0,0.3,27.03,0.0
1,2023-01-17 09:24:26,2023-01-17 09:38:11,1,3.56,1,N,261,250,1,16.67,0.0,0.5,3.99,0.0,0.3,23.96,2.5
1,2023-01-07 11:05:47,2023-01-07 11:12:35,1,0.9,2,N,101,151,2,7.16,0.5,0.5,0.0,0.0,0.3,10.46,2.5
2,2023-01-12 20:20:22,2023-01-12 20:41:22,2,2.17,1,N,232,161,1,13.35,0.0,0.5,3.17,0.0,0.3,19.82,2.5
1,2023-01-26 18:43:36,2023-01-26 18:47:43,2,0.85,1,N,54,87,1,5.56,0.5,0.5,1.09,0.0,0.3,9.95,2.5
2,2023-01-02 00:48:39,2023-01-02 01:05:53,1,2.09,1,N,7,102,1,12.08,0.0,0.5,2.73,0.0,0.3,18.11,2.5
2,2023-01-15 08:13:53,2023-01-15 08:28:26,2,3.8,1,N,17,129,1,15.75,0.5,0.5,3.02,0.0,0.3,22.07,2.5
1,2023-01-19 19:39:11,2023-01-19 20:42:20,1,4.92,1,N,132,45,1,29.64,0.5,0.5,7.18,0.0,0.3,40.12,2.5
2,2023-01-18 13:13:33,2023-01-18 13:36:23,1,3.34,1,N,87,45,1,16.72,1.0,0.5,2.99,0.0,0.3,20.51,0.0
1,2023-01-12 02:12:24,2023-01-12 02:55:51,1,6.01,1,N,132,114,2,29.25,0.0,0.5,4.75,0.0,0.3,37.3,2.5
2,2023-01-12 22:57:27,2023-01-12 23:15:53,1,2.84,1,N,33,63,2,14.75,1.0,0.5,3.16,13.65,0.3,34.86,2.5
2,2023-01-29 08:36:50,2023-01-29 08:46:59,6,1.96,1,N,121,234,1,10.31,0.0,0.5,1.86,0.67,0.3,16.14,2.5
2,2023-01-08 15:11:08,2023-01-08 15:33:19,2,4.51,1,N,76,128,2,19.01,1.0,0.5,2.94,0.0,0.3,22.75,0.0
2,2023-01-15 09:08:32,2023-01-15 09:29:15,1,4.62,1,N,129,25,1,20.26,0.5,0.5,5.36,0.0,0.3,28.92,2.5
2,2023-01-12 19:02:23,2023-01-12 19:09:10,5,1.58,1,N,1,25,1,8.9,0.0,0.5,2.05,0.0,0.3,11.75,0.0
2,2023-01-24 19:29:53,2023-01-24 19:48:52,2,3.11,1,N,158,110,1,15.52,0.5,0.5,2.1,0.0,0.3,20.92,2.5
2,2023-01-25 13:06:12,2023-01-25 13:11:01,1,1.88,1,N,73,223,1,7.81,0.0,0.5,0.0,13.71,0.3,24.82,2.5
2,2023-01-27 18:35:13,2023-01-27 18:36:58,4,0.52,1,N,72,224,1,4.49,0.5,0.5,0.65,0.0,0.3,8.44,2.5
2,2023-01-03 21:26:05,2023-01-03 21:47:01,2,3.25,1,N,170,79,2,16.58,0.5,0.5,2.95,0.0,0.3,20.33,0.0
1,2023-01-04 20:38:26,2023-01-04 20:43:47,2,0.89,1,N,53,261,2,6.55,0.5,0.5,0.0,0.0,0.3,9.85,2.5
1,2023-01-12 13:12:00,2023-01-12 13:31:25,1,2.99,1,N,114,97,1,15.43,0.5,0.5,1.86,0.0,0.3,20.59,2.5
1,2023-01-14 14:08:30,2023-01-14 14:12:11,1,0.74,1,N,236,247,1,6.11,0.5,0.5,1.05,0.0,0.3,10.46,2.5
1,2023-01-02 21:06:13,2023-01-02 21:17:28,3,1.36,1,N,224,236,1,9.29,0.0,0.5,0.0,0.0,0.3,12.59,2.5
1,2023-01-28 04:05:24,2023-01-28 04:18:27,2,1.69,1,N,261,110,2,10.81,0.5,0.5,0.0,0.0,0.3,14.11,2.5
1,2023-01-28 02:04:36,2023-01-28 03:19:42,3,5.76,1,N,129,237,1,35.75,1.0,0.5,4.06,0.0,0.3,43.11,2.5
1,2023-01-14 09:15:41,2023-01-14 09:26:08,2,1.57,1,N,113,237,1,8.93,0.5,0.5,1.29,0.0,0.3,11.02,0.0
2,2023-01-24 20:48:03,2023-01-24 20:52:01,4,1.04,1,N,114,1,2,6.83,0.0,0.5,0.0,0.0,0.3,7.63,0.0
2,2023-01-18 08:36:08,2023-01-18 08:54:44,1,3.07,1,N,234,53,1,15.67,0.0,0.5,3.23,0.0,0.3,22.2,2.5
2,2023-01-21 10:15:19,2023-01-21 10:27:07,1,1.99,1,N,247,163,2,11.19,0.5,0.5,1.69,0.0,0.3,16.18,2.5
1,2023-01-28 17:55:31,2023-01-28 18:17:17,1,4.23,1,N,73,89,1,19.08,1.0,0.5,0.0,0.0,0.3,22.38,2.5
2,2023-01-03 08:45:53,2023-01-03 08:55:05,1,1.1,1,N,86,128,2,7.89,1.0,0.5,0.0,0.0,0.3,8.69,0.0
1,2023-01-08 11:46:08,2023-01-08 12:01:39,1,2.74,1,N,163,161,2,13.84,0.5,0.5,2.05,0.0,0.3,19.19,2.5
2,2023-01-14 14:53:04,2023-01-14 15:53:53,1,14.91,1,N,17,97,1,55.67,0.5,0.5,12.99,0.0,0.3,71.96,2.5
2,2023-01-28 09:44:37,2023-01-28 09:54:35,1,1.96,1,N,128,87,1,10.62,0.5,0.5,2.34,0.0,0.3,13.76,0.0
1,2023-01-19 23:57:58,2023-01-20 00:08:34,2,2.69,1,N,67,163,1,13.68,0.5,0.5,0.0,0.0,0.3,16.98,2.5
2,2023-01-13 08:19:49,2023-01-13 08:22:11,1,0.67,1,N,170,167,1,4.81,0.0,0.5,0.0,0.0,0.3,8.11,2.5
2,2023-01-01 20:51:33,2023-01-01 20:57:01,1,1.23,1,N,113,1,1,9.06,0.5,0.5,0.0,0.0,0.3,9.86,0.0
1,2023-01-19 14:06:01,2023-01-19 14:30:46,1,3.3,1,N,128,232,1,16.81,0.5,0.5,3.47,0.0,0.3,23.58,2.5
2,2023-01-09 07:18:34,2023-01-09 07:30:30,1,1.83,1,N,17,186,1,10.75,1.0,0.5,0.0,0.0,0.3,14.05,2.5
1,2023-01-11 07:53:27,2023-01-11 08:03:38,2,3.71,1,N,247,167,2,14.23,0.5,0.5,2.53,0.0,0.3,17.56,0.0
1,2023-01-31 15:08:26,2023-01-31 15:24:47,1,3.22,1,N,128,117,1,15.29,0.5,0.5,3.36,0.0,0.3,21.95,2.5
1,2023-01-17 12:30:29,2023-01-17 12:35:07,1,0.87,1,N,73,89,1,6.83,0.5,0.5,0.0,0.0,0.3,10.13,2.5
2,2023-01-05 09:20:33,2023-01-05 10:00:17,1,5.01,1,N,72,113,1,25.48,0.5,0.5,6.83,0.0,0.3,35.61,2.5
2,2023-01-02 22:06:43,2023-01-02 22:12:10,1,0.92,1,N,79,63,1,7.15,0.0,0.5,1.06,0.0,0.3,9.01,0.0
2,2023-01-13 14:14:11,2023-01-13 14:19:56,2,1.32,1,N,121,17,1,7.53,0.5,0.5,1.37,0.0,0.3,9.7,0.0
2,2023-01-03 21:32:04,2023-01-03 21:47:53,5,2.78,1,N,129,67,1,12.88,1.0,0.5,0.0,0.0,0.3,16.18,2.5
1,2023-01-14 08:37:03,2023-01-14 09:29:53,1,7.58,1,N,186,117,1,35.47,0.5,0.5,8.2,14.26,0.3,61.23,2.5
2,2023-01-13 08:40:24,2023-01-13 08:47:25,1,1.1,1,N,17,132,2,7.52,1.0,0.5,1.73,0.0,0.3,10.05,0.0
1,2023-01-28 17:07:30,2023-01-28 17:16:59,3,2.61,1,N,87,234,1,11.66,1.0,0.5,2.72,0.0,0.3,15.18,0.0
1,2023-01-11 10:19:47,2023-01-11 10:31:27,2,2.63,1,N,72,186,1,12.29,0.5,0.5,0.0,0.0,0.3,15.59,2.5
2,2023-01-09 08:06:26,2023-01-09 08:24:19,1,3.83,1,N,234,117,2,17.25,0.0,0.5,0.0,0.0,0.3,18.05,0.0
2,2023-01-20 07:00:31,2023-01-20 07:28:03,2,5.69,1,N,89,234,1,23.7,0.5,0.5,3.03,15.28,0.3,45.31,2.5
1,2023-01-20 06:23:58,2023-01-20 06:39:29,4,1.73,1,N,234,163,2,11.39,0.5,0.5,0.0,0.0,0.3,12.19,0.0
1,2023-01-02 19:37:44,2023-01-02 20:03:31,1,5.0,2,N,120,120,2,22.54,0.5,0.5,3.57,0.0,0.3,26.91,0.0
2,2023-01-03 10:22:41,2023-01-03 10:46:53,2,6.35,1,N,110,120,1,25.96,0.5,0.5,3.11,0.0,0.3,29.87,0.0
2,2023-01-06 23:02:21,2023-01-06 23:58:42,3,8.92,1,N,114,45,2,40.09,0.5,0.5,4.94,12.23,0.3,60.56,2.5
2,2023-01-25 08:13:09,2023-01-25 08:26:36,1,3.41,1,N,132,161,1,14.97,0.0,0.5,2.83,0.0,0.3,18.6,0.0
1,2023-01-07 12:25:55,2023-01-07 12:38:08,4,2.63,2,N,1,76,2,12.76,0.5,0.5,2.25,0.0,0.3,18.31,2.5
1,2023-01-31 12:21:33,2023-01-31 12:28:24,5,1.64,1,N,132,162,1,8.61,1.0,0.5,1.89,0.0,0.3,13.8,2.5
1,2023-01-14 15:49:04,2023-01-14 15:53:26,2,0.78,1,Y,100,247,1,5.81,0.5,0.5,1.22,0.0,0.3,10.33,2.5
1,2023-01-29 20:35:28,2023-01-29 20:43:13,1,1.9,5,N,101,186,1,10.13,0.0,0.5,0.0,0.0,0.3,10.93,0.0
1,2023-01-08 20:59:05,2023-01-08 21:24:32,2,2.55,1,N,161,247,1,15.59,0.5,0.5,2.39,0.0,0.3,18.78,0.0
1,2023-01-14 00:10:58,2023-01-14 00:23:10,2,2.16,1,N,114,170,1,11.63,0.0,0.5,0.0,0.0,0.3,14.93,2.5
2,2023-01-05 13:22:31,2023-01-05 13:38:29,1,3.66,1,N,132,224,1,15.66,0.0,0.5,0.0,0.0,0.3,18.96,2.5
1,2023-01-27 20:05:47,2023-01-27 20:09:49,1,0.79,1,N,63,17,1,6.67,0.5,0.5,1.71,0.0,0.3,11.68,2.5
1,2023-01-19 00:01:28,2023-01-19 00:09:09,1,2.04,4,N,151,236,1,9.86,0.5,0.5,0.0,12.55,0.3,25.71,2.5
2,2023-01-03 15:55:01,2023-01-03 16:58:25,1,10.44,1,N,114,261,1,45.5,0.0,0.5,12.02,0.0,0.3,60.82,2.5
1,2023-01-24 10:29:38,2023-01-24 11:04:26,2,4.94,1,N,73,67,2,23.7,0.0,0.5,6.04,0.0,0.3,30.54,0.0
1,2023-01-28 13:39:39,2023-01-28 14:19:13,3,3.71,1,N,36,246,1,21.79,0.0,0.5,3.95,0.0,0.3,29.04,2.5
2,2023-01-22 13:16:13,2023-01-22 13:36:08,1,3.14,1,N,128,158,2,16.5,1.0,0.5,3.65,0.0,0.3,23.45,2.5
1,2023-01-26 13:03:42,2023-01-26 13:12:04,2,1.78,1,N,86,78,2,9.23,0.0,0.5,1.37,0.0,0.3,13.9,2.5
1,2023-01-09 21:53:13,2023-01-09 21:55:54,2,0.63,1,N,261,101,1,4.47,0.5,0.5,0.0,0.0,0.3,7.77,2.5
2,2023-01-14 15:39:41,2023-01-14 16:11:49,1,3.3,1,N,100,162,1,18.76,0.0,0.5,0.0,0.0,0.3,22.06,2.5
1,2023-01-27 21:42:44,2023-01-27 21:44:05,2,0.37,1,N,25,79,2,4.69,0.5,0.5,0.88,0.0,0.3,6.37,0.0
1,2023-01-19 19:32:08,2023-01-19 19:47:17,1,1.83,1,N,167,76,1,11.75,0.0,0.5,1.23,0.0,0.3,16.28,2.5
1,2023-01-19 12:24:17,2023-01-19 12:38:14,1,2.33,1,N,234,186,1,11.93,0.5,0.5,0.0,0.0,0.3,15.23,2.5
2,2023-01-24 15:25:09,2023-01-24 15:37:00,1,1.67,1,N,234,129,1,9.82,0.5,0.5,0.0,0.0,0.3,13.12,2.5
1,2023-01-20 13:45:43,2023-01-20 14:43:55,5,11.92,1,N,186,67,1,47.69,0.5,0.5,10.81,0.0,0.3,61.8,2.5
1,2023-01-04 20:13:14,2023-01-04 21:03:58,5,9.19,1,Y,129,161,1,39.32,0.0,0.5,0.0,0.0,0.3,40.12,0.0
2,2023-01-07 08:20:38,2023-01-07 08:43:05,2,5.08,1,N,261,161,2,21.28,0.0,0.5,5.9,0.0,0.3,27.98,0.0
1,2023-01-25 22:18:25,2023-01-25 22:21:44,2,1.17,1,N,120,261,2,7.03,0.5,0.5,0.85,0.0,0.3,8.68,0.0
1,2023-01-08 16:31:04,2023-01-08 17:19:43,2,9.89,1,N,1,7,1,40.32,1.0,0.5,0.0,0.0,0.3,43.62,2.5
1,2023-01-21 17:58:52,2023-01-21 18:25:22,1,3.72,1,N,161,116,2,20.0,1.0,0.5,2.93,0.0,0.3,26.23,2.5
1,2023-01-15 15:55:42,2023-01-15 16:01:13,1,1.15,1,N,236,162,1,6.68,1.0,0.5,1.63,11.4,0.3,23.01,2.5
2,2023-01-20 16:32:15,2023-01-20 16:38:48,1,2.4,1,N,120,236,2,10.31,0.5,0.5,2.45,0.0,0.3,16.06,2.5
2,2023-01-08 18:12:52,2023-01-08 18:34:16,1,4.8,1,N,73,247,2,20.1,0.5,0.5,4.81,0.0,0.3,28.21,2.5
2,2023-01-10 18:56:42,2023-01-10 19:02:39,5,1.49,1,N,202,33,1,8.63,0.5,0.5,2.23,0.0,0.3,11.66,0.0
1,2023-01-22 09:18:48,2023-01-22 09:46:03,2,2.6,1,N,113,76,1,16.19,0.5,0.5,2.91,0.0,0.3,19.9,0.0
2,2023-01-06 16:21:10,2023-01-06 16:35:50,2,2.97,1,N,100,59,2,14.25,0.0,0.5,2.24,0.0,0.3,17.29,0.0
2,2023-01-10 12:53:00,2023-01-10 12:59:27,3,1.02,1,N,72,87,1,7.23,0.0,0.5,1.5,0.0,0.3,12.03,2.5
1,2023-01-31 17:15:03,2023-01-31 17:29:12,2,1.91,2,N,117,132,1,11.31,1.0,0.5,1.97,0.0,0.3,14.08,0.0
2,2023-01-05 16:27:32,2023-01-05 16:33:45,2,1.08,1,N,186,202,2,7.31,0.5,0.5,1.42,0.0,0.3,12.03,2.5
1,2023-01-18 08:55:47,2023-01-18 09:20:26,2,4.49,1,N,114,25,1,20.9,0.0,0.5,0.0,0.0,0.3,21.7,0.0
1,2023-01-05 19:19:54,2023-01-05 19:28:27,1,1.18,1,N,86,202,2,7.6,0.5,0.5,1.3,0.0,0.3,12.2,2.5
2,2023-01-22 14:37:57,2023-01-22 14:53:27,1,2.91,1,Y,161,261,1,14.08,0.5,0.5,2.61,0.58,0.3,18.07,0.0
2,2023-01-04 16:02:35,2023-01-04 16:07:35,2,0.82,1,N,87,79,2,5.7,0.5,0.5,0.0,0.0,0.3,9.0,2.5
2,2023-01-18 18:59:37,2023-01-18 19:03:59,1,1.0,1,N,236,103,1,6.71,0.0,0.5,0.0,0.0,0.3,7.51,0.0
2,2023-01-14 18:25:17,2023-01-14 18:30:19,2,0.96,1,N,79,86,1,6.56,0.5,0.5,0.0,0.0,0.3,9.86,2.5
1,2023-01-22 19:40:00,2023-01-22 19:49:19,3,1.88,1,N,237,7,3,10.57,0.0,0.5,0.0,0.0,0.3,13.87,2.5
1,2023-01-01 09:30:11,2023-01-01 09:40:45,3,2.68,1,N,128,236,1,12.34,0.0,0.5,1.41,0.0,0.3,17.05,2.5
2,2023-01-16 07:26:03,2023-01-16 07:40:19,1,3.08,1,N,232,151,2,14.05,0.5,0.5,0.0,0.0,0.3,17.35,2.5
1,2023-01-17 18:24:41,2023-01-17 18:28:14,1,0.62,1,N,116,67,1,5.32,0.0,0.5,1.06,0.0,0.3,9.68,2.5
2,2023-01-08 09:01:30,2023-01-08 09:27:33,5,2.06,1,N,36,224,1,15.52,0.5,0.5,2.1,0.0,0.3,18.42,0.0
1,2023-01-10 07:16:46,2023-01-10 07:23:01,4,1.33,1,N,17,25,2,7.11,0.0,0.5,1.01,9.93,0.3,21.35,2.5
2,2023-01-22 07:22:08,2023-01-22 07:50:22,1,3.49,2,N,224,33,2,18.47,1.0,0.5,0.0,0.0,0.3,19.27,0.0
1,2023-01-18 11:22:54,2023-01-18 11:34:11,3,1.91,1,N,129,76,2,10.62,0.5,0.5,2.58,0.0,0.3,16.5,2.5
2,2023-01-18 23:16:43,2023-01-18 23:27:38,3,2.2,1,N,100,102,2,10.92,0.5,0.5,0.0,0.0,0.3,11.72,0.0
1,2023-01-29 08:38:54,2023-01-29 08:43:31,1,1.34,1,N,7,162,1,7.75,0.0,0.5,1.11,0.0,0.3,9.66,0.0
2,2023-01-13 11:49:38,2023-01-13 12:13:52,1,8.53,1,N,202,76,2,30.36,0.0,0.5,0.0,0.0,0.3,33.66,2.5
1,2023-01-27 21:53:20,2023-01-27 22:00:33,4,0.89,1,N,117,113,2,7.16,0.0,0.5,1.51,0.0,0.3,9.47,0.0
2,2023-01-31 22:58:37,2023-01-31 23:14:56,2,1.73,1,N,232,63,3,11.46,0.5,0.5,2.01,0.0,0.3,14.27,0.0
2,2023-01-18 09:38:36,2023-01-18 09:51:26,2,2.54,1,N,232,202,2,12.51,0.0,0.5,1.39,0.0,0.3,17.2,2.5
2,2023-01-07 21:24:10,2023-01-07 21:34:17,5,1.94,1,N,247,158,2,9.74,0.5,0.5,1.95,0.0,0.3,14.99,2.5
1,2023-01-13 08:38:06,2023-01-13 08:50:01,3,1.32,1,N,161,73,2,9.37,0.5,0.5,0.0,0.0,0.3,10.17,0.0
1,2023-01-02 19:07:39,2023-01-02 19:11:06,1,0.6,1,N,261,54,1,4.48,1.0,0.5,0.94,0.0,0.3,6.22,0.0
2,2023-01-22 00:49:05,2023-01-22 00:55:25,1,1.39,2,N,33,113,1,7.72,0.5,0.5,1.15,0.0,0.3,12.17,2.5
1,2023-01-09 13:32:06,2023-01-09 13:42:30,3,1.14,1,N,129,101,2,8.7,0.5,0.5,2.41,0.0,0.3,14.41,2.5
1,2023-01-29 09:09:04,2023-01-29 10:17:52,1,8.24,1,N,163,89,1,41.4,1.0,0.5,8.54,0.0,0.3,53.24,2.5
2,2023-01-21 18:25:37,2023-01-21 19:59:06,1,12.79,1,N,132,186,1,59.52,0.5,0.5,12.07,0.0,0.3,74.89,2.5
2,2023-01-16 01:18:55,2023-01-16 01:32:52,3,2.25,1,N,121,234,1,11.9,0.0,0.5,2.98,0.0,0.3,18.18,2.5
1,2023-01-06 14:20:29,2023-01-06 14:24:05,2,0.82,1,N,132,237,1,5.52,0.0,0.5,1.54,13.21,0.3,21.07,0.0
2,2023-01-04 18:03:09,2023-01-04 18:29:30,1,4.07,1,N,63,100,2,20.03,0.0,0.5,0.0,0.0,0.3,20.83,0.0
1,2023-01-21 05:00:30,2023-01-21 05:06:46,1,1.12,1,N,89,114,1,8.3,0.5,0.5,1.72,0.0,0.3,13.32,2.5
1,2023-01-24 21:20:28,2023-01-24 21:24:14,3,1.55,1,N,116,232,1,8.59,0.0,0.5,2.19,0.0,0.3,14.08,2.5
2,2023-01-09 12:18:35,2023-01-09 12:30:35,1,1.46,1,N,25,97,1,9.14,0.5,0.5,1.21,0.0,0.3,13.65,2.5
1,2023-01-01 08:59:25,2023-01-01 09:11:13,1,1.61,1,N,53,117,2,9.91,0.0,0.5,2.35,8.0,0.3,21.06,0.0
2,2023-01-10 09:15:31,2023-01-10 09:23:25,4,1.79,1,N,224,67,1,9.88,0.5,0.5,2.2,0.0,0.3,12.88,0.0
1,2023-01-24 11:19:19,2023-01-24 11:22:44,3,0.87,1,N,45,54,1,6.49,0.5,0.5,1.31,0.0,0.3,8.6,0.0
1,2023-01-18 08:54:54,2023-01-18 09:01:38,1,1.38,1,N,163,113,1,8.43,0.0,0.5,0.0,2.42,0.3,11.65,0.0
1,2023-01-03 15:51:32,2023-01-03 16:06:00,2,5.03,1,N,110,158,3,18.97,0.0,0.5,4.32,0.0,0.3,26.59,2.5
1,2023-01-04 17:03:18,2023-01-04 17:14:51,1,2.28,1,N,170,121,1,11.88,1.0,0.5,0.0,0.0,0.3,15.18,2.5
1,2023-01-04 13:05:00,2023-01-04 13:36:09,1,2.57,1,N,89,1,2,17.68,0.5,0.5,0.0,13.87,0.3,32.35,0.0
2,2023-01-24 13:05:40,2023-01-24 13:08:05,6,0.44,1,N,129,236,1,4.24,1.0,0.5,0.96,0.0,0.3,6.0,0.0
2,2023-01-25 19:27:22,2023-01-25 20:01:12,1,4.76,2,N,1,129,1,24.02,0.0,0.5,3.51,13.21,0.3,41.54,0.0
2,2023-01-13 11:34:14,2023-01-13 11:38:58,2,1.4,1,N,100,224,2,8.18,0.5,0.5,0.0,0.0,0.3,8.98,0.0
2,2023-01-22 17:21:28,2023-01-22 17:43:02,1,5.44,1,N,121,170,1,21.62,0.0,0.5,4.16,0.0,0.3,29.08,2.5
2,2023-01-01 21:00:29,2023-01-01 21:28:01,1,2.63,1,N,132,89,1,16.92,0.5,0.5,0.0,0.0,0.3,20.22,2.5
1,2023-01-18 09:12:48,2023-01-18 09:18:02,1,1.53,1,N,162,7,1,8.54,0.5,0.5,1.93,0.0,0.3,11.27,0.0
1,2023-01-09 17:36:32,2023-01-09 17:39:10,1,0.66,1,N,7,89,1,5.74,0.0,0.5,1.44,0.0,0.3,10.48,2.5
2,2023-01-26 22:22:42,2023-01-26 23:40:03,2,11.95,1,N,202,100,1,53.0,0.5,0.5,0.0,0.0,0.3,56.3,2.5
2,2023-01-16 15:07:38,2023-01-16 15:32:48,3,4.27,1,N,25,121,1,19.96,0.0,0.5,0.0,0.0,0.3,20.76,0.0
2,2023-01-27 23:39:50,2023-01-27 23:54:54,3,4.47,1,N,120,121,1,18.11,0.0,0.5,4.25,0.0,0.3,25.66,2.5
2,2023-01-18 11:36:00,2023-01-18 13:26:44,1,9.15,1,N,234,167,1,52.24,0.5,0.5,14.52,0.0,0.3,67.56,0.0
1,2023-01-15 16:29:22,2023-01-15 16:42:44,1,2.77,5,N,186,234,1,13.83,0.0,0.5,1.88,0.0,0.3,19.01,2.5
2,2023-01-30 11:56:42,2023-01-30 12:21:03,1,6.45,1,N,224,25,2,25.72,0.5,0.5,4.71,0.0,0.3,31.23,0.0
2,2023-01-31 00:50:08,2023-01-31 00:59:46,2,1.63,1,N,224,117,1,10.16,0.5,0.5,0.0,0.0,0.3,10.96,0.0
2,2023-01-15 23:02:26,2023-01-15 23:20:38,3,4.07,1,N,25,103,1,17.26,0.5,0.5,4.1,0.0,0.3,24.66,2.5
1,2023-01-12 09:54:24,2023-01-12 10:02:25,2,1.46,1,N,79,167,1,9.14,0.0,0.5,2.41,0.0,0.3,12.35,0.0
2,2023-01-21 23:02:48,2023-01-21 23:15:07,1,1.6,1,N,261,33,4,10.59,0.0,0.5,2.76,0.0,0.3,14.15,0.0
2,2023-01-06 18:28:57,2023-01-06 18:48:33,2,2.52,1,N,63,63,1,13.88,0.5,0.5,0.0,0.0,0.3,14.68,0.0
1,2023-01-12 21:54:06,2023-01-12 21:58:01,1,0.9,1,N,63,151,1,6.76,1.0,0.5,1.19,0.0,0.3,8.75,0.0
2,2023-01-27 22:58:12,2023-01-27 23:20:03,1,3.0,1,N,151,89,2,16.2,1.0,0.5,3.71,0.0,0.3,23.21,2.5
1,2023-01-28 16:01:46,2023-01-28 16:20:39,1,1.85,1,N,59,7,1,11.5,0.5,0.5,0.0,8.82,0.3,23.62,2.5
1,2023-01-13 23:04:10,2023-01-13 23:07:03,1,0.53,1,N,114,101,1,5.34,0.5,0.5,0.0,3.89,0.3,12.53,2.5
1,2023-01-13 19:14:29,2023-01-13 19:26:01,1,1.66,1,N,129,36,2,9.65,0.5,0.5,2.26,0.0,0.3,12.71,0.0
1,2023-01-28 15:16:56,2023-01-28 15:33:16,1,1.81,1,N,163,236,1,10.77,1.0,0.5,2.68,0.0,0.3,16.75,2.5
1,2023-01-07 18:16:58,2023-01-07 18:41:41,2,4.44,5,N,72,79,1,20.46,0.5,0.5,0.0,0.0,0.3,23.76,2.5
2,2023-01-02 08:25:56,2023-01-02 08:38:19,1,2.9,1,N,1,72,1,13.32,0.5,0.5,1.76,0.0,0.3,15.88,0.0
1,2023-01-03 00:19:08,2023-01-03 00:58:29,1,6.93,1,N,129,151,4,30.86,0.0,0.5,5.43,0.0,0.3,37.09,0.0
1,2023-01-04 10:34:08,2023-01-04 11:03:49,1,3.46,1,N,17,97,3,19.16,1.0,0.5,4.16,0.0,0.3,24.12,0.0
1,2023-01-28 13:51:10,2023-01-28 13:58:30,1,1.54,1,N,29,246,1,9.07,0.5,0.5,0.0,0.0,0.3,12.37,2.5
2,2023-01-02 09:32:46,2023-01-02 09:41:24,1,2.24,1,N,202,103,1,11.02,0.5,0.5,0.0,0.0,0.3,11.82,0.0
2,2023-01-11 15:19:10,2023-01-11 15:23:36,1,1.8,1,N,89,121,1,9.12,0.0,0.5,1.11,0.0,0.3,11.03,0.0
2,2023-01-19 18:34:25,2023-01-19 18:45:33,1,3.37,1,N,117,113,2,13.77,0.0,0.5,2.98,0.0,0.3,20.05,2.5
1,2023-01-19 18:37:49,2023-01-19 18:58:21,2,2.45,1,N,1,100,2,14.36,0.5,0.5,2.2,0.0,0.3,19.86,2.5
1,2023-01-26 21:53:29,2023-01-26 21:59:30,1,1.46,1,N,247,237,1,8.09,1.0,0.5,1.4,0.0,0.3,10.29,0.0
2,2023-01-31 22:56:56,2023-01-31 23:09:07,2,2.35,1,N,162,167,3,12.25,0.5,0.5,0.0,0.0,0.3,15.55,2.5
1,2023-01-13 21:16:29,2023-01-13 21:45:49,1,3.31,1,N,97,261,2,18.74,0.5,0.5,2.4,2.33,0.3,24.27,0.0
2,2023-01-08 17:55:22,2023-01-08 18:01:01,2,1.1,1,N,224,117,1,6.86,0.0,0.5,0.81,0.0,0.3,10.97,2.5
2,2023-01-03 09:49:58,2023-01-03 09:58:09,1,2.97,1,N,234,29,2,12.31,0.0,0.5,2.14,12.28,0.3,30.03,2.5
1,2023-01-28 22:07:32,2023-01-28 22:10:08,5,0.72,1,N,45,250,2,6.28,0.5,0.5,1.6,0.0,0.3,11.18,2.5
2,2023-01-12 08:33:11,2023-01-12 09:18:15,1,5.36,2,N,33,63,1,26.82,1.0,0.5,3.47,8.29,0.3,39.38,0.0
1,2023-01-28 08:09:38,2023-01-28 08:29:23,6,3.47,1,N,232,102,2,16.97,0.5,0.5,1.94,0.0,0.3,22.21,2.5
2,2023-01-11 11:29:46,2023-01-11 12:07:27,1,7.94,6,N,100,45,1,32.89,0.0,0.5,5.77,0.0,0.3,39.46,0.0
1,2023-01-24 16:02:50,2023-01-24 16:13:59,2,1.01,1,N,162,101,1,8.6,0.5,0.5,1.84,0.0,0.3,13.74,2.5
1,2023-01-20 18:17:00,2023-01-20 19:16:36,1,5.47,1,N,132,1,2,32.56,0.5,0.5,4.16,0.0,0.3,37.52,0.0
2,2023-01-23 00:35:06,2023-01-23 01:00:34,1,4.72,1,N,63,100,2,21.64,0.5,0.5,5.3,0.0,0.3,30.24,2.5
2,2023-01-21 19:18:37,2023-01-21 19:29:34,1,2.04,1,N,162,132,1,11.03,0.5,0.5,2.78,0.0,0.3,17.11,2.5
1,2023-01-10 08:00:44,2023-01-10 08:20:59,1,1.76,1,N,161,110,2,12.23,1.0,0.5,2.37,0.0,0.3,15.4,0.0
1,2023-01-04 11:23:39,2023-01-04 11:28:47,1,1.04,1,N,236,7,2,7.09,0.5,0.5,0.75,0.0,0.3,11.14,2.5
2,2023-01-01 11:32:22,2023-01-01 11:35:35,2,0.85,1,N,237,132,2,6.27,0.0,0.5,0.0,0.0,0.3,9.57,2.5
1,2023-01-14 11:45:45,2023-01-14 11:54:01,1,1.33,1,N,97,121,1,8.39,0.0,0.5,1.16,11.68,0.3,24.53,2.5
2,2023-01-28 19:08:34,2023-01-28 19:13:39,2,0.91,1,N,158,117,4,6.18,0.5,0.5,1.11,0.0,0.3,8.09,0.0
1,2023-01-20 05:28:55,2023-01-20 06:04:33,1,7.74,1,Y,53,86,2,30.66,1.0,0.5,7.26,0.0,0.3,38.72,0.0
2,2023-01-21 08:11:22,2023-01-21 08:15:02,2,0.76,1,N,87,129,2,5.91,0.5,0.5,0.65,0.0,0.3,7.36,0.0
2,2023-01-09 02:09:45,2023-01-09 02:38:00,2,2.62,1,N,89,29,1,15.88,1.0,0.5,1.59,0.0,0.3,20.77,2.5
2,2023-01-16 19:07:08,2023-01-16 19:33:17,1,3.24,1,N,162,129,1,17.4,0.0,0.5,2.16,0.0,0.3,22.86,2.5
2,2023-01-13 23:45:43,2023-01-14 00:06:04,2,3.06,1,N,103,72,1,14.52,0.5,0.5,1.57,0.0,0.3,19.39,2.5
1,2023-01-05 18:55:43,2023-01-05 19:21:40,1,3.27,3,N,250,132,1,18.08,0.0,0.5,2.66,0.0,0.3,21.54,0.0
2,2023-01-20 17:39:15,2023-01-20 17:54:50,1,4.76,1,N,72,132,2,19.38,0.5,0.5,3.35,0.0,0.3,26.03,2.5
2,2023-01-12 21:22:03,2023-01-12 21:29:33,3,1.67,1,N,128,117,1,9.09,0.5,0.5,2.18,0.0,0.3,14.57,2.5
2,2023-01-13 10:56:59,2023-01-13 11:18:47,2,2.5,1,N,261,103,1,15.62,1.0,0.5,1.65,0.0,0.3,20.57,2.5
2,2023-01-19 06:29:04,2023-01-19 06:40:44,1,1.88,1,N,73,100,1,11.29,0.5,0.5,1.84,0.0,0.3,16.43,2.5
1,2023-01-01 15:31:28,2023-01-01 15:54:35,1,6.21,1,N,72,170,2,24.55,0.5,0.5,6.56,0.0,0.3,31.91,0.0
2,2023-01-30 10:38:00,2023-01-30 12:00:39,2,11.3,1,N,261,36,1,51.86,0.5,0.5,10.57,15.37,0.3,81.1,2.5
2,2023-01-07 14:39:25,2023-01-07 14:43:23,1,0.96,1,N,170,236,2,6.22,0.5,0.5,0.0,0.0,0.3,7.02,0.0
2,2023-01-22 14:29:49,2023-01-22 14:31:32,5,0.51,1,N,128,163,1,4.99,0.0,0.5,0.0,0.0,0.3,8.29,2.5
2,2023-01-25 11:28:30,2023-01-25 11:41:26,3,3.59,1,N,101,97,1,15.14,0.5,0.5,1.78,7.02,0.3,27.24,2.5
2,2023-01-05 14:19:14,2023-01-05 14:47:07,1,5.22,2,N,63,114,1,23.3,0.5,0.5,0.0,0.0,0.3,24.1,0.0
2,2023-01-08 12:40:23,2023-01-08 13:16:29,1,10.15,1,N,25,163,1,37.71,0.5,0.5,8.92,0.0,0.3,47.43,0.0
1,2023-01-13 07:40:05,2023-01-13 08:08:29,2,4.07,1,N,25,167,2,20.16,1.0,0.5,5.15,0.0,0.3,28.61,2.5
2,2023-01-26 20:26:35,2023-01-26 20:41:24,2,6.66,1,Y,237,33,2,23.9,0.5,0.5,0.0,12.41,0.3,37.11,0.0
2,2023-01-20 18:42:00,2023-01-20 19:24:27,1,8.13,2,N,202,100,1,33.82,1.0,0.5,0.0,0.0,0.3,34.62,0.0
1,2023-01-15 05:08:20,2023-01-15 05:34:18,3,7.02,1,N,162,63,2,27.06,1.0,0.5,4.9,0.0,0.3,35.26,2.5
1,2023-01-27 07:24:03,2023-01-27 07:53:47,2,4.53,1,N,121,100,3,21.27,0.5,0.5,2.2,11.9,0.3,36.17,0.0
1,2023-01-15 07:59:14,2023-01-15 08:03:26,1,0.89,1,N,158,186,2,6.14,0.0,0.5,0.0,0.0,0.3,6.94,0.0
2,2023-01-28 06:44:04,2023-01-28 06:54:54,1,2.33,1,N,170,186,2,12.62,0.5,0.5,3.52,0.0,0.3,19.44,2.5
2,2023-01-24 06:43:55,2023-01-24 07:07:46,2,2.93,1,N,234,97,1,15.84,0.5,0.5,1.7,0.0,0.3,20.84,2.5
2,2023-01-06 08:51:46,2023-01-06 09:09:38,2,2.17,1,N,261,117,1,13.11,0.0,0.5,2.13,0.0,0.3,18.54,2.5
1,2023-01-12 20:36:55,2023-01-12 20:50:57,1,2.27,1,N,97,151,1,11.96,1.0,0.5,0.0,0.0,0.3,15.26,2.5
2,2023-01-01 20:39:40,2023-01-01 21:08:09,1,7.58,1,N,261,63,1,27.97,0.0,0.5,4.94,4.1,0.3,37.81,0.0
1,2023-01-08 19:28:29,2023-01-08 19:43:44,1,1.33,5,N,163,97,1,10.42,0.5,0.5,2.89,0.0,0.3,14.11,0.0
2,2023-01-01 17:49:10,2023-01-01 18:17:08,1,4.26,1,N,117,121,1,20.37,0.0,0.5,2.16,0.0,0.3,25.83,2.5
2,2023-01-04 18:42:57,2023-01-04 18:53:16,2,2.97,1,N,114,54,1,13.17,0.5,0.5,3.39,0.0,0.3,17.36,0.0
1,2023-01-01 19:31:55,2023-01-01 19:43:09,1,1.23,1,N,114,236,1,9.38,0.5,0.5,1.17,0.0,0.3,11.35,0.0
2,2023-01-21 21:07:24,2023-01-21 21:11:05,2,1.04,1,N,158,67,2,6.64,0.5,0.5,0.91,0.0,0.3,10.85,2.5
2,2023-01-13 19:48:13,2023-01-13 19:53:55,1,0.65,1,N,73,186,1,6.22,0.0,0.5,0.0,0.0,0.3,9.52,2.5
1,2023-01-15 19:19:23,2023-01-15 19:46:42,3,3.37,1,N,45,97,1,17.82,0.5,0.5,0.0,0.0,0.3,21.12,2.5
2,2023-01-24 20:21:23,2023-01-24 20:34:52,4,2.23,1,N,7,151,1,12.3,0.5,0.5,2.15,0.0,0.3,15.25,0.0
1,2023-01-26 16:07:55,2023-01-26 16:11:27,1,1.26,1,N,78,132,1,6.94,0.0,0.5,0.0,0.0,0.3,10.24,2.5
2,2023-01-17 09:13:04,2023-01-17 09:17:13,4,0.57,2,N,76,132,1,4.47,0.0,0.5,0.77,0.0,0.3,6.04,0.0
1,2023-01-15 06:07:37,2023-01-15 06:43:26,2,3.24,1,N,158,103,1,20.47,1.0,0.5,2.39,0.0,0.3,23.66,0.0
2,2023-01-21 13:05:46,2023-01-21 13:25:45,3,2.05,5,N,7,234,1,13.69,0.5,0.5,3.43,0.0,0.3,17.92,0.0
1,2023-01-13 07:01:45,2023-01-13 07:07:15,1,1.37,1,N,128,232,1,8.54,0.0,0.5,2.26,7.61,0.3,19.21,0.0
2,2023-01-14 08:17:11,2023-01-14 08:28:05,3,1.14,1,N,113,261,1,9.66,0.0,0.5,2.14,0.0,0.3,15.1,2.5
1,2023-01-10 02:45:24,2023-01-10 02:52:32,1,1.96,1,N,116,114,1,10.07,0.5,0.5,1.81,0.0,0.3,15.18,2.5
2,2023-01-06 11:51:20,2023-01-06 12:09:53,1,3.33,1,N,45,129,3,16.22,0.5,0.5,3.42,0.0,0.3,22.94,2.5
1,2023-01-07 22:13:24,2023-01-07 22:24:00,6,1.83,1,N,224,33,1,10.77,0.0,0.5,2.15,0.0,0.3,13.72,0.0
2,2023-01-21 12:25:05,2023-01-21 12:29:59,4,0.96,1,N,113,33,1,6.18,0.0,0.5,0.68,0.0,0.3,10.16,2.5
2,2023-01-26 09:49:04,2023-01-26 10:06:26,1,2.24,1,N,224,128,1,12.11,0.0,0.5,2.07,0.0,0.3,17.48,2.5
2,2023-01-14 13:42:01,2023-01-14 14:09:52,1,5.13,1,N,113,87,2,22.55,0.5,0.5,0.0,15.66,0.3,39.01,0.0
1,2023-01-03 11:54:58,2023-01-03 12:16:40,6,2.41,1,N,236,67,1,15.09,1.0,0.5,3.81,0.0,0.3,22.2,2.5
1,2023-01-19 18:25:25,2023-01-19 18:33:50,1,2.46,1,N,59,113,1,10.93,1.0,0.5,0.0,11.93,0.3,26.16,2.5
1,2023-01-28 17:10:13,2023-01-28 17:25:41,1,1.83,1,N,162,25,1,11.68,0.5,0.5,2.89,0.0,0.3,17.87,2.5
1,2023-01-17 03:08:47,2023-01-17 03:14:35,1,1.2,1,N,29,236,2,7.74,0.5,0.5,1.83,0.0,0.3,12.87,2.5
2,2023-01-01 15:42:29,2023-01-01 15:52:24,1,1.17,1,N,128,132,1,8.53,0.5,0.5,2.28,0.0,0.3,14.11,2.5
1,2023-01-03 04:01:21,2023-01-03 04:06:02,1,0.67,1,N,161,161,1,5.21,0.5,0.5,0.0,0.0,0.3,6.01,0.0
1,2023-01-17 18:27:06,2023-01-17 19:04:29,2,5.67,1,N,234,117,1,26.7,1.0,0.5,0.0,0.0,0.3,30.0,2.5
2,2023-01-27 22:21:23,2023-01-27 22:27:29,1,3.31,1,N,224,161,2,12.59,1.0,0.5,0.0,0.0,0.3,15.89,2.5
2,2023-01-02 21:55:38,2023-01-02 22:09:57,2,2.49,1,N,261,87,1,13.66,1.0,0.5,3.27,1.52,0.3,19.25,0.0
1,2023-01-24 09:59:37,2023-01-24 10:22:26,1,2.92,1,N,237,132,1,16.58,0.5,0.5,4.11,0.0,0.3,23.99,2.5
1,2023-01-25 19:29:23,2023-01-25 19:49:50,2,3.02,1,N,113,63,1,15.47,0.0,0.5,1.78,0.0,0.3,20.55,2.5
1,2023-01-02 19:34:36,2023-01-02 19:48:17,1,1.35,1,N,116,223,1,10.68,1.0,0.5,0.0,0.0,0.3,13.98,2.5
1,2023-01-07 20:22:46,2023-01-07 20:33:54,2,1.83,5,N,161,247,1,10.53,0.0,0.5,2.76,0.0,0.3,14.09,0.0
1,2023-01-01 10:46:55,2023-01-01 10:51:33,3,1.64,1,N,100,54,2,7.43,0.0,0.5,1.05,0.0,0.3,9.28,0.0
1,2023-01-18 14:17:31,2023-01-18 15:35:01,2,15.39,1,N,224,78,1,60.81,1.0,0.5,9.88,0.0,0.3,73.99,2.5
1,2023-01-06 09:44:13,2023-01-06 10:04:38,1,5.03,1,N,236,76,1,21.5,0.5,0.5,0.0,0.0,0.3,22.3,0.0
1,2023-01-29 02:54:07,2023-01-29 03:15:32,3,2.65,1,N,45,120,1,14.57,0.0,0.5,0.0,0.0,0.3,17.87,2.5
2,2023-01-03 18:10:09,2023-01-03 18:50:27,1,6.52,1,N,236,247,1,29.34,0.5,0.5,5.9,0.0,0.3,38.54,2.5
1,2023-01-21 13:13:00,2023-01-21 13:44:24,1,5.93,1,N,261,186,1,25.0,0.5,0.5,2.77,0.0,0.3,31.07,2.5
2,2023-01-25 09:22:33,2023-01-25 09:28:48,3,0.83,1,N,161,162,1,6.04,0.0,0.5,1.45,0.0,0.3,8.29,0.0
2,2023-01-06 20:49:12,2023-01-06 20:58:55,1,1.98,1,N,78,97,2,9.97,0.5,0.5,1.22,0.0,0.3,11.99,0.0
1,2023-01-08 15:38:13,2023-01-08 15:48:40,1,2.31,2,N,224,223,4,10.78,0.0,0.5,0.0,0.0,0.3,14.08,2.5
2,2023-01-25 23:11:43,2023-01-25 23:28:56,4,3.7,1,N,186,162,1,16.25,0.5,0.5,1.68,0.0,0.3,21.23,2.5
2,2023-01-03 19:22:19,2023-01-03 19:34:18,1,1.98,1,N,186,117,2,11.82,0.0,0.5,0.0,0.0,0.3,15.12,2.5
2,2023-01-14 20:38:49,2023-01-14 20:47:01,2,2.17,1,N,250,36,2,10.46,0.5,0.5,1.71,14.99,0.3,30.46,2.5
2,2023-01-08 19:57:08,2023-01-08 20:07:36,2,1.66,1,N,29,7,1,10.16,0.5,0.5,0.0,0.0,0.3,13.46,2.5
2,2023-01-01 07:27:20,2023-01-01 08:00:54,1,5.14,1,N,67,59,2,24.79,0.5,0.5,3.28,0.0,0.3,28.87,0.0
2,2023-01-14 06:04:03,2023-01-14 06:06:39,1,0.79,5,N,1,114,1,5.07,1.0,0.5,0.0,0.0,0.3,5.87,0.0
1,2023-01-16 21:06:32,2023-01-16 21:21:20,1,1.7,1,N,163,186,1,10.54,0.0,0.5,1.62,0.0,0.3,12.96,0.0
1,2023-01-11 08:01:07,2023-01-11 08:07:33,3,0.59,1,N,223,234,1,6.47,0.5,0.5,0.0,0.0,0.3,7.27,0.0
2,2023-01-26 13:07:14,2023-01-26 13:15:49,3,1.08,1,N,232,163,1,7.53,0.5,0.5,0.0,0.0,0.3,10.83,2.5
2,2023-01-03 17:24:44,2023-01-03 17:39:24,1,2.97,1,N,29,45,1,14.44,0.5,0.5,1.78,0.0,0.3,19.52,2.5
2,2023-01-14 09:16:52,2023-01-14 09:27:26,2,3.01,1,N,158,100,1,14.01,0.5,0.5,0.0,0.0,0.3,14.81,0.0
1,2023-01-06 09:18:32,2023-01-06 09:32:08,1,1.85,1,N,114,25,1,10.3,1.0,0.5,2.04,0.0,0.3,15.64,2.5
1,2023-01-24 14:45:57,2023-01-24 15:01:34,2,5.44,1,N,59,102,1,20.33,1.0,0.5,2.04,0.0,0.3,25.67,2.5
1,2023-01-18 12:28:45,2023-01-18 13:05:20,1,6.46,1,N,186,117,1,28.2,1.0,0.5,7.62,0.99,0.3,40.11,2.5
2,2023-01-22 18:43:45,2023-01-22 18:57:01,1,2.22,1,N,1,103,1,11.61,0.0,0.5,1.44,0.0,0.3,13.85,0.0
1,2023-01-04 06:32:59,2023-01-04 06:55:16,1,2.82,1,N,114,110,2,15.32,0.5,0.5,0.0,0.0,0.3,18.62,2.5
2,2023-01-15 14:12:05,2023-01-15 14:16:38,2,1.67,1,N,25,86,4,8.07,1.0,0.5,0.0,0.0,0.3,8.87,0.0
2,2023-01-02 08:56:13,2023-01-02 09:18:52,1,3.74,1,N,167,113,1,18.01,1.0,0.5,3.64,0.0,0.3,22.45,0.0
2,2023-01-11 17:28:26,2023-01-11 17:37:32,1,0.96,1,N,162,73,4,7.76,0.5,0.5,1.94,0.0,0.3,13.0,2.5
1,2023-01-30 07:50:37,2023-01-30 08:10:51,5,9.0,1,N,53,170,4,31.04,0.0,0.5,3.38,0.0,0.3,35.22,0.0
2,2023-01-23 08:05:59,2023-01-23 08:33:04,1,5.5,3,N,17,234,1,23.51,0.5,0.5,5.23,0.0,0.3,29.54,0.0
1,2023-01-03 19:50:05,2023-01-03 19:54:05,1,0.95,2,N,36,89,2,6.94,0.5,0.5,0.0,13.19,0.3,23.43,2.5
2,2023-01-12 09:42:13,2023-01-12 09:46:06,1,1.29,1,N,186,247,2,6.9,0.5,0.5,1.58,0.0,0.3,11.78,2.5
1,2023-01-27 19:14:17,2023-01-27 19:28:49,2,3.21,3,N,151,29,2,14.06,0.0,0.5,1.81,0.0,0.3,19.17,2.5
2,2023-01-06 10:47:40,2023-01-06 10:54:51,1,1.82,1,N,89,113,1,9.2,0.0,0.5,0.96,0.0,0.3,13.46,2.5
1,2023-01-24 09:44:57,2023-01-24 10:04:40,4,3.52,1,N,128,158,2,16.96,1.0,0.5,2.17,0.0,0.3,22.43,2.5
2,2023-01-10 11:53:56,2023-01-10 12:01:41,1,1.79,1,N,186,237,1,9.84,0.5,0.5,2.09,0.0,0.3,12.73,0.0
1,2023-01-15 21:12:44,2023-01-15 21:55:16,5,7.34,1,N,234,96,2,32.72,1.0,0.5,9.08,0.0,0.3,45.1,2.5
2,2023-01-28 13:53:46,2023-01-28 14:07:19,1,2.35,1,N,129,116,1,12.41,1.0,0.5,3.41,0.0,0.3,19.12,2.5
2,2023-01-21 09:45:24,2023-01-21 11:03:58,3,14.37,2,N,162,129,2,58.94,1.0,0.5,0.0,0.0,0.3,62.24,2.5
1,2023-01-09 15:20:36,2023-01-09 15:45:05,1,3.68,1,N,36,7,2,19.01,0.5,0.5,4.72,0.0,0.3,27.03,2.5
2,2023-01-01 12:21:10,2023-01-01 12:25:10,1,0.85,1,N,1,113,1,5.74,0.5,0.5,0.0,0.0,0.3,9.04,2.5
2,2023-01-08 19:15:30,2023-01-08 20:08:24,3,11.19,1,N,161,7,1,44.1,0.5,0.5,8.6,0.0,0.3,56.0,2.5
2,2023-01-13 23:28:17,2023-01-13 23:50:37,1,5.33,1,N,100,121,1,23.3,0.0,0.5,3.29,0.0,0.3,27.39,0.0
2,2023-01-05 15:53:55,2023-01-05 16:07:52,2,3.11,1,N,89,79,1,14.69,0.5,0.5,3.22,0.0,0.3,18.71,0.0
2,2023-01-28 14:50:22,2023-01-28 15:00:32,2,3.8,1,N,162,170,4,15.3,0.5,0.5,1.92,0.0,0.3,20.52,2.5
1,2023-01-02 12:08:23,2023-01-02 12:12:03,1,0.96,1,N,97,128,2,6.77,0.0,0.5,0.0,0.0,0.3,7.57,0.0
1,2023-01-17 23:07:24,2023-01-17 23:11:06,1,0.6,1,N,63,76,2,4.76,0.5,0.5,0.0,0.0,0.3,8.06,2.5
2,2023-01-31 14:03:54,2023-01-31 14:14:50,4,2.27,1,N,97,121,2,11.09,0.5,0.5,1.64,0.0,0.3,16.03,2.5
1,2023-01-11 08:36:55,2023-01-11 08:58:55,2,6.58,1,N,202,101,1,24.45,0.5,0.5,6.16,13.4,0.3,44.81,0.0
1,2023-01-17 22:18:25,2023-01-17 22:44:16,3,3.15,1,N,63,79,1,17.55,1.0,0.5,2.11,0.0,0.3,20.46,0.0
2,2023-01-03 22:45:59,2023-01-03 23:08:25,2,8.43,1,N,97,29,1,29.5,0.5,0.5,8.13,0.0,0.3,38.43,0.0
1,2023-01-23 13:45:45,2023-01-23 14:34:08,2,6.3,1,N,232,237,1,30.89,1.0,0.5,8.37,0.0,0.3,42.56,2.5
2,2023-01-31 12:11:50,2023-01-31 12:21:30,2,2.38,1,N,236,186,2,11.21,0.0,0.5,2.35,0.0,0.3,14.36,0.0
2,2023-01-24 18:41:54,2023-01-24 19:14:19,1,5.68,1,N,132,96,2,24.49,0.5,0.5,5.59,0.0,0.3,33.38,2.5
2,2023-01-05 20:45:19,2023-01-05 21:28:04,3,7.33,1,N,76,73,1,32.46,0.0,0.5,3.46,10.77,0.3,49.99,2.5
2,2023-01-11 15:59:33,2023-01-11 16:20:12,3,2.2,1,N,128,103,1,12.78,0.5,0.5,2.28,0.0,0.3,18.36,2.5
1,2023-01-23 11:43:17,2023-01-23 11:51:20,2,1.99,1,N,45,261,1,9.63,0.5,0.5,2.5,0.0,0.3,12.93,0.0
1,2023-01-25 11:21:18,2023-01-25 11:45:34,3,2.6,1,N,163,161,2,14.91,1.0,0.5,1.52,0.0,0.3,19.73,2.5
2,2023-01-13 11:59:27,2023-01-13 12:03:12,1,0.38,1,N,234,117,1,4.45,0.5,0.5,0.0,0.0,0.3,7.75,2.5
2,2023-01-30 07:16:03,2023-01-30 07:26:41,1,2.89,2,N,161,114,1,12.99,0.5,0.5,2.13,0.0,0.3,15.92,0.0
2,2023-01-07 19:48:12,2023-01-07 19:59:51,1,4.02,2,N,1,86,2,16.58,0.0,0.5,3.67,0.0,0.3,21.05,0.0
1,2023-01-23 07:22:48,2023-01-23 07:42:02,2,2.61,2,N,261,224,2,13.56,0.5,0.5,3.08,0.0,0.3,19.94,2.5
1,2023-01-16 13:56:09,2023-01-16 14:07:59,1,3.03,1,N,73,163,1,13.26,0.0,0.5,1.48,0.0,0.3,18.04,2.5
2,2023-01-23 20:46:37,2023-01-23 20:56:10,1,2.26,1,N,100,63,1,10.16,0.5,0.5,1.41,0.0,0.3,12.37,0.0
1,2023-01-19 13:35:45,2023-01-19 13:38:49,2,0.52,1,N,237,121,1,4.77,0.5,0.5,1.19,0.0,0.3,6.76,0.0
2,2023-01-14 11:12:15,2023-01-14 11:40:17,1,8.14,1,N,158,63,2,30.4,0.0,0.5,4.09,0.0,0.3,35.29,0.0
1,2023-01-26 22:11:27,2023-01-26 22:22:17,1,1.78,1,N,45,162,2,10.54,0.5,0.5,0.0,0.0,0.3,13.84,2.5
2,2023-01-27 07:56:52,2023-01-27 08:03:46,1,1.47,1,N,121,53,1,7.34,0.5,0.5,0.0,0.0,0.3,10.64,2.5
2,2023-01-26 21:48:50,2023-01-26 22:48:32,1,6.48,1,N,103,170,1,34.4,1.0,0.5,8.11,0.0,0.3,45.81,2.5
1,2023-01-03 06:30:55,2023-01-03 07:15:04,1,4.87,1,N,132,116,2,25.73,1.0,0.5,2.7,0.0,0.3,29.23,0.0
1,2023-01-14 13:52:37,2023-01-14 14:03:08,1,2.87,1,N,186,87,1,12.2,0.5,0.5,0.0,0.0,0.3,13.0,0.0
2,2023-01-24 17:46:53,2023-01-24 18:06:14,1,4.17,1,N,117,247,1,18.3,0.5,0.5,3.58,0.0,0.3,22.68,0.0
2,2023-01-27 12:23:23,2023-01-27 12:29:18,1,0.98,1,N,186,45,1,7.24,0.5,0.5,0.0,0.0,0.3,10.54,2.5
2,2023-01-12 15:49:36,2023-01-12 15:55:41,4,2.2,1,N,102,167,1,9.97,0.5,0.5,2.71,0.0,0.3,15.98,2.5
1,2023-01-23 09:47:40,2023-01-23 10:04:51,1,6.18,1,N,120,128,2,22.2,1.0,0.5,0.0,0.0,0.3,23.0,0.0
1,2023-01-18 16:28:58,2023-01-18 16:35:47,1,1.41,1,N,79,202,1,8.18,1.0,0.5,1.77,0.0,0.3,10.75,0.0
1,2023-01-07 07:01:22,2023-01-07 07:12:24,2,1.11,2,N,100,89,2,8.17,0.5,0.5,1.46,0.0,0.3,12.93,2.5
1,2023-01-28 19:44:52,2023-01-28 19:59:40,1,2.48,1,N,161,25,2,13.2,1.0,0.5,1.69,0.0,0.3,15.69,0.0
1,2023-01-14 16:20:30,2023-01-14 16:40:21,1,2.53,1,N,234,110,2,14.83,0.5,0.5,2.96,0.0,0.3,21.09,2.5
2,2023-01-19 14:21:06,2023-01-19 14:42:07,2,3.8,1,N,102,29,1,18.26,0.0,0.5,2.61,0.0,0.3,21.67,0.0
2,2023-01-09 05:42:39,2023-01-09 05:49:25,1,0.83,1,Y,121,234,1,6.76,0.5,0.5,1.45,6.5,0.3,15.51,0.0
1,2023-01-01 15:48:58,2023-01-01 15:52:07,5,0.35,1,N,167,202,2,5.23,0.5,0.5,0.66,0.0,0.3,9.19,2.5
2,2023-01-15 16:05:27,2023-01-15 17:08:35,1,4.67,1,N,224,36,1,29.95,0.0,0.5,0.0,0.0,0.3,30.75,0.0
2,2023-01-23 10:49:32,2023-01-23 10:55:07,2,1.04,1,N,97,236,1,7.89,0.5,0.5,0.0,0.0,0.3,11.19,2.5
1,2023-01-11 18:17:55,2023-01-11 18:38:12,4,1.48,1,N,234,116,2,11.26,1.0,0.5,0.0,0.0,0.3,14.56,2.5
1,2023-01-29 06:33:55,2023-01-29 06:36:53,3,0.46,1,N,151,100,2,3.88,0.5,0.5,0.0,0.0,0.3,4.68,0.0
2,2023-01-24 09:52:24,2023-01-24 10:14:33,1,5.04,1,N,45,59,1,21.82,0.0,0.5,0.0,0.0,0.3,22.62,0.0
2,2023-01-20 19:13:45,2023-01-20 19:36:38,2,3.04,1,N,237,45,1,15.97,0.0,0.5,0.0,0.0,0.3,19.27,2.5
1,2023-01-26 08:13:37,2023-01-26 08:39:06,1,2.95,1,Y,17,102,1,16.81,0.5,0.5,3.07,0.0,0.3,20.68,0.0
1,2023-01-27 09:58:38,2023-01-27 10:15:53,1,2.94,1,N,232,114,1,14.15,0.0,0.5,3.96,7.19,0.3,28.6,2.5
1,2023-01-23 18:22:43,2023-01-23 18:26:38,2,0.5,1,N,128,132,1,6.41,0.0,0.5,0.0,0.0,0.3,7.21,0.0
1,2023-01-26 19:56:19,2023-01-26 20:02:17,1,1.12,1,N,25,114,4,8.2,0.5,0.5,0.94,0.0,0.3,12.44,2.5
1,2023-01-23 05:21:18,2023-01-23 05:35:26,1,1.67,1,N,186,101,2,11.49,0.5,0.5,2.23,0.0,0.3,17.02,2.5
1,2023-01-27 07:37:01,2023-01-27 07:44:56,2,1.33,1,N,59,261,2,8.35,0.5,0.5,1.32,0.0,0.3,12.97,2.5
2,2023-01-04 14:30:51,2023-01-04 14:43:19,1,1.91,1,N,120,114,1,11.38,0.5,0.5,2.94,0.0,0.3,15.12,0.0
2,2023-01-11 17:59:16,2023-01-11 18:15:24,2,2.81,1,N,101,163,2,14.04,0.0,0.5,1.94,0.0,0.3,16.78,0.0
1,2023-01-28 14:33:40,2023-01-28 14:48:58,1,4.98,1,N,76,113,1,19.84,1.0,0.5,0.0,0.0,0.3,23.14,2.5
2,2023-01-15 17:30:41,2023-01-15 17:34:46,2,0.77,1,N,36,53,2,5.74,1.0,0.5,1.26,0.0,0.3,10.3,2.5
2,2023-01-01 19:27:42,2023-01-01 19:38:39,1,2.32,1,N,54,54,1,12.33,0.0,0.5,1.65,0.0,0.3,17.28,2.5
1,2023-01-27 22:22:51,2023-01-27 22:51:47,2,3.99,1,N,132,33,1,19.98,0.0,0.5,3.46,0.0,0.3,26.74,2.5
1,2023-01-21 12:26:52,2023-01-21 12:33:01,1,1.17,1,N,67,151,1,7.29,1.0,0.5,1.38,0.0,0.3,11.97,2.5
2,2023-01-29 08:27:00,2023-01-29 08:39:49,2,2.02,1,N,237,17,1,11.02,0.5,0.5,2.14,0.0,0.3,13.96,0.0
1,2023-01-01 10:45:50,2023-01-01 11:04:37,2,3.32,1,N,224,117,1,16.09,1.0,0.5,2.76,11.35,0.3,33.5,2.5
1,2023-01-05 08:02:12,2023-01-05 08:12:45,1,2.36,1,N,67,101,2,11.34,0.0,0.5,2.33,0.0,0.3,16.97,2.5
1,2023-01-16 13:30:38,2023-01-16 13:57:29,2,3.88,2,N,163,113,2,19.66,0.5,0.5,0.0,0.0,0.3,20.46,0.0
1,2023-01-06 20:32:40,2023-01-06 20:49:22,3,2.51,1,N,234,7,1,13.21,0.5,0.5,2.52,0.0,0.3,19.03,2.5
2,2023-01-17 12:45:03,2023-01-17 12:57:47,1,1.85,1,N,162,237,2,11.2,0.5,0.5,0.0,0.0,0.3,14.5,2.5
2,2023-01-11 08:39:17,2023-01-11 08:46:00,2,0.97,1,N,236,223,1,7.87,0.0,0.5,0.0,0.0,0.3,8.67,0.0
2,2023-01-07 15:25:54,2023-01-07 15:41:00,1,2.82,1,N,100,102,1,13.87,0.5,0.5,0.0,0.0,0.3,14.67,0.0
1,2023-01-24 23:06:08,2023-01-24 23:22:41,2,2.52,1,N,67,114,1,14.55,0.5,0.5,0.0,0.0,0.3,17.85,2.5
1,2023-01-02 08:22:13,2023-01-02 08:25:48,3,1.11,1,N,121,132,1,7.24,0.0,0.5,1.05,0.0,0.3,11.59,2.5
1,2023-01-28 19:15:04,2023-01-28 19:22:33,2,3.62,4,N,101,78,2,14.99,1.0,0.5,1.85,0.0,0.3,17.64,0.0
1,2023-01-05 20:12:10,2023-01-05 20:55:11,1,6.06,1,N,45,128,1,28.88,0.0,0.5,4.41,0.0,0.3,36.59,2.5
2,2023-01-18 13:43:38,2023-01-18 13:50:57,1,1.43,1,N,236,246,2,7.57,0.5,0.5,1.31,0.0,0.3,12.18,2.5
1,2023-01-31 17:28:50,2023-01-31 17:34:04,1,1.36,1,N,236,158,2,7.36,0.0,0.5,1.75,0.0,0.3,12.41,2.5
2,2023-01-04 13:47:35,2023-01-04 13:55:56,1,1.32,2,N,128,59,2,8.09,0.5,0.5,1.13,0.0,0.3,10.02,0.0
2,2023-01-29 10:08:17,2023-01-29 10:13:47,2,0.66,1,N,76,129,3,5.55,0.0,0.5,0.0,0.0,0.3,8.85,2.5
1,2023-01-10 13:59:51,2023-01-10 14:30:56,2,10.52,1,N,261,72,1,35.98,1.0,0.5,4.11,0.0,0.3,43.39,2.5
1,2023-01-23 07:28:22,2023-01-23 07:35:43,2,1.67,1,N,223,36,1,9.53,0.5,0.5,1.22,0.0,0.3,11.55,0.0
1,2023-01-27 18:15:18,2023-01-27 18:21:32,1,1.23,1,N,224,132,2,6.7,1.0,0.5,1.06,10.07,0.3,21.13,2.5
